train_line_id,train_line_name,shape_id,latitude,longitude,sequence_order
ALM,Alamein,2-ALM-vpt-1.24.R,-37.86818462,145.07969648,1
ALM,Alamein,2-ALM-vpt-1.24.R,-37.86791019,145.07974521,2
ALM,Alamein,2-ALM-vpt-1.24.R,-37.86726871,145.07986577,3
ALM,Alamein,2-ALM-vpt-1.24.R,-37.8669585,145.0799194,4
ALM,Alamein,2-ALM-vpt-1.24.R,-37.86633393,145.08002133,5
ALM,Alamein,2-ALM-vpt-1.24.R,-37.86619178,145.0800473,6
ALM,Alamein,2-ALM-vpt-1.24.R,-37.86442306,145.08038046,7
ALM,Alamein,2-ALM-vpt-1.24.R,-37.86425033,145.08041541,8
ALM,Alamein,2-ALM-vpt-1.24.R,-37.8640971,145.08045223,9
ALM,Alamein,2-ALM-vpt-1.24.R,-37.86398369,145.08048303,10
ALM,Alamein,2-ALM-vpt-1.24.R,-37.86385766,145.08052449,11
ALM,Alamein,2-ALM-vpt-1.24.R,-37.86372297,145.08057095,12
ALM,Alamein,2-ALM-vpt-1.24.R,-37.86362258,145.08060959,13
ALM,Alamein,2-ALM-vpt-1.24.R,-37.86198344,145.0813247,14
ALM,Alamein,2-ALM-vpt-1.24.R,-37.86111658,145.08170536,15
ALM,Alamein,2-ALM-vpt-1.24.R,-37.86094902,145.08178108,16
ALM,Alamein,2-ALM-vpt-1.24.R,-37.86088777,145.08180495,17
ALM,Alamein,2-ALM-vpt-1.24.R,-37.86079829,145.08183307,18
ALM,Alamein,2-ALM-vpt-1.24.R,-37.86064775,145.08187506,19
ALM,Alamein,2-ALM-vpt-1.24.R,-37.86054319,145.08191221,20
ALM,Alamein,2-ALM-vpt-1.24.R,-37.86043371,145.0819571,21
ALM,Alamein,2-ALM-vpt-1.24.R,-37.8588548,145.08264638,22
ALM,Alamein,2-ALM-vpt-1.24.R,-37.85867508,145.08272265,23
ALM,Alamein,2-ALM-vpt-1.24.R,-37.858486,145.08279915,24
ALM,Alamein,2-ALM-vpt-1.24.R,-37.8583389,145.08285321,25
ALM,Alamein,2-ALM-vpt-1.24.R,-37.85821118,145.0828963,26
ALM,Alamein,2-ALM-vpt-1.24.R,-37.85809651,145.08293234,27
ALM,Alamein,2-ALM-vpt-1.24.R,-37.85797072,145.08296675,28
ALM,Alamein,2-ALM-vpt-1.24.R,-37.85776833,145.08301166,29
ALM,Alamein,2-ALM-vpt-1.24.R,-37.85752387,145.08305277,30
ALM,Alamein,2-ALM-vpt-1.24.R,-37.85741382,145.08306813,31
ALM,Alamein,2-ALM-vpt-1.24.R,-37.85717613,145.08308758,32
ALM,Alamein,2-ALM-vpt-1.24.R,-37.85697042,145.08309462,33
ALM,Alamein,2-ALM-vpt-1.24.R,-37.85676526,145.08309175,34
ALM,Alamein,2-ALM-vpt-1.24.R,-37.85664514,145.08308656,35
ALM,Alamein,2-ALM-vpt-1.24.R,-37.8565494,145.08307881,36
ALM,Alamein,2-ALM-vpt-1.24.R,-37.85643983,145.08306904,37
ALM,Alamein,2-ALM-vpt-1.24.R,-37.8563349,145.08305562,38
ALM,Alamein,2-ALM-vpt-1.24.R,-37.85614606,145.08302573,39
ALM,Alamein,2-ALM-vpt-1.24.R,-37.85595266,145.08298652,40
ALM,Alamein,2-ALM-vpt-1.24.R,-37.85569499,145.0829192,41
ALM,Alamein,2-ALM-vpt-1.24.R,-37.85558613,145.08288588,42
ALM,Alamein,2-ALM-vpt-1.24.R,-37.85546897,145.08284664,43
ALM,Alamein,2-ALM-vpt-1.24.R,-37.85529349,145.08277935,44
ALM,Alamein,2-ALM-vpt-1.24.R,-37.855098,145.08269462,45
ALM,Alamein,2-ALM-vpt-1.24.R,-37.85486518,145.08258143,46
ALM,Alamein,2-ALM-vpt-1.24.R,-37.85455193,145.08240485,47
ALM,Alamein,2-ALM-vpt-1.24.R,-37.85425317,145.08221551,48
ALM,Alamein,2-ALM-vpt-1.24.R,-37.85154892,145.08047019,49
ALM,Alamein,2-ALM-vpt-1.24.R,-37.84948429,145.07913299,50
ALM,Alamein,2-ALM-vpt-1.24.R,-37.84693874,145.07748945,51
ALM,Alamein,2-ALM-vpt-1.24.R,-37.84603718,145.07690396,52
ALM,Alamein,2-ALM-vpt-1.24.R,-37.8457238,145.07669231,53
ALM,Alamein,2-ALM-vpt-1.24.R,-37.84536771,145.07643665,54
ALM,Alamein,2-ALM-vpt-1.24.R,-37.84464734,145.07588738,55
ALM,Alamein,2-ALM-vpt-1.24.R,-37.84443351,145.07572861,56
ALM,Alamein,2-ALM-vpt-1.24.R,-37.84433788,145.07566166,57
ALM,Alamein,2-ALM-vpt-1.24.R,-37.84417086,145.07554975,58
ALM,Alamein,2-ALM-vpt-1.24.R,-37.84403724,145.07546333,59
ALM,Alamein,2-ALM-vpt-1.24.R,-37.84390279,145.07538091,60
ALM,Alamein,2-ALM-vpt-1.24.R,-37.8436082,145.07520493,61
ALM,Alamein,2-ALM-vpt-1.24.R,-37.84349724,145.07514315,62
ALM,Alamein,2-ALM-vpt-1.24.R,-37.84332953,145.07505489,63
ALM,Alamein,2-ALM-vpt-1.24.R,-37.84288646,145.07483152,64
ALM,Alamein,2-ALM-vpt-1.24.R,-37.84272281,145.07474372,65
ALM,Alamein,2-ALM-vpt-1.24.R,-37.84256406,145.07465251,66
ALM,Alamein,2-ALM-vpt-1.24.R,-37.84236126,145.07452914,67
ALM,Alamein,2-ALM-vpt-1.24.R,-37.84170807,145.07410987,68
ALM,Alamein,2-ALM-vpt-1.24.R,-37.84083374,145.07354272,69
ALM,Alamein,2-ALM-vpt-1.24.R,-37.84030333,145.07320311,70
ALM,Alamein,2-ALM-vpt-1.24.R,-37.83895373,145.07232893,71
ALM,Alamein,2-ALM-vpt-1.24.R,-37.83834118,145.07194273,72
ALM,Alamein,2-ALM-vpt-1.24.R,-37.83666223,145.07089502,73
ALM,Alamein,2-ALM-vpt-1.24.R,-37.83615151,145.07056982,74
ALM,Alamein,2-ALM-vpt-1.24.R,-37.83566821,145.07025686,75
ALM,Alamein,2-ALM-vpt-1.24.R,-37.83498968,145.06982105,76
ALM,Alamein,2-ALM-vpt-1.24.R,-37.83486247,145.06974608,77
ALM,Alamein,2-ALM-vpt-1.24.R,-37.83474733,145.06968204,78
ALM,Alamein,2-ALM-vpt-1.24.R,-37.83453572,145.06957188,79
ALM,Alamein,2-ALM-vpt-1.24.R,-37.83443792,145.06952614,80
ALM,Alamein,2-ALM-vpt-1.24.R,-37.83433129,145.06948097,81
ALM,Alamein,2-ALM-vpt-1.24.R,-37.83424212,145.0694458,82
ALM,Alamein,2-ALM-vpt-1.24.R,-37.83415557,145.06941578,83
ALM,Alamein,2-ALM-vpt-1.24.R,-37.83406228,145.06938765,84
ALM,Alamein,2-ALM-vpt-1.24.R,-37.8339516,145.06935906,85
ALM,Alamein,2-ALM-vpt-1.24.R,-37.83385591,145.06933826,86
ALM,Alamein,2-ALM-vpt-1.24.R,-37.83376067,145.06932245,87
ALM,Alamein,2-ALM-vpt-1.24.R,-37.83367544,145.06931263,88
ALM,Alamein,2-ALM-vpt-1.24.R,-37.8335806,145.06930521,89
ALM,Alamein,2-ALM-vpt-1.24.R,-37.83343347,145.06930166,90
ALM,Alamein,2-ALM-vpt-1.24.R,-37.83334356,145.06930333,91
ALM,Alamein,2-ALM-vpt-1.24.R,-37.83324022,145.06931091,92
ALM,Alamein,2-ALM-vpt-1.24.R,-37.83313078,145.06932489,93
ALM,Alamein,2-ALM-vpt-1.24.R,-37.83270872,145.06939964,94
ALM,Alamein,2-ALM-vpt-1.24.R,-37.83130286,145.06966342,95
ALM,Alamein,2-ALM-vpt-1.24.R,-37.83102186,145.06971187,96
ALM,Alamein,2-ALM-vpt-1.24.R,-37.83071591,145.06975655,97
ALM,Alamein,2-ALM-vpt-1.24.R,-37.83054093,145.0697802,98
ALM,Alamein,2-ALM-vpt-1.24.R,-37.82996536,145.06984701,99
ALM,Alamein,2-ALM-vpt-1.24.R,-37.82963218,145.06989034,100
ALM,Alamein,2-ALM-vpt-1.24.R,-37.82934772,145.06993184,101
ALM,Alamein,2-ALM-vpt-1.24.R,-37.82882198,145.07002053,102
ALM,Alamein,2-ALM-vpt-1.24.R,-37.82856692,145.07005763,103
ALM,Alamein,2-ALM-vpt-1.24.R,-37.82846749,145.07006715,104
ALM,Alamein,2-ALM-vpt-1.24.R,-37.82839024,145.07007132,105
ALM,Alamein,2-ALM-vpt-1.24.R,-37.82832728,145.07007353,106
ALM,Alamein,2-ALM-vpt-1.24.R,-37.82825913,145.07007212,107
ALM,Alamein,2-ALM-vpt-1.24.R,-37.82815086,145.07006415,108
ALM,Alamein,2-ALM-vpt-1.24.R,-37.82808106,145.07005586,109
ALM,Alamein,2-ALM-vpt-1.24.R,-37.82795246,145.07003387,110
ALM,Alamein,2-ALM-vpt-1.24.R,-37.82787233,145.07001676,111
ALM,Alamein,2-ALM-vpt-1.24.R,-37.82777602,145.06999041,112
ALM,Alamein,2-ALM-vpt-1.24.R,-37.82770354,145.06996696,113
ALM,Alamein,2-ALM-vpt-1.24.R,-37.82764517,145.06994689,114
ALM,Alamein,2-ALM-vpt-1.24.R,-37.8275736,145.06991853,115
ALM,Alamein,2-ALM-vpt-1.24.R,-37.82748506,145.06987755,116
ALM,Alamein,2-ALM-vpt-1.24.R,-37.82740847,145.06983944,117
ALM,Alamein,2-ALM-vpt-1.24.R,-37.82734406,145.06980249,118
ALM,Alamein,2-ALM-vpt-1.24.R,-37.82727613,145.06975961,119
ALM,Alamein,2-ALM-vpt-1.24.R,-37.82720996,145.06971441,120
ALM,Alamein,2-ALM-vpt-1.24.R,-37.8271054,145.06963635,121
ALM,Alamein,2-ALM-vpt-1.24.R,-37.82698826,145.06953272,122
ALM,Alamein,2-ALM-vpt-1.24.R,-37.8269055,145.06944808,123
ALM,Alamein,2-ALM-vpt-1.24.R,-37.82678447,145.06931057,124
ALM,Alamein,2-ALM-vpt-1.24.R,-37.82668321,145.06917562,125
ALM,Alamein,2-ALM-vpt-1.24.R,-37.8266325,145.06909991,126
ALM,Alamein,2-ALM-vpt-1.24.R,-37.82651904,145.06890757,127
ALM,Alamein,2-ALM-vpt-1.24.R,-37.82646812,145.0688088,128
ALM,Alamein,2-ALM-vpt-1.24.R,-37.82641353,145.06868934,129
ALM,Alamein,2-ALM-vpt-1.24.R,-37.82635243,145.06853528,130
ALM,Alamein,2-ALM-vpt-1.24.R,-37.82631367,145.06842494,131
ALM,Alamein,2-ALM-vpt-1.24.R,-37.82627352,145.06829011,132
ALM,Alamein,2-ALM-vpt-1.24.R,-37.82622471,145.06808392,133
ALM,Alamein,2-ALM-vpt-1.24.R,-37.82620241,145.06797145,134
ALM,Alamein,2-ALM-vpt-1.24.R,-37.82618312,145.06783926,135
ALM,Alamein,2-ALM-vpt-1.24.R,-37.82616619,145.0676753,136
ALM,Alamein,2-ALM-vpt-1.24.R,-37.82615922,145.06756357,137
ALM,Alamein,2-ALM-vpt-1.24.R,-37.82615628,145.06747207,138
ALM,Alamein,2-ALM-vpt-1.24.R,-37.82615797,145.06730104,139
ALM,Alamein,2-ALM-vpt-1.24.R,-37.82616751,145.06716252,140
ALM,Alamein,2-ALM-vpt-1.24.R,-37.82617772,145.06705443,141
ALM,Alamein,2-ALM-vpt-1.24.R,-37.82619742,145.06690985,142
ALM,Alamein,2-ALM-vpt-1.24.R,-37.82623229,145.06669535,143
ALM,Alamein,2-ALM-vpt-1.24.R,-37.82644336,145.06549983,144
ALM,Alamein,2-ALM-vpt-1.24.R,-37.82645986,145.0653909,145
ALM,Alamein,2-ALM-vpt-1.24.R,-37.82647777,145.06524682,146
ALM,Alamein,2-ALM-vpt-1.24.R,-37.82649586,145.06500958,147
ALM,Alamein,2-ALM-vpt-1.24.R,-37.82650189,145.06484445,148
ALM,Alamein,2-ALM-vpt-1.24.R,-37.82650254,145.0646539,149
ALM,Alamein,2-ALM-vpt-1.24.R,-37.82648728,145.064323,150
ALM,Alamein,2-ALM-vpt-1.24.R,-37.8264856,145.06418795,151
ALM,Alamein,2-ALM-vpt-1.24.R,-37.8265358,145.06266488,152
ALM,Alamein,2-ALM-vpt-1.24.R,-37.82659179,145.06083795,153
ALM,Alamein,2-ALM-vpt-1.24.R,-37.82660576,145.06053185,154
ALM,Alamein,2-ALM-vpt-1.24.R,-37.82661648,145.06038353,155
ALM,Alamein,2-ALM-vpt-1.24.R,-37.82667516,145.05984845,156
ALM,Alamein,2-ALM-vpt-1.24.R,-37.82669292,145.05966859,157
ALM,Alamein,2-ALM-vpt-1.24.R,-37.82671849,145.05936059,158
ALM,Alamein,2-ALM-vpt-1.24.R,-37.82672526,145.05923021,159
ALM,Alamein,2-ALM-vpt-1.24.R,-37.82672838,145.05910788,160
ALM,Alamein,2-ALM-vpt-1.24.R,-37.82673341,145.05870248,161
ALM,Alamein,2-ALM-vpt-1.24.R,-37.82672846,145.05848969,162
ALM,Alamein,2-ALM-vpt-1.24.R,-37.82672179,145.0583533,163
ALM,Alamein,2-ALM-vpt-1.24.R,-37.82669922,145.0580502,164
ALM,Alamein,2-ALM-vpt-1.24.R,-37.82664591,145.05748965,165
ALM,Alamein,2-ALM-vpt-1.24.R,-37.82663114,145.05728281,166
ALM,Alamein,2-ALM-vpt-1.24.R,-37.82660378,145.0569954,167
ALM,Alamein,2-ALM-vpt-1.24.R,-37.82656932,145.05674226,168
ALM,Alamein,2-ALM-vpt-1.24.R,-37.82655093,145.05664367,169
ALM,Alamein,2-ALM-vpt-1.24.R,-37.82652623,145.05653933,170
ALM,Alamein,2-ALM-vpt-1.24.R,-37.82649137,145.0564147,171
ALM,Alamein,2-ALM-vpt-1.24.R,-37.82644722,145.05626793,172
ALM,Alamein,2-ALM-vpt-1.24.R,-37.82635066,145.05597587,173
ALM,Alamein,2-ALM-vpt-1.24.R,-37.82626077,145.05572804,174
ALM,Alamein,2-ALM-vpt-1.24.R,-37.82616432,145.05549755,175
ALM,Alamein,2-ALM-vpt-1.24.R,-37.82610398,145.05536905,176
ALM,Alamein,2-ALM-vpt-1.24.R,-37.8260185,145.05520246,177
ALM,Alamein,2-ALM-vpt-1.24.R,-37.82596708,145.05511156,178
ALM,Alamein,2-ALM-vpt-1.24.R,-37.82588269,145.05497323,179
ALM,Alamein,2-ALM-vpt-1.24.R,-37.82582887,145.05489011,180
ALM,Alamein,2-ALM-vpt-1.24.R,-37.825735,145.0547559,181
ALM,Alamein,2-ALM-vpt-1.24.R,-37.82567898,145.05468114,182
ALM,Alamein,2-ALM-vpt-1.24.R,-37.82552386,145.05448877,183
ALM,Alamein,2-ALM-vpt-1.24.R,-37.82540442,145.05435614,184
ALM,Alamein,2-ALM-vpt-1.24.R,-37.82528082,145.05422771,185
ALM,Alamein,2-ALM-vpt-1.24.R,-37.82515088,145.05410286,186
ALM,Alamein,2-ALM-vpt-1.24.R,-37.82482682,145.05380359,187
ALM,Alamein,2-ALM-vpt-1.24.R,-37.82473508,145.05372181,188
ALM,Alamein,2-ALM-vpt-1.24.R,-37.8246164,145.05360234,189
ALM,Alamein,2-ALM-vpt-1.24.R,-37.82453621,145.05351583,190
ALM,Alamein,2-ALM-vpt-1.24.R,-37.82442833,145.05339029,191
ALM,Alamein,2-ALM-vpt-1.24.R,-37.8243587,145.05330486,192
ALM,Alamein,2-ALM-vpt-1.24.R,-37.82427652,145.05319659,193
ALM,Alamein,2-ALM-vpt-1.24.R,-37.82421121,145.05310503,194
ALM,Alamein,2-ALM-vpt-1.24.R,-37.82408382,145.05291127,195
ALM,Alamein,2-ALM-vpt-1.24.R,-37.82396789,145.05271277,196
ALM,Alamein,2-ALM-vpt-1.24.R,-37.82392094,145.05262561,197
ALM,Alamein,2-ALM-vpt-1.24.R,-37.82382631,145.05243473,198
ALM,Alamein,2-ALM-vpt-1.24.R,-37.82376991,145.05231033,199
ALM,Alamein,2-ALM-vpt-1.24.R,-37.82369339,145.05212443,200
ALM,Alamein,2-ALM-vpt-1.24.R,-37.82361339,145.05190261,201
ALM,Alamein,2-ALM-vpt-1.24.R,-37.82355631,145.05172063,202
ALM,Alamein,2-ALM-vpt-1.24.R,-37.82350269,145.0515247,203
ALM,Alamein,2-ALM-vpt-1.24.R,-37.82347709,145.05142085,204
ALM,Alamein,2-ALM-vpt-1.24.R,-37.82343306,145.05122183,205
ALM,Alamein,2-ALM-vpt-1.24.R,-37.82336514,145.05085347,206
ALM,Alamein,2-ALM-vpt-1.24.R,-37.82306568,145.04907995,207
ALM,Alamein,2-ALM-vpt-1.24.R,-37.82276497,145.04737385,208
ALM,Alamein,2-ALM-vpt-1.24.R,-37.82269702,145.04693336,209
ALM,Alamein,2-ALM-vpt-1.24.R,-37.82261579,145.04631803,210
ALM,Alamein,2-ALM-vpt-1.24.R,-37.82256653,145.04590716,211
ALM,Alamein,2-ALM-vpt-1.24.R,-37.82247847,145.04517352,212
ALM,Alamein,2-ALM-vpt-1.24.R,-37.82242046,145.0446645,213
ALM,Alamein,2-ALM-vpt-1.24.R,-37.82238739,145.04434488,214
ALM,Alamein,2-ALM-vpt-1.24.R,-37.82236021,145.04404294,215
ALM,Alamein,2-ALM-vpt-1.24.R,-37.82233679,145.04372909,216
ALM,Alamein,2-ALM-vpt-1.24.R,-37.82229212,145.04300988,217
ALM,Alamein,2-ALM-vpt-1.24.R,-37.82225876,145.04257485,218
ALM,Alamein,2-ALM-vpt-1.24.R,-37.82223912,145.04233145,219
ALM,Alamein,2-ALM-vpt-1.24.R,-37.8222034,145.04199895,220
ALM,Alamein,2-ALM-vpt-1.24.R,-37.82196517,145.04004585,221
ALM,Alamein,2-ALM-vpt-1.24.R,-37.82183361,145.03908889,222
ALM,Alamein,2-ALM-vpt-1.24.R,-37.82177694,145.03860824,223
ALM,Alamein,2-ALM-vpt-1.24.R,-37.82175637,145.03841202,224
ALM,Alamein,2-ALM-vpt-1.24.R,-37.82173873,145.03814846,225
ALM,Alamein,2-ALM-vpt-1.24.R,-37.82170924,145.03756848,226
ALM,Alamein,2-ALM-vpt-1.24.R,-37.82169752,145.03726557,227
ALM,Alamein,2-ALM-vpt-1.24.R,-37.8216768,145.03693075,228
ALM,Alamein,2-ALM-vpt-1.24.R,-37.82164511,145.03661395,229
ALM,Alamein,2-ALM-vpt-1.24.R,-37.82161639,145.03638863,230
ALM,Alamein,2-ALM-vpt-1.24.R,-37.82155957,145.03596956,231
ALM,Alamein,2-ALM-vpt-1.24.R,-37.82153317,145.03569965,232
ALM,Alamein,2-ALM-vpt-1.24.R,-37.8214484,145.03502105,233
ALM,Alamein,2-ALM-vpt-1.24.R,-37.82141987,145.03475324,234
ALM,Alamein,2-ALM-vpt-1.24.R,-37.82139457,145.03446887,235
ALM,Alamein,2-ALM-vpt-1.24.R,-37.82137797,145.0342354,236
ALM,Alamein,2-ALM-vpt-1.24.R,-37.8213577,145.03378264,237
ALM,Alamein,2-ALM-vpt-1.24.R,-37.82133896,145.03308139,238
ALM,Alamein,2-ALM-vpt-1.24.R,-37.8213256,145.03276205,239
ALM,Alamein,2-ALM-vpt-1.24.R,-37.82131049,145.03246174,240
ALM,Alamein,2-ALM-vpt-1.24.R,-37.82127119,145.03201347,241
ALM,Alamein,2-ALM-vpt-1.24.R,-37.82121479,145.03151862,242
ALM,Alamein,2-ALM-vpt-1.24.R,-37.82103636,145.03007988,243
ALM,Alamein,2-ALM-vpt-1.24.R,-37.82096499,145.02955237,244
ALM,Alamein,2-ALM-vpt-1.24.R,-37.82084377,145.02879784,245
ALM,Alamein,2-ALM-vpt-1.24.R,-37.82079427,145.028463,246
ALM,Alamein,2-ALM-vpt-1.24.R,-37.82070913,145.02778045,247
ALM,Alamein,2-ALM-vpt-1.24.R,-37.82067917,145.02749826,248
ALM,Alamein,2-ALM-vpt-1.24.R,-37.82065127,145.02717227,249
ALM,Alamein,2-ALM-vpt-1.24.R,-37.82064433,145.02701136,250
ALM,Alamein,2-ALM-vpt-1.24.R,-37.82064063,145.02684957,251
ALM,Alamein,2-ALM-vpt-1.24.R,-37.8206413,145.02669062,252
ALM,Alamein,2-ALM-vpt-1.24.R,-37.82065764,145.02637493,253
ALM,Alamein,2-ALM-vpt-1.24.R,-37.8206745,145.02619805,254
ALM,Alamein,2-ALM-vpt-1.24.R,-37.82069866,145.02599439,255
ALM,Alamein,2-ALM-vpt-1.24.R,-37.82072841,145.02580115,256
ALM,Alamein,2-ALM-vpt-1.24.R,-37.82076966,145.02556864,257
ALM,Alamein,2-ALM-vpt-1.24.R,-37.82081549,145.02535168,258
ALM,Alamein,2-ALM-vpt-1.24.R,-37.82086701,145.02514559,259
ALM,Alamein,2-ALM-vpt-1.24.R,-37.82093548,145.02492439,260
ALM,Alamein,2-ALM-vpt-1.24.R,-37.82100554,145.0247278,261
ALM,Alamein,2-ALM-vpt-1.24.R,-37.82106347,145.02458152,262
ALM,Alamein,2-ALM-vpt-1.24.R,-37.82121231,145.02425196,263
ALM,Alamein,2-ALM-vpt-1.24.R,-37.82139871,145.02391048,264
ALM,Alamein,2-ALM-vpt-1.24.R,-37.82150873,145.02372714,265
ALM,Alamein,2-ALM-vpt-1.24.R,-37.82160051,145.0235895,266
ALM,Alamein,2-ALM-vpt-1.24.R,-37.82175942,145.02336055,267
ALM,Alamein,2-ALM-vpt-1.24.R,-37.82216208,145.0228138,268
ALM,Alamein,2-ALM-vpt-1.24.R,-37.82228418,145.02264161,269
ALM,Alamein,2-ALM-vpt-1.24.R,-37.82292734,145.02180396,270
ALM,Alamein,2-ALM-vpt-1.24.R,-37.82331727,145.0212564,271
ALM,Alamein,2-ALM-vpt-1.24.R,-37.82369767,145.02071,272
ALM,Alamein,2-ALM-vpt-1.24.R,-37.82399166,145.02029326,273
ALM,Alamein,2-ALM-vpt-1.24.R,-37.82434427,145.01976122,274
ALM,Alamein,2-ALM-vpt-1.24.R,-37.82468319,145.0192033,275
ALM,Alamein,2-ALM-vpt-1.24.R,-37.82498831,145.01864538,276
ALM,Alamein,2-ALM-vpt-1.24.R,-37.8255646,145.01763255,277
ALM,Alamein,2-ALM-vpt-1.24.R,-37.82618208,145.01656135,278
ALM,Alamein,2-ALM-vpt-1.24.R,-37.82643907,145.01613205,279
ALM,Alamein,2-ALM-vpt-1.24.R,-37.82668314,145.01573832,280
ALM,Alamein,2-ALM-vpt-1.24.R,-37.82680633,145.01553505,281
ALM,Alamein,2-ALM-vpt-1.24.R,-37.82695002,145.01526989,282
ALM,Alamein,2-ALM-vpt-1.24.R,-37.82704097,145.01507885,283
ALM,Alamein,2-ALM-vpt-1.24.R,-37.8271757,145.01476905,284
ALM,Alamein,2-ALM-vpt-1.24.R,-37.82723767,145.01461207,285
ALM,Alamein,2-ALM-vpt-1.24.R,-37.82735423,145.01428833,286
ALM,Alamein,2-ALM-vpt-1.24.R,-37.82741157,145.01411875,287
ALM,Alamein,2-ALM-vpt-1.24.R,-37.82750833,145.01381814,288
ALM,Alamein,2-ALM-vpt-1.24.R,-37.82759747,145.01351967,289
ALM,Alamein,2-ALM-vpt-1.24.R,-37.82764527,145.01334035,290
ALM,Alamein,2-ALM-vpt-1.24.R,-37.82771696,145.01304405,291
ALM,Alamein,2-ALM-vpt-1.24.R,-37.82776836,145.01279521,292
ALM,Alamein,2-ALM-vpt-1.24.R,-37.82779056,145.01266862,293
ALM,Alamein,2-ALM-vpt-1.24.R,-37.82781784,145.01250155,294
ALM,Alamein,2-ALM-vpt-1.24.R,-37.82784981,145.01227085,295
ALM,Alamein,2-ALM-vpt-1.24.R,-37.82787644,145.01202779,296
ALM,Alamein,2-ALM-vpt-1.24.R,-37.82789442,145.01179575,297
ALM,Alamein,2-ALM-vpt-1.24.R,-37.82790734,145.01157885,298
ALM,Alamein,2-ALM-vpt-1.24.R,-37.82791509,145.01135516,299
ALM,Alamein,2-ALM-vpt-1.24.R,-37.82791708,145.01104085,300
ALM,Alamein,2-ALM-vpt-1.24.R,-37.82790983,145.01073405,301
ALM,Alamein,2-ALM-vpt-1.24.R,-37.8278986,145.01050689,302
ALM,Alamein,2-ALM-vpt-1.24.R,-37.82782544,145.00976126,303
ALM,Alamein,2-ALM-vpt-1.24.R,-37.82776821,145.00928652,304
ALM,Alamein,2-ALM-vpt-1.24.R,-37.82759324,145.00769617,305
ALM,Alamein,2-ALM-vpt-1.24.R,-37.82747527,145.00663646,306
ALM,Alamein,2-ALM-vpt-1.24.R,-37.82737748,145.00554986,307
ALM,Alamein,2-ALM-vpt-1.24.R,-37.82730487,145.00469004,308
ALM,Alamein,2-ALM-vpt-1.24.R,-37.82725202,145.00415066,309
ALM,Alamein,2-ALM-vpt-1.24.R,-37.82720631,145.00373992,310
ALM,Alamein,2-ALM-vpt-1.24.R,-37.82713633,145.00315226,311
ALM,Alamein,2-ALM-vpt-1.24.R,-37.82710839,145.00286511,312
ALM,Alamein,2-ALM-vpt-1.24.R,-37.82706568,145.00246724,313
ALM,Alamein,2-ALM-vpt-1.24.R,-37.82671684,144.99932033,314
ALM,Alamein,2-ALM-vpt-1.24.R,-37.82659608,144.99824925,315
ALM,Alamein,2-ALM-vpt-1.24.R,-37.8265623,144.99791636,316
ALM,Alamein,2-ALM-vpt-1.24.R,-37.82643498,144.99678878,317
ALM,Alamein,2-ALM-vpt-1.24.R,-37.82624231,144.99500446,318
ALM,Alamein,2-ALM-vpt-1.24.R,-37.8261941,144.99461846,319
ALM,Alamein,2-ALM-vpt-1.24.R,-37.82616627,144.99444504,320
ALM,Alamein,2-ALM-vpt-1.24.R,-37.82614173,144.99432164,321
ALM,Alamein,2-ALM-vpt-1.24.R,-37.82610893,144.9941788,322
ALM,Alamein,2-ALM-vpt-1.24.R,-37.82607264,144.99404277,323
ALM,Alamein,2-ALM-vpt-1.24.R,-37.82603393,144.99391839,324
ALM,Alamein,2-ALM-vpt-1.24.R,-37.82596892,144.99373678,325
ALM,Alamein,2-ALM-vpt-1.24.R,-37.82589351,144.99355795,326
ALM,Alamein,2-ALM-vpt-1.24.R,-37.82583393,144.9934355,327
ALM,Alamein,2-ALM-vpt-1.24.R,-37.82580634,144.99338171,328
ALM,Alamein,2-ALM-vpt-1.24.R,-37.82572699,144.99324139,329
ALM,Alamein,2-ALM-vpt-1.24.R,-37.82564869,144.99311547,330
ALM,Alamein,2-ALM-vpt-1.24.R,-37.82557723,144.99301015,331
ALM,Alamein,2-ALM-vpt-1.24.R,-37.82546483,144.99285505,332
ALM,Alamein,2-ALM-vpt-1.24.R,-37.82518099,144.99248725,333
ALM,Alamein,2-ALM-vpt-1.24.R,-37.82480593,144.99200696,334
ALM,Alamein,2-ALM-vpt-1.24.R,-37.82468408,144.99185836,335
ALM,Alamein,2-ALM-vpt-1.24.R,-37.82448589,144.99157732,336
ALM,Alamein,2-ALM-vpt-1.24.R,-37.82428172,144.9912251,337
ALM,Alamein,2-ALM-vpt-1.24.R,-37.8241713,144.99100201,338
ALM,Alamein,2-ALM-vpt-1.24.R,-37.82407591,144.99077749,339
ALM,Alamein,2-ALM-vpt-1.24.R,-37.82400911,144.99059104,340
ALM,Alamein,2-ALM-vpt-1.24.R,-37.82388913,144.9901828,341
ALM,Alamein,2-ALM-vpt-1.24.R,-37.82375708,144.98969571,342
ALM,Alamein,2-ALM-vpt-1.24.R,-37.82333952,144.98815786,343
ALM,Alamein,2-ALM-vpt-1.24.R,-37.82330804,144.98803454,344
ALM,Alamein,2-ALM-vpt-1.24.R,-37.82322969,144.98770016,345
ALM,Alamein,2-ALM-vpt-1.24.R,-37.82307914,144.98702771,346
ALM,Alamein,2-ALM-vpt-1.24.R,-37.82302858,144.98682686,347
ALM,Alamein,2-ALM-vpt-1.24.R,-37.82296742,144.98660767,348
ALM,Alamein,2-ALM-vpt-1.24.R,-37.82287636,144.98632589,349
ALM,Alamein,2-ALM-vpt-1.24.R,-37.82280561,144.98613559,350
ALM,Alamein,2-ALM-vpt-1.24.R,-37.8227303,144.9859528,351
ALM,Alamein,2-ALM-vpt-1.24.R,-37.82241993,144.98522051,352
ALM,Alamein,2-ALM-vpt-1.24.R,-37.82221546,144.98475245,353
ALM,Alamein,2-ALM-vpt-1.24.R,-37.82206757,144.98442053,354
ALM,Alamein,2-ALM-vpt-1.24.R,-37.8219485,144.98416111,355
ALM,Alamein,2-ALM-vpt-1.24.R,-37.82184052,144.98393343,356
ALM,Alamein,2-ALM-vpt-1.24.R,-37.82171394,144.98367217,357
ALM,Alamein,2-ALM-vpt-1.24.R,-37.8215987,144.98344719,358
ALM,Alamein,2-ALM-vpt-1.24.R,-37.8213729,144.98302856,359
ALM,Alamein,2-ALM-vpt-1.24.R,-37.82122223,144.98275558,360
ALM,Alamein,2-ALM-vpt-1.24.R,-37.82109459,144.98253264,361
ALM,Alamein,2-ALM-vpt-1.24.R,-37.8208647,144.98215411,362
ALM,Alamein,2-ALM-vpt-1.24.R,-37.82074681,144.98196874,363
ALM,Alamein,2-ALM-vpt-1.24.R,-37.82058028,144.98172255,364
ALM,Alamein,2-ALM-vpt-1.24.R,-37.8202852,144.98126799,365
ALM,Alamein,2-ALM-vpt-1.24.R,-37.8199963,144.98079623,366
ALM,Alamein,2-ALM-vpt-1.24.R,-37.8197867,144.98042921,367
ALM,Alamein,2-ALM-vpt-1.24.R,-37.81956601,144.98006215,368
ALM,Alamein,2-ALM-vpt-1.24.R,-37.81907092,144.97920159,369
ALM,Alamein,2-ALM-vpt-1.24.R,-37.81825757,144.97781909,370
ALM,Alamein,2-ALM-vpt-1.24.R,-37.81808258,144.97752635,371
ALM,Alamein,2-ALM-vpt-1.24.R,-37.81795646,144.97732417,372
ALM,Alamein,2-ALM-vpt-1.24.R,-37.8178188,144.97712197,373
ALM,Alamein,2-ALM-vpt-1.24.R,-37.81769058,144.9769444,374
ALM,Alamein,2-ALM-vpt-1.24.R,-37.8174859,144.97668109,375
ALM,Alamein,2-ALM-vpt-1.24.R,-37.81726073,144.97642608,376
ALM,Alamein,2-ALM-vpt-1.24.R,-37.81699069,144.97616627,377
ALM,Alamein,2-ALM-vpt-1.24.R,-37.81674371,144.97596399,378
ALM,Alamein,2-ALM-vpt-1.24.R,-37.81653498,144.97581088,379
ALM,Alamein,2-ALM-vpt-1.24.R,-37.81628819,144.97565097,380
ALM,Alamein,2-ALM-vpt-1.24.R,-37.81605208,144.97551997,381
ALM,Alamein,2-ALM-vpt-1.24.R,-37.81559533,144.97529764,382
ALM,Alamein,2-ALM-vpt-1.24.R,-37.81274642,144.97393444,383
ALM,Alamein,2-ALM-vpt-1.24.R,-37.81197582,144.97356794,384
ALM,Alamein,2-ALM-vpt-1.24.R,-37.81156392,144.97339132,385
ALM,Alamein,2-ALM-vpt-1.24.R,-37.81091872,144.97309,386
ALM,Alamein,2-ALM-vpt-1.24.R,-37.81022728,144.97276735,387
ALM,Alamein,2-ALM-vpt-1.24.R,-37.80972417,144.97249634,388
ALM,Alamein,2-ALM-vpt-1.24.R,-37.80942859,144.97232383,389
ALM,Alamein,2-ALM-vpt-1.24.R,-37.80919889,144.97214144,390
ALM,Alamein,2-ALM-vpt-1.24.R,-37.80898189,144.97192702,391
ALM,Alamein,2-ALM-vpt-1.24.R,-37.80879723,144.97170183,392
ALM,Alamein,2-ALM-vpt-1.24.R,-37.80865331,144.97150824,393
ALM,Alamein,2-ALM-vpt-1.24.R,-37.80848607,144.97121591,394
ALM,Alamein,2-ALM-vpt-1.24.R,-37.80836254,144.97094043,395
ALM,Alamein,2-ALM-vpt-1.24.R,-37.80826217,144.970685,396
ALM,Alamein,2-ALM-vpt-1.24.R,-37.80819009,144.97044004,397
ALM,Alamein,2-ALM-vpt-1.24.R,-37.80812909,144.97015843,398
ALM,Alamein,2-ALM-vpt-1.24.R,-37.80809134,144.96991321,399
ALM,Alamein,2-ALM-vpt-1.24.R,-37.80807133,144.96972998,400
ALM,Alamein,2-ALM-vpt-1.24.R,-37.80806295,144.96963116,401
ALM,Alamein,2-ALM-vpt-1.24.R,-37.80805596,144.96938748,402
ALM,Alamein,2-ALM-vpt-1.24.R,-37.80806749,144.96910525,403
ALM,Alamein,2-ALM-vpt-1.24.R,-37.80808979,144.96888269,404
ALM,Alamein,2-ALM-vpt-1.24.R,-37.80813263,144.96860267,405
ALM,Alamein,2-ALM-vpt-1.24.R,-37.80823661,144.96818387,406
ALM,Alamein,2-ALM-vpt-1.24.R,-37.80867589,144.96669316,407
ALM,Alamein,2-ALM-vpt-1.24.R,-37.80990601,144.96248675,408
ALM,Alamein,2-ALM-vpt-1.24.R,-37.81017086,144.96153907,409
ALM,Alamein,2-ALM-vpt-1.24.R,-37.8105657,144.96016696,410
ALM,Alamein,2-ALM-vpt-1.24.R,-37.81199681,144.95514036,411
ALM,Alamein,2-ALM-vpt-1.24.R,-37.81226553,144.95420592,412
ALM,Alamein,2-ALM-vpt-1.24.R,-37.81272533,144.95257374,413
ALM,Alamein,2-ALM-vpt-1.24.R,-37.81278112,144.95239261,414
ALM,Alamein,2-ALM-vpt-1.24.R,-37.81298212,144.95181467,415
ALM,Alamein,2-ALM-vpt-1.24.R,-37.81310774,144.95149836,416
ALM,Alamein,2-ALM-vpt-1.24.R,-37.81320192,144.95128107,417
ALM,Alamein,2-ALM-vpt-1.24.R,-37.81333227,144.95104505,418
ALM,Alamein,2-ALM-vpt-1.24.R,-37.81347319,144.95082646,419
ALM,Alamein,2-ALM-vpt-1.24.R,-37.81362997,144.95063334,420
ALM,Alamein,2-ALM-vpt-1.24.R,-37.81377729,144.95048182,421
ALM,Alamein,2-ALM-vpt-1.24.R,-37.81395628,144.95033294,422
ALM,Alamein,2-ALM-vpt-1.24.R,-37.8141178,144.95022056,423
ALM,Alamein,2-ALM-vpt-1.24.R,-37.8143072,144.95011559,424
ALM,Alamein,2-ALM-vpt-1.24.R,-37.81450064,144.95003061,425
ALM,Alamein,2-ALM-vpt-1.24.R,-37.81473111,144.94996516,426
ALM,Alamein,2-ALM-vpt-1.24.R,-37.81493126,144.94992929,427
ALM,Alamein,2-ALM-vpt-1.24.R,-37.81513588,144.94992193,428
ALM,Alamein,2-ALM-vpt-1.24.R,-37.81535367,144.9499359,429
ALM,Alamein,2-ALM-vpt-1.24.R,-37.81552007,144.94996412,430
ALM,Alamein,2-ALM-vpt-1.24.R,-37.81570968,144.95001636,431
ALM,Alamein,2-ALM-vpt-1.24.R,-37.81585539,144.95007764,432
ALM,Alamein,2-ALM-vpt-1.24.R,-37.81604506,144.95016918,433
ALM,Alamein,2-ALM-vpt-1.24.R,-37.81627214,144.95031353,434
ALM,Alamein,2-ALM-vpt-1.24.R,-37.81651369,144.9505019,435
ALM,Alamein,2-ALM-vpt-1.24.R,-37.81770409,144.95147762,436
ALM,Alamein,2-ALM-vpt-1.24.R,-37.81788329,144.9516099,437
ALM,Alamein,2-ALM-vpt-1.24.R,-37.81800824,144.95170573,438
ALM,Alamein,2-ALM-vpt-1.24.R,-37.8183531,144.95197929,439
ALM,Alamein,2-ALM-vpt-1.24.R,-37.81902181,144.95251019,440
ALM,Alamein,2-ALM-vpt-1.24.R,-37.81913511,144.95259441,441
ALM,Alamein,2-ALM-vpt-1.24.R,-37.8192285,144.95265795,442
ALM,Alamein,2-ALM-vpt-1.24.R,-37.81941137,144.95276843,443
ALM,Alamein,2-ALM-vpt-1.24.R,-37.81975173,144.95300043,444
ALM,Alamein,2-ALM-vpt-1.24.R,-37.8198604,144.95307775,445
ALM,Alamein,2-ALM-vpt-1.24.R,-37.81998401,144.95317464,446
ALM,Alamein,2-ALM-vpt-1.24.R,-37.820137,144.95331288,447
ALM,Alamein,2-ALM-vpt-1.24.R,-37.82018557,144.95338015,448
ALM,Alamein,2-ALM-vpt-1.24.R,-37.82033224,144.95356968,449
ALM,Alamein,2-ALM-vpt-1.24.R,-37.82045473,144.95370535,450
ALM,Alamein,2-ALM-vpt-1.24.R,-37.82054478,144.95382078,451
ALM,Alamein,2-ALM-vpt-1.24.R,-37.82070413,144.95403984,452
ALM,Alamein,2-ALM-vpt-1.24.R,-37.82083611,144.95423978,453
ALM,Alamein,2-ALM-vpt-1.24.R,-37.82088354,144.95431935,454
ALM,Alamein,2-ALM-vpt-1.24.R,-37.8209654,144.95447148,455
ALM,Alamein,2-ALM-vpt-1.24.R,-37.82105581,144.95466995,456
ALM,Alamein,2-ALM-vpt-1.24.R,-37.8210875,144.95475656,457
ALM,Alamein,2-ALM-vpt-1.24.R,-37.82115496,144.9549618,458
ALM,Alamein,2-ALM-vpt-1.24.R,-37.82118721,144.95508564,459
ALM,Alamein,2-ALM-vpt-1.24.R,-37.82123518,144.95530006,460
ALM,Alamein,2-ALM-vpt-1.24.R,-37.82125042,144.95539893,461
ALM,Alamein,2-ALM-vpt-1.24.R,-37.82126971,144.95556551,462
ALM,Alamein,2-ALM-vpt-1.24.R,-37.82127749,144.95566595,463
ALM,Alamein,2-ALM-vpt-1.24.R,-37.82128408,144.95588446,464
ALM,Alamein,2-ALM-vpt-1.24.R,-37.82128101,144.95601882,465
ALM,Alamein,2-ALM-vpt-1.24.R,-37.82126561,144.95622703,466
ALM,Alamein,2-ALM-vpt-1.24.R,-37.82124548,144.95639675,467
ALM,Alamein,2-ALM-vpt-1.24.R,-37.82122891,144.95649615,468
ALM,Alamein,2-ALM-vpt-1.24.R,-37.82118551,144.95669559,469
ALM,Alamein,2-ALM-vpt-1.24.R,-37.82114459,144.95684054,470
ALM,Alamein,2-ALM-vpt-1.24.R,-37.82107394,144.95704834,471
ALM,Alamein,2-ALM-vpt-1.24.R,-37.82100248,144.95721993,472
ALM,Alamein,2-ALM-vpt-1.24.R,-37.82095527,144.95731938,473
ALM,Alamein,2-ALM-vpt-1.24.R,-37.82086596,144.9574851,474
ALM,Alamein,2-ALM-vpt-1.24.R,-37.82080351,144.95758906,475
ALM,Alamein,2-ALM-vpt-1.24.R,-37.82051917,144.95802428,476
ALM,Alamein,2-ALM-vpt-1.24.R,-37.82042053,144.95818763,477
ALM,Alamein,2-ALM-vpt-1.24.R,-37.82030607,144.95839516,478
ALM,Alamein,2-ALM-vpt-1.24.R,-37.82026547,144.95847546,479
ALM,Alamein,2-ALM-vpt-1.24.R,-37.82019916,144.95861668,480
ALM,Alamein,2-ALM-vpt-1.24.R,-37.8201062,144.95883736,481
ALM,Alamein,2-ALM-vpt-1.24.R,-37.82002151,144.95906713,482
ALM,Alamein,2-ALM-vpt-1.24.R,-37.81997626,144.95920175,483
ALM,Alamein,2-ALM-vpt-1.24.R,-37.81994529,144.95930257,484
ALM,Alamein,2-ALM-vpt-1.24.R,-37.81985989,144.95959007,485
ALM,Alamein,2-ALM-vpt-1.24.R,-37.8196652,144.96026432,486
ALM,Alamein,2-ALM-vpt-1.24.R,-37.81960274,144.96050813,487
ALM,Alamein,2-ALM-vpt-1.24.R,-37.81954426,144.96078466,488
ALM,Alamein,2-ALM-vpt-1.24.R,-37.81952139,144.96091536,489
ALM,Alamein,2-ALM-vpt-1.24.R,-37.81950067,144.96105646,490
ALM,Alamein,2-ALM-vpt-1.24.R,-37.81947932,144.96122893,491
ALM,Alamein,2-ALM-vpt-1.24.R,-37.81946797,144.96134375,492
ALM,Alamein,2-ALM-vpt-1.24.R,-37.81945829,144.96149772,493
ALM,Alamein,2-ALM-vpt-1.24.R,-37.81945579,144.96164991,494
ALM,Alamein,2-ALM-vpt-1.24.R,-37.81944927,144.96174188,495
ALM,Alamein,2-ALM-vpt-1.24.R,-37.81944599,144.96185932,496
ALM,Alamein,2-ALM-vpt-1.24.R,-37.81942793,144.96210179,497
ALM,Alamein,2-ALM-vpt-1.24.R,-37.81940712,144.96223244,498
ALM,Alamein,2-ALM-vpt-1.24.R,-37.81932183,144.96267283,499
ALM,Alamein,2-ALM-vpt-1.24.R,-37.81929249,144.96281064,500
ALM,Alamein,2-ALM-vpt-1.24.R,-37.81925417,144.96297097,501
ALM,Alamein,2-ALM-vpt-1.24.R,-37.81919961,144.96317673,502
ALM,Alamein,2-ALM-vpt-1.24.R,-37.81907091,144.96360843,503
ALM,Alamein,2-ALM-vpt-1.24.R,-37.81901284,144.9638153,504
ALM,Alamein,2-ALM-vpt-1.24.R,-37.81897358,144.96394214,505
ALM,Alamein,2-ALM-vpt-1.24.R,-37.81893359,144.96405264,506
ALM,Alamein,2-ALM-vpt-1.24.R,-37.81880903,144.9643696,507
ALM,Alamein,2-ALM-vpt-1.24.R,-37.81862789,144.96481751,508
ALM,Alamein,2-ALM-vpt-1.24.R,-37.81854391,144.96504236,509
ALM,Alamein,2-ALM-vpt-1.24.R,-37.8184701,144.96528216,510
ALM,Alamein,2-ALM-vpt-1.24.R,-37.81812143,144.9664867,511
BEG,Belgrave,2-BEG-vpt-1.59.R,-37.90907662,145.35509348,1
BEG,Belgrave,2-BEG-vpt-1.59.R,-37.90953726,145.35469568,2
BEG,Belgrave,2-BEG-vpt-1.59.R,-37.9096791,145.35456637,3
BEG,Belgrave,2-BEG-vpt-1.59.R,-37.90973334,145.35451387,4
BEG,Belgrave,2-BEG-vpt-1.59.R,-37.90981431,145.35442675,5
BEG,Belgrave,2-BEG-vpt-1.59.R,-37.90990463,145.35431804,6
BEG,Belgrave,2-BEG-vpt-1.59.R,-37.90997898,145.35422163,7
BEG,Belgrave,2-BEG-vpt-1.59.R,-37.91003914,145.35413475,8
BEG,Belgrave,2-BEG-vpt-1.59.R,-37.91012553,145.35399667,9
BEG,Belgrave,2-BEG-vpt-1.59.R,-37.91018757,145.35387745,10
BEG,Belgrave,2-BEG-vpt-1.59.R,-37.91022751,145.35379443,11
BEG,Belgrave,2-BEG-vpt-1.59.R,-37.9102622,145.35371665,12
BEG,Belgrave,2-BEG-vpt-1.59.R,-37.91033483,145.35353565,13
BEG,Belgrave,2-BEG-vpt-1.59.R,-37.9103962,145.35335524,14
BEG,Belgrave,2-BEG-vpt-1.59.R,-37.91044088,145.35319955,15
BEG,Belgrave,2-BEG-vpt-1.59.R,-37.9104919,145.35296875,16
BEG,Belgrave,2-BEG-vpt-1.59.R,-37.91052152,145.35276653,17
BEG,Belgrave,2-BEG-vpt-1.59.R,-37.91052954,145.35268308,18
BEG,Belgrave,2-BEG-vpt-1.59.R,-37.91054144,145.35250275,19
BEG,Belgrave,2-BEG-vpt-1.59.R,-37.91054129,145.35227355,20
BEG,Belgrave,2-BEG-vpt-1.59.R,-37.91053723,145.35217059,21
BEG,Belgrave,2-BEG-vpt-1.59.R,-37.9105252,145.35201252,22
BEG,Belgrave,2-BEG-vpt-1.59.R,-37.91050901,145.35188013,23
BEG,Belgrave,2-BEG-vpt-1.59.R,-37.91049421,145.35178161,24
BEG,Belgrave,2-BEG-vpt-1.59.R,-37.91044957,145.35156137,25
BEG,Belgrave,2-BEG-vpt-1.59.R,-37.91041023,145.35140994,26
BEG,Belgrave,2-BEG-vpt-1.59.R,-37.91035598,145.35123609,27
BEG,Belgrave,2-BEG-vpt-1.59.R,-37.9102714,145.35102094,28
BEG,Belgrave,2-BEG-vpt-1.59.R,-37.91020486,145.35087695,29
BEG,Belgrave,2-BEG-vpt-1.59.R,-37.91013939,145.35074521,30
BEG,Belgrave,2-BEG-vpt-1.59.R,-37.90988933,145.35027169,31
BEG,Belgrave,2-BEG-vpt-1.59.R,-37.90979519,145.35008815,32
BEG,Belgrave,2-BEG-vpt-1.59.R,-37.90975514,145.35000783,33
BEG,Belgrave,2-BEG-vpt-1.59.R,-37.90970579,145.3499011,34
BEG,Belgrave,2-BEG-vpt-1.59.R,-37.90961756,145.34968263,35
BEG,Belgrave,2-BEG-vpt-1.59.R,-37.90954941,145.34949499,36
BEG,Belgrave,2-BEG-vpt-1.59.R,-37.90948539,145.34928735,37
BEG,Belgrave,2-BEG-vpt-1.59.R,-37.90944349,145.34913325,38
BEG,Belgrave,2-BEG-vpt-1.59.R,-37.90940697,145.34897778,39
BEG,Belgrave,2-BEG-vpt-1.59.R,-37.90934313,145.34868631,40
BEG,Belgrave,2-BEG-vpt-1.59.R,-37.90916976,145.34774415,41
BEG,Belgrave,2-BEG-vpt-1.59.R,-37.90903272,145.34695747,42
BEG,Belgrave,2-BEG-vpt-1.59.R,-37.90899202,145.34669677,43
BEG,Belgrave,2-BEG-vpt-1.59.R,-37.90895869,145.34642839,44
BEG,Belgrave,2-BEG-vpt-1.59.R,-37.90893461,145.34617095,45
BEG,Belgrave,2-BEG-vpt-1.59.R,-37.90891479,145.34583152,46
BEG,Belgrave,2-BEG-vpt-1.59.R,-37.90890444,145.34547345,47
BEG,Belgrave,2-BEG-vpt-1.59.R,-37.90889486,145.34526665,48
BEG,Belgrave,2-BEG-vpt-1.59.R,-37.9088874,145.34513965,49
BEG,Belgrave,2-BEG-vpt-1.59.R,-37.90887447,145.34498274,50
BEG,Belgrave,2-BEG-vpt-1.59.R,-37.90885578,145.34483324,51
BEG,Belgrave,2-BEG-vpt-1.59.R,-37.9088247,145.34462897,52
BEG,Belgrave,2-BEG-vpt-1.59.R,-37.90880243,145.34451276,53
BEG,Belgrave,2-BEG-vpt-1.59.R,-37.90874678,145.34427901,54
BEG,Belgrave,2-BEG-vpt-1.59.R,-37.90871639,145.34417561,55
BEG,Belgrave,2-BEG-vpt-1.59.R,-37.90865777,145.34399926,56
BEG,Belgrave,2-BEG-vpt-1.59.R,-37.90860387,145.3438518,57
BEG,Belgrave,2-BEG-vpt-1.59.R,-37.90852682,145.34367893,58
BEG,Belgrave,2-BEG-vpt-1.59.R,-37.9084805,145.34358328,59
BEG,Belgrave,2-BEG-vpt-1.59.R,-37.9084341,145.34349469,60
BEG,Belgrave,2-BEG-vpt-1.59.R,-37.90812999,145.34297942,61
BEG,Belgrave,2-BEG-vpt-1.59.R,-37.9080135,145.34278992,62
BEG,Belgrave,2-BEG-vpt-1.59.R,-37.90777116,145.34239315,63
BEG,Belgrave,2-BEG-vpt-1.59.R,-37.90765449,145.34219729,64
BEG,Belgrave,2-BEG-vpt-1.59.R,-37.90756013,145.34202435,65
BEG,Belgrave,2-BEG-vpt-1.59.R,-37.90747046,145.34185154,66
BEG,Belgrave,2-BEG-vpt-1.59.R,-37.90740648,145.34171148,67
BEG,Belgrave,2-BEG-vpt-1.59.R,-37.90734709,145.34156415,68
BEG,Belgrave,2-BEG-vpt-1.59.R,-37.90728034,145.34137444,69
BEG,Belgrave,2-BEG-vpt-1.59.R,-37.90720916,145.34110749,70
BEG,Belgrave,2-BEG-vpt-1.59.R,-37.9071704,145.34094719,71
BEG,Belgrave,2-BEG-vpt-1.59.R,-37.90714105,145.34078326,72
BEG,Belgrave,2-BEG-vpt-1.59.R,-37.90711891,145.34063805,73
BEG,Belgrave,2-BEG-vpt-1.59.R,-37.90708591,145.34037502,74
BEG,Belgrave,2-BEG-vpt-1.59.R,-37.90704437,145.34001141,75
BEG,Belgrave,2-BEG-vpt-1.59.R,-37.90701963,145.33982872,76
BEG,Belgrave,2-BEG-vpt-1.59.R,-37.90699338,145.33967394,77
BEG,Belgrave,2-BEG-vpt-1.59.R,-37.90695699,145.33949675,78
BEG,Belgrave,2-BEG-vpt-1.59.R,-37.90689989,145.33928192,79
BEG,Belgrave,2-BEG-vpt-1.59.R,-37.90684207,145.33910556,80
BEG,Belgrave,2-BEG-vpt-1.59.R,-37.90678864,145.33896594,81
BEG,Belgrave,2-BEG-vpt-1.59.R,-37.90669163,145.33873325,82
BEG,Belgrave,2-BEG-vpt-1.59.R,-37.90662411,145.33859213,83
BEG,Belgrave,2-BEG-vpt-1.59.R,-37.90636596,145.33811669,84
BEG,Belgrave,2-BEG-vpt-1.59.R,-37.90602681,145.33750193,85
BEG,Belgrave,2-BEG-vpt-1.59.R,-37.90587947,145.33722874,86
BEG,Belgrave,2-BEG-vpt-1.59.R,-37.90579872,145.3370687,87
BEG,Belgrave,2-BEG-vpt-1.59.R,-37.90571462,145.33688258,88
BEG,Belgrave,2-BEG-vpt-1.59.R,-37.90561194,145.33661908,89
BEG,Belgrave,2-BEG-vpt-1.59.R,-37.90556596,145.33647145,90
BEG,Belgrave,2-BEG-vpt-1.59.R,-37.90552879,145.33634115,91
BEG,Belgrave,2-BEG-vpt-1.59.R,-37.90548887,145.33617542,92
BEG,Belgrave,2-BEG-vpt-1.59.R,-37.90545313,145.33601255,93
BEG,Belgrave,2-BEG-vpt-1.59.R,-37.90542923,145.33587728,94
BEG,Belgrave,2-BEG-vpt-1.59.R,-37.90539922,145.3356101,95
BEG,Belgrave,2-BEG-vpt-1.59.R,-37.90535833,145.33494893,96
BEG,Belgrave,2-BEG-vpt-1.59.R,-37.90534374,145.334784,97
BEG,Belgrave,2-BEG-vpt-1.59.R,-37.90532559,145.33462869,98
BEG,Belgrave,2-BEG-vpt-1.59.R,-37.90529716,145.33444143,99
BEG,Belgrave,2-BEG-vpt-1.59.R,-37.90526847,145.33429877,100
BEG,Belgrave,2-BEG-vpt-1.59.R,-37.90522786,145.33413556,101
BEG,Belgrave,2-BEG-vpt-1.59.R,-37.9051622,145.33392218,102
BEG,Belgrave,2-BEG-vpt-1.59.R,-37.90506718,145.33367137,103
BEG,Belgrave,2-BEG-vpt-1.59.R,-37.90484174,145.33310195,104
BEG,Belgrave,2-BEG-vpt-1.59.R,-37.90474753,145.33287682,105
BEG,Belgrave,2-BEG-vpt-1.59.R,-37.90466214,145.33270223,106
BEG,Belgrave,2-BEG-vpt-1.59.R,-37.90457354,145.33254215,107
BEG,Belgrave,2-BEG-vpt-1.59.R,-37.90447936,145.33238936,108
BEG,Belgrave,2-BEG-vpt-1.59.R,-37.90436142,145.33221357,109
BEG,Belgrave,2-BEG-vpt-1.59.R,-37.90423637,145.33203782,110
BEG,Belgrave,2-BEG-vpt-1.59.R,-37.90399717,145.3317127,111
BEG,Belgrave,2-BEG-vpt-1.59.R,-37.90383442,145.33150345,112
BEG,Belgrave,2-BEG-vpt-1.59.R,-37.90368154,145.33131639,113
BEG,Belgrave,2-BEG-vpt-1.59.R,-37.90357016,145.33119027,114
BEG,Belgrave,2-BEG-vpt-1.59.R,-37.90350577,145.33111734,115
BEG,Belgrave,2-BEG-vpt-1.59.R,-37.90311128,145.33068905,116
BEG,Belgrave,2-BEG-vpt-1.59.R,-37.90302153,145.33058848,117
BEG,Belgrave,2-BEG-vpt-1.59.R,-37.90294391,145.33049788,118
BEG,Belgrave,2-BEG-vpt-1.59.R,-37.90286123,145.33039295,119
BEG,Belgrave,2-BEG-vpt-1.59.R,-37.90278704,145.33029011,120
BEG,Belgrave,2-BEG-vpt-1.59.R,-37.90271216,145.33017055,121
BEG,Belgrave,2-BEG-vpt-1.59.R,-37.90265419,145.33007337,122
BEG,Belgrave,2-BEG-vpt-1.59.R,-37.90247621,145.3297628,123
BEG,Belgrave,2-BEG-vpt-1.59.R,-37.90235011,145.32957093,124
BEG,Belgrave,2-BEG-vpt-1.59.R,-37.90224494,145.32939986,125
BEG,Belgrave,2-BEG-vpt-1.59.R,-37.90213671,145.32919088,126
BEG,Belgrave,2-BEG-vpt-1.59.R,-37.90204143,145.32899832,127
BEG,Belgrave,2-BEG-vpt-1.59.R,-37.90192962,145.32875347,128
BEG,Belgrave,2-BEG-vpt-1.59.R,-37.90183069,145.32850754,129
BEG,Belgrave,2-BEG-vpt-1.59.R,-37.90174177,145.32826866,130
BEG,Belgrave,2-BEG-vpt-1.59.R,-37.90162149,145.3279345,131
BEG,Belgrave,2-BEG-vpt-1.59.R,-37.90152218,145.32769983,132
BEG,Belgrave,2-BEG-vpt-1.59.R,-37.90139192,145.32741845,133
BEG,Belgrave,2-BEG-vpt-1.59.R,-37.90126008,145.32716519,134
BEG,Belgrave,2-BEG-vpt-1.59.R,-37.90093471,145.32656101,135
BEG,Belgrave,2-BEG-vpt-1.59.R,-37.90071379,145.32616556,136
BEG,Belgrave,2-BEG-vpt-1.59.R,-37.90049237,145.32578615,137
BEG,Belgrave,2-BEG-vpt-1.59.R,-37.90034092,145.32551026,138
BEG,Belgrave,2-BEG-vpt-1.59.R,-37.90021596,145.32526003,139
BEG,Belgrave,2-BEG-vpt-1.59.R,-37.90012074,145.32505349,140
BEG,Belgrave,2-BEG-vpt-1.59.R,-37.90000321,145.32476773,141
BEG,Belgrave,2-BEG-vpt-1.59.R,-37.89979107,145.3242305,142
BEG,Belgrave,2-BEG-vpt-1.59.R,-37.89966393,145.32394677,143
BEG,Belgrave,2-BEG-vpt-1.59.R,-37.89950738,145.32363006,144
BEG,Belgrave,2-BEG-vpt-1.59.R,-37.89932996,145.32330949,145
BEG,Belgrave,2-BEG-vpt-1.59.R,-37.89902142,145.32276126,146
BEG,Belgrave,2-BEG-vpt-1.59.R,-37.89858298,145.32196487,147
BEG,Belgrave,2-BEG-vpt-1.59.R,-37.89824639,145.32137156,148
BEG,Belgrave,2-BEG-vpt-1.59.R,-37.89802539,145.32099116,149
BEG,Belgrave,2-BEG-vpt-1.59.R,-37.89781851,145.3206276,150
BEG,Belgrave,2-BEG-vpt-1.59.R,-37.89764682,145.3203109,151
BEG,Belgrave,2-BEG-vpt-1.59.R,-37.89749908,145.3200561,152
BEG,Belgrave,2-BEG-vpt-1.59.R,-37.89730956,145.3197663,153
BEG,Belgrave,2-BEG-vpt-1.59.R,-37.8967615,145.31898097,154
BEG,Belgrave,2-BEG-vpt-1.59.R,-37.89653891,145.31862245,155
BEG,Belgrave,2-BEG-vpt-1.59.R,-37.89639084,145.31835117,156
BEG,Belgrave,2-BEG-vpt-1.59.R,-37.89625668,145.31809458,157
BEG,Belgrave,2-BEG-vpt-1.59.R,-37.8957639,145.31710478,158
BEG,Belgrave,2-BEG-vpt-1.59.R,-37.89544014,145.31649042,159
BEG,Belgrave,2-BEG-vpt-1.59.R,-37.89534109,145.3163263,160
BEG,Belgrave,2-BEG-vpt-1.59.R,-37.89524267,145.31618695,161
BEG,Belgrave,2-BEG-vpt-1.59.R,-37.89508361,145.31599213,162
BEG,Belgrave,2-BEG-vpt-1.59.R,-37.89493389,145.31583291,163
BEG,Belgrave,2-BEG-vpt-1.59.R,-37.89480151,145.31571402,164
BEG,Belgrave,2-BEG-vpt-1.59.R,-37.89468146,145.31561258,165
BEG,Belgrave,2-BEG-vpt-1.59.R,-37.89443582,145.31542565,166
BEG,Belgrave,2-BEG-vpt-1.59.R,-37.89404696,145.31514929,167
BEG,Belgrave,2-BEG-vpt-1.59.R,-37.89389832,145.31502747,168
BEG,Belgrave,2-BEG-vpt-1.59.R,-37.89376407,145.31490988,169
BEG,Belgrave,2-BEG-vpt-1.59.R,-37.8936313,145.31476415,170
BEG,Belgrave,2-BEG-vpt-1.59.R,-37.89350816,145.31461059,171
BEG,Belgrave,2-BEG-vpt-1.59.R,-37.89339974,145.31445897,172
BEG,Belgrave,2-BEG-vpt-1.59.R,-37.89326932,145.3142378,173
BEG,Belgrave,2-BEG-vpt-1.59.R,-37.89322466,145.31415285,174
BEG,Belgrave,2-BEG-vpt-1.59.R,-37.89317783,145.31404815,175
BEG,Belgrave,2-BEG-vpt-1.59.R,-37.89313051,145.31392823,176
BEG,Belgrave,2-BEG-vpt-1.59.R,-37.89308394,145.31380375,177
BEG,Belgrave,2-BEG-vpt-1.59.R,-37.89304389,145.31367525,178
BEG,Belgrave,2-BEG-vpt-1.59.R,-37.89301058,145.31354545,179
BEG,Belgrave,2-BEG-vpt-1.59.R,-37.89297073,145.31335588,180
BEG,Belgrave,2-BEG-vpt-1.59.R,-37.89293614,145.31313673,181
BEG,Belgrave,2-BEG-vpt-1.59.R,-37.89292572,145.31302621,182
BEG,Belgrave,2-BEG-vpt-1.59.R,-37.89291461,145.31282335,183
BEG,Belgrave,2-BEG-vpt-1.59.R,-37.89291227,145.31271014,184
BEG,Belgrave,2-BEG-vpt-1.59.R,-37.89291543,145.31250344,185
BEG,Belgrave,2-BEG-vpt-1.59.R,-37.89297156,145.3111392,186
BEG,Belgrave,2-BEG-vpt-1.59.R,-37.89297907,145.31082721,187
BEG,Belgrave,2-BEG-vpt-1.59.R,-37.8929793,145.31058611,188
BEG,Belgrave,2-BEG-vpt-1.59.R,-37.89297334,145.31035926,189
BEG,Belgrave,2-BEG-vpt-1.59.R,-37.89296616,145.31021637,190
BEG,Belgrave,2-BEG-vpt-1.59.R,-37.89293012,145.30957751,191
BEG,Belgrave,2-BEG-vpt-1.59.R,-37.89290277,145.30916623,192
BEG,Belgrave,2-BEG-vpt-1.59.R,-37.89287989,145.30889155,193
BEG,Belgrave,2-BEG-vpt-1.59.R,-37.89286488,145.30875009,194
BEG,Belgrave,2-BEG-vpt-1.59.R,-37.89284366,145.30858397,195
BEG,Belgrave,2-BEG-vpt-1.59.R,-37.89279663,145.30829005,196
BEG,Belgrave,2-BEG-vpt-1.59.R,-37.89262808,145.30728578,197
BEG,Belgrave,2-BEG-vpt-1.59.R,-37.89246537,145.30631174,198
BEG,Belgrave,2-BEG-vpt-1.59.R,-37.8924265,145.30609701,199
BEG,Belgrave,2-BEG-vpt-1.59.R,-37.89240838,145.30601555,200
BEG,Belgrave,2-BEG-vpt-1.59.R,-37.89237034,145.30587075,201
BEG,Belgrave,2-BEG-vpt-1.59.R,-37.89228717,145.30559586,202
BEG,Belgrave,2-BEG-vpt-1.59.R,-37.89223932,145.30546458,203
BEG,Belgrave,2-BEG-vpt-1.59.R,-37.89218966,145.30534586,204
BEG,Belgrave,2-BEG-vpt-1.59.R,-37.89203118,145.30501072,205
BEG,Belgrave,2-BEG-vpt-1.59.R,-37.89195588,145.30483209,206
BEG,Belgrave,2-BEG-vpt-1.59.R,-37.89178879,145.3043873,207
BEG,Belgrave,2-BEG-vpt-1.59.R,-37.8916839,145.30411928,208
BEG,Belgrave,2-BEG-vpt-1.59.R,-37.89151521,145.30370148,209
BEG,Belgrave,2-BEG-vpt-1.59.R,-37.89119283,145.30293798,210
BEG,Belgrave,2-BEG-vpt-1.59.R,-37.89108968,145.30270928,211
BEG,Belgrave,2-BEG-vpt-1.59.R,-37.8909879,145.30249464,212
BEG,Belgrave,2-BEG-vpt-1.59.R,-37.89080491,145.30213506,213
BEG,Belgrave,2-BEG-vpt-1.59.R,-37.89037906,145.30134018,214
BEG,Belgrave,2-BEG-vpt-1.59.R,-37.88997586,145.30060381,215
BEG,Belgrave,2-BEG-vpt-1.59.R,-37.88984391,145.3003777,216
BEG,Belgrave,2-BEG-vpt-1.59.R,-37.8897163,145.30017253,217
BEG,Belgrave,2-BEG-vpt-1.59.R,-37.88955083,145.29992855,218
BEG,Belgrave,2-BEG-vpt-1.59.R,-37.88932281,145.29962824,219
BEG,Belgrave,2-BEG-vpt-1.59.R,-37.88905134,145.29932075,220
BEG,Belgrave,2-BEG-vpt-1.59.R,-37.88891551,145.29917604,221
BEG,Belgrave,2-BEG-vpt-1.59.R,-37.88877998,145.29904543,222
BEG,Belgrave,2-BEG-vpt-1.59.R,-37.8886043,145.29888755,223
BEG,Belgrave,2-BEG-vpt-1.59.R,-37.88847831,145.29878162,224
BEG,Belgrave,2-BEG-vpt-1.59.R,-37.88812456,145.29851765,225
BEG,Belgrave,2-BEG-vpt-1.59.R,-37.8879793,145.29841922,226
BEG,Belgrave,2-BEG-vpt-1.59.R,-37.8878344,145.29833295,227
BEG,Belgrave,2-BEG-vpt-1.59.R,-37.8875492,145.29817315,228
BEG,Belgrave,2-BEG-vpt-1.59.R,-37.88716811,145.29797542,229
BEG,Belgrave,2-BEG-vpt-1.59.R,-37.88685799,145.29781905,230
BEG,Belgrave,2-BEG-vpt-1.59.R,-37.88629206,145.29752836,231
BEG,Belgrave,2-BEG-vpt-1.59.R,-37.88595203,145.29735982,232
BEG,Belgrave,2-BEG-vpt-1.59.R,-37.88569401,145.29722238,233
BEG,Belgrave,2-BEG-vpt-1.59.R,-37.88545273,145.29710217,234
BEG,Belgrave,2-BEG-vpt-1.59.R,-37.884478,145.29660555,235
BEG,Belgrave,2-BEG-vpt-1.59.R,-37.88317029,145.29593559,236
BEG,Belgrave,2-BEG-vpt-1.59.R,-37.88296822,145.29583405,237
BEG,Belgrave,2-BEG-vpt-1.59.R,-37.88290353,145.29579847,238
BEG,Belgrave,2-BEG-vpt-1.59.R,-37.88249819,145.29559416,239
BEG,Belgrave,2-BEG-vpt-1.59.R,-37.88231609,145.29549705,240
BEG,Belgrave,2-BEG-vpt-1.59.R,-37.882133,145.29540667,241
BEG,Belgrave,2-BEG-vpt-1.59.R,-37.88197788,145.29532394,242
BEG,Belgrave,2-BEG-vpt-1.59.R,-37.88159819,145.29513008,243
BEG,Belgrave,2-BEG-vpt-1.59.R,-37.88065479,145.29465074,244
BEG,Belgrave,2-BEG-vpt-1.59.R,-37.88029811,145.294465,245
BEG,Belgrave,2-BEG-vpt-1.59.R,-37.87997147,145.29430084,246
BEG,Belgrave,2-BEG-vpt-1.59.R,-37.87906277,145.29383335,247
BEG,Belgrave,2-BEG-vpt-1.59.R,-37.87867639,145.29363886,248
BEG,Belgrave,2-BEG-vpt-1.59.R,-37.87571717,145.29212815,249
BEG,Belgrave,2-BEG-vpt-1.59.R,-37.87550967,145.29202562,250
BEG,Belgrave,2-BEG-vpt-1.59.R,-37.87537488,145.29195358,251
BEG,Belgrave,2-BEG-vpt-1.59.R,-37.87491436,145.29171761,252
BEG,Belgrave,2-BEG-vpt-1.59.R,-37.87404309,145.29127774,253
BEG,Belgrave,2-BEG-vpt-1.59.R,-37.87378274,145.29113562,254
BEG,Belgrave,2-BEG-vpt-1.59.R,-37.87358477,145.29101354,255
BEG,Belgrave,2-BEG-vpt-1.59.R,-37.8733752,145.29087411,256
BEG,Belgrave,2-BEG-vpt-1.59.R,-37.87308717,145.29065679,257
BEG,Belgrave,2-BEG-vpt-1.59.R,-37.8723693,145.29004514,258
BEG,Belgrave,2-BEG-vpt-1.59.R,-37.87226707,145.28995564,259
BEG,Belgrave,2-BEG-vpt-1.59.R,-37.87104929,145.2889281,260
BEG,Belgrave,2-BEG-vpt-1.59.R,-37.87052953,145.28853517,261
BEG,Belgrave,2-BEG-vpt-1.59.R,-37.86998851,145.28818651,262
BEG,Belgrave,2-BEG-vpt-1.59.R,-37.86943699,145.28789676,263
BEG,Belgrave,2-BEG-vpt-1.59.R,-37.86884619,145.28763259,264
BEG,Belgrave,2-BEG-vpt-1.59.R,-37.86809346,145.28736979,265
BEG,Belgrave,2-BEG-vpt-1.59.R,-37.86685581,145.28697816,266
BEG,Belgrave,2-BEG-vpt-1.59.R,-37.86631799,145.28681316,267
BEG,Belgrave,2-BEG-vpt-1.59.R,-37.86591458,145.28669916,268
BEG,Belgrave,2-BEG-vpt-1.59.R,-37.8654717,145.28659233,269
BEG,Belgrave,2-BEG-vpt-1.59.R,-37.86496136,145.28646353,270
BEG,Belgrave,2-BEG-vpt-1.59.R,-37.86434728,145.28627166,271
BEG,Belgrave,2-BEG-vpt-1.59.R,-37.86382133,145.28612321,272
BEG,Belgrave,2-BEG-vpt-1.59.R,-37.86338696,145.28600619,273
BEG,Belgrave,2-BEG-vpt-1.59.R,-37.86286138,145.2858275,274
BEG,Belgrave,2-BEG-vpt-1.59.R,-37.86255157,145.28570543,275
BEG,Belgrave,2-BEG-vpt-1.59.R,-37.86142353,145.28516764,276
BEG,Belgrave,2-BEG-vpt-1.59.R,-37.86099128,145.28492429,277
BEG,Belgrave,2-BEG-vpt-1.59.R,-37.86054634,145.28470066,278
BEG,Belgrave,2-BEG-vpt-1.59.R,-37.86032194,145.28458322,279
BEG,Belgrave,2-BEG-vpt-1.59.R,-37.85970013,145.28427595,280
BEG,Belgrave,2-BEG-vpt-1.59.R,-37.85932181,145.28407864,281
BEG,Belgrave,2-BEG-vpt-1.59.R,-37.8589586,145.28386666,282
BEG,Belgrave,2-BEG-vpt-1.59.R,-37.85854029,145.28362799,283
BEG,Belgrave,2-BEG-vpt-1.59.R,-37.85801733,145.28335709,284
BEG,Belgrave,2-BEG-vpt-1.59.R,-37.8575419,145.28311965,285
BEG,Belgrave,2-BEG-vpt-1.59.R,-37.85708868,145.28284747,286
BEG,Belgrave,2-BEG-vpt-1.59.R,-37.8566323,145.28252559,287
BEG,Belgrave,2-BEG-vpt-1.59.R,-37.85624471,145.28219973,288
BEG,Belgrave,2-BEG-vpt-1.59.R,-37.85511916,145.28111742,289
BEG,Belgrave,2-BEG-vpt-1.59.R,-37.85407542,145.28010212,290
BEG,Belgrave,2-BEG-vpt-1.59.R,-37.85228551,145.27838701,291
BEG,Belgrave,2-BEG-vpt-1.59.R,-37.84910967,145.27531723,292
BEG,Belgrave,2-BEG-vpt-1.59.R,-37.84747351,145.27374185,293
BEG,Belgrave,2-BEG-vpt-1.59.R,-37.84669409,145.27299482,294
BEG,Belgrave,2-BEG-vpt-1.59.R,-37.84614869,145.27245566,295
BEG,Belgrave,2-BEG-vpt-1.59.R,-37.84549642,145.27183071,296
BEG,Belgrave,2-BEG-vpt-1.59.R,-37.84475293,145.27111322,297
BEG,Belgrave,2-BEG-vpt-1.59.R,-37.84399924,145.27036463,298
BEG,Belgrave,2-BEG-vpt-1.59.R,-37.84360837,145.26994032,299
BEG,Belgrave,2-BEG-vpt-1.59.R,-37.84339884,145.26970701,300
BEG,Belgrave,2-BEG-vpt-1.59.R,-37.84321256,145.26949238,301
BEG,Belgrave,2-BEG-vpt-1.59.R,-37.84296941,145.2692227,302
BEG,Belgrave,2-BEG-vpt-1.59.R,-37.84283722,145.2690826,303
BEG,Belgrave,2-BEG-vpt-1.59.R,-37.84263962,145.26888311,304
BEG,Belgrave,2-BEG-vpt-1.59.R,-37.84224553,145.26849742,305
BEG,Belgrave,2-BEG-vpt-1.59.R,-37.84142839,145.26771297,306
BEG,Belgrave,2-BEG-vpt-1.59.R,-37.84106866,145.26736558,307
BEG,Belgrave,2-BEG-vpt-1.59.R,-37.840909,145.2672209,308
BEG,Belgrave,2-BEG-vpt-1.59.R,-37.84030357,145.26672573,309
BEG,Belgrave,2-BEG-vpt-1.59.R,-37.83977601,145.26624285,310
BEG,Belgrave,2-BEG-vpt-1.59.R,-37.83878067,145.26528535,311
BEG,Belgrave,2-BEG-vpt-1.59.R,-37.83811666,145.26465579,312
BEG,Belgrave,2-BEG-vpt-1.59.R,-37.83739441,145.26396374,313
BEG,Belgrave,2-BEG-vpt-1.59.R,-37.83707661,145.26364324,314
BEG,Belgrave,2-BEG-vpt-1.59.R,-37.83678106,145.26332279,315
BEG,Belgrave,2-BEG-vpt-1.59.R,-37.83644542,145.26289977,316
BEG,Belgrave,2-BEG-vpt-1.59.R,-37.83630788,145.26271516,317
BEG,Belgrave,2-BEG-vpt-1.59.R,-37.83588823,145.26211979,318
BEG,Belgrave,2-BEG-vpt-1.59.R,-37.83561923,145.26166248,319
BEG,Belgrave,2-BEG-vpt-1.59.R,-37.83537141,145.26115684,320
BEG,Belgrave,2-BEG-vpt-1.59.R,-37.83517968,145.26073307,321
BEG,Belgrave,2-BEG-vpt-1.59.R,-37.8350123,145.26029861,322
BEG,Belgrave,2-BEG-vpt-1.59.R,-37.8348573,145.25982966,323
BEG,Belgrave,2-BEG-vpt-1.59.R,-37.83473162,145.25942945,324
BEG,Belgrave,2-BEG-vpt-1.59.R,-37.83454306,145.25858063,325
BEG,Belgrave,2-BEG-vpt-1.59.R,-37.8344681,145.25825297,326
BEG,Belgrave,2-BEG-vpt-1.59.R,-37.83440012,145.25791004,327
BEG,Belgrave,2-BEG-vpt-1.59.R,-37.83424907,145.25705092,328
BEG,Belgrave,2-BEG-vpt-1.59.R,-37.83349162,145.2530932,329
BEG,Belgrave,2-BEG-vpt-1.59.R,-37.83320434,145.25164985,330
BEG,Belgrave,2-BEG-vpt-1.59.R,-37.83296129,145.25032773,331
BEG,Belgrave,2-BEG-vpt-1.59.R,-37.83279703,145.24948724,332
BEG,Belgrave,2-BEG-vpt-1.59.R,-37.83271638,145.24911168,333
BEG,Belgrave,2-BEG-vpt-1.59.R,-37.83263911,145.24881239,334
BEG,Belgrave,2-BEG-vpt-1.59.R,-37.8324978,145.24839485,335
BEG,Belgrave,2-BEG-vpt-1.59.R,-37.83229549,145.24791081,336
BEG,Belgrave,2-BEG-vpt-1.59.R,-37.83213344,145.24758888,337
BEG,Belgrave,2-BEG-vpt-1.59.R,-37.83185217,145.24712296,338
BEG,Belgrave,2-BEG-vpt-1.59.R,-37.83162447,145.24681054,339
BEG,Belgrave,2-BEG-vpt-1.59.R,-37.83132997,145.2464605,340
BEG,Belgrave,2-BEG-vpt-1.59.R,-37.83104398,145.24617355,341
BEG,Belgrave,2-BEG-vpt-1.59.R,-37.83071989,145.24590659,342
BEG,Belgrave,2-BEG-vpt-1.59.R,-37.83042966,145.24570405,343
BEG,Belgrave,2-BEG-vpt-1.59.R,-37.83016591,145.24554316,344
BEG,Belgrave,2-BEG-vpt-1.59.R,-37.82971467,145.24529513,345
BEG,Belgrave,2-BEG-vpt-1.59.R,-37.82914107,145.2449758,346
BEG,Belgrave,2-BEG-vpt-1.59.R,-37.82840535,145.24457261,347
BEG,Belgrave,2-BEG-vpt-1.59.R,-37.82577544,145.24313484,348
BEG,Belgrave,2-BEG-vpt-1.59.R,-37.82466958,145.24254391,349
BEG,Belgrave,2-BEG-vpt-1.59.R,-37.82181007,145.2409888,350
BEG,Belgrave,2-BEG-vpt-1.59.R,-37.82072214,145.2403866,351
BEG,Belgrave,2-BEG-vpt-1.59.R,-37.81968806,145.23982335,352
BEG,Belgrave,2-BEG-vpt-1.59.R,-37.81911749,145.23950937,353
BEG,Belgrave,2-BEG-vpt-1.59.R,-37.81838909,145.23911452,354
BEG,Belgrave,2-BEG-vpt-1.59.R,-37.8181451,145.23897388,355
BEG,Belgrave,2-BEG-vpt-1.59.R,-37.81781358,145.23877181,356
BEG,Belgrave,2-BEG-vpt-1.59.R,-37.81732693,145.2384587,357
BEG,Belgrave,2-BEG-vpt-1.59.R,-37.81706617,145.2382812,358
BEG,Belgrave,2-BEG-vpt-1.59.R,-37.81670583,145.23805007,359
BEG,Belgrave,2-BEG-vpt-1.59.R,-37.81647651,145.23790795,360
BEG,Belgrave,2-BEG-vpt-1.59.R,-37.81611846,145.23767335,361
BEG,Belgrave,2-BEG-vpt-1.59.R,-37.81599907,145.23759042,362
BEG,Belgrave,2-BEG-vpt-1.59.R,-37.81586591,145.23747817,363
BEG,Belgrave,2-BEG-vpt-1.59.R,-37.81566611,145.23728548,364
BEG,Belgrave,2-BEG-vpt-1.59.R,-37.81558066,145.23719436,365
BEG,Belgrave,2-BEG-vpt-1.59.R,-37.81536933,145.23694765,366
BEG,Belgrave,2-BEG-vpt-1.59.R,-37.81529863,145.23685447,367
BEG,Belgrave,2-BEG-vpt-1.59.R,-37.81522032,145.23674046,368
BEG,Belgrave,2-BEG-vpt-1.59.R,-37.81515463,145.23663865,369
BEG,Belgrave,2-BEG-vpt-1.59.R,-37.81506959,145.23649663,370
BEG,Belgrave,2-BEG-vpt-1.59.R,-37.8149763,145.23632674,371
BEG,Belgrave,2-BEG-vpt-1.59.R,-37.81490031,145.23616928,372
BEG,Belgrave,2-BEG-vpt-1.59.R,-37.81484313,145.23604591,373
BEG,Belgrave,2-BEG-vpt-1.59.R,-37.81475873,145.23583833,374
BEG,Belgrave,2-BEG-vpt-1.59.R,-37.81469642,145.23566794,375
BEG,Belgrave,2-BEG-vpt-1.59.R,-37.81464668,145.23551803,376
BEG,Belgrave,2-BEG-vpt-1.59.R,-37.81457037,145.23525493,377
BEG,Belgrave,2-BEG-vpt-1.59.R,-37.81451598,145.23503482,378
BEG,Belgrave,2-BEG-vpt-1.59.R,-37.81448008,145.23487051,379
BEG,Belgrave,2-BEG-vpt-1.59.R,-37.81445449,145.23473854,380
BEG,Belgrave,2-BEG-vpt-1.59.R,-37.81442493,145.23456419,381
BEG,Belgrave,2-BEG-vpt-1.59.R,-37.81439268,145.23430686,382
BEG,Belgrave,2-BEG-vpt-1.59.R,-37.8143777,145.23414329,383
BEG,Belgrave,2-BEG-vpt-1.59.R,-37.81436844,145.23400015,384
BEG,Belgrave,2-BEG-vpt-1.59.R,-37.81436028,145.23374452,385
BEG,Belgrave,2-BEG-vpt-1.59.R,-37.81436126,145.23351537,386
BEG,Belgrave,2-BEG-vpt-1.59.R,-37.81437388,145.23325129,387
BEG,Belgrave,2-BEG-vpt-1.59.R,-37.81439631,145.23302231,388
BEG,Belgrave,2-BEG-vpt-1.59.R,-37.8144298,145.23278624,389
BEG,Belgrave,2-BEG-vpt-1.59.R,-37.81446584,145.23259942,390
BEG,Belgrave,2-BEG-vpt-1.59.R,-37.81450161,145.2324426,391
BEG,Belgrave,2-BEG-vpt-1.59.R,-37.8145196,145.2323681,392
BEG,Belgrave,2-BEG-vpt-1.59.R,-37.81458311,145.23214427,393
BEG,Belgrave,2-BEG-vpt-1.59.R,-37.81467087,145.23187942,394
BEG,Belgrave,2-BEG-vpt-1.59.R,-37.8147162,145.23175906,395
BEG,Belgrave,2-BEG-vpt-1.59.R,-37.81477838,145.23160285,396
BEG,Belgrave,2-BEG-vpt-1.59.R,-37.81487707,145.2313691,397
BEG,Belgrave,2-BEG-vpt-1.59.R,-37.8152192,145.23059129,398
BEG,Belgrave,2-BEG-vpt-1.59.R,-37.81540858,145.230258,399
BEG,Belgrave,2-BEG-vpt-1.59.R,-37.8155577,145.23000395,400
BEG,Belgrave,2-BEG-vpt-1.59.R,-37.81576369,145.22963642,401
BEG,Belgrave,2-BEG-vpt-1.59.R,-37.81597384,145.22919199,402
BEG,Belgrave,2-BEG-vpt-1.59.R,-37.81606028,145.22897748,403
BEG,Belgrave,2-BEG-vpt-1.59.R,-37.81614301,145.22876171,404
BEG,Belgrave,2-BEG-vpt-1.59.R,-37.81622297,145.22853521,405
BEG,Belgrave,2-BEG-vpt-1.59.R,-37.81630054,145.2282882,406
BEG,Belgrave,2-BEG-vpt-1.59.R,-37.81642694,145.22786019,407
BEG,Belgrave,2-BEG-vpt-1.59.R,-37.81649994,145.22763272,408
BEG,Belgrave,2-BEG-vpt-1.59.R,-37.81659348,145.22736885,409
BEG,Belgrave,2-BEG-vpt-1.59.R,-37.81743596,145.22545038,410
BEG,Belgrave,2-BEG-vpt-1.59.R,-37.81751426,145.22526424,411
BEG,Belgrave,2-BEG-vpt-1.59.R,-37.81765442,145.22491268,412
BEG,Belgrave,2-BEG-vpt-1.59.R,-37.81772774,145.22471893,413
BEG,Belgrave,2-BEG-vpt-1.59.R,-37.81783794,145.22439479,414
BEG,Belgrave,2-BEG-vpt-1.59.R,-37.8178891,145.22423134,415
BEG,Belgrave,2-BEG-vpt-1.59.R,-37.81794769,145.22402931,416
BEG,Belgrave,2-BEG-vpt-1.59.R,-37.81800732,145.22381192,417
BEG,Belgrave,2-BEG-vpt-1.59.R,-37.81804467,145.22366538,418
BEG,Belgrave,2-BEG-vpt-1.59.R,-37.8180933,145.22345405,419
BEG,Belgrave,2-BEG-vpt-1.59.R,-37.81816722,145.22309703,420
BEG,Belgrave,2-BEG-vpt-1.59.R,-37.81819911,145.22292291,421
BEG,Belgrave,2-BEG-vpt-1.59.R,-37.81822389,145.22276747,422
BEG,Belgrave,2-BEG-vpt-1.59.R,-37.81825272,145.22257547,423
BEG,Belgrave,2-BEG-vpt-1.59.R,-37.81828484,145.22232772,424
BEG,Belgrave,2-BEG-vpt-1.59.R,-37.81832092,145.2219774,425
BEG,Belgrave,2-BEG-vpt-1.59.R,-37.81835643,145.22152395,426
BEG,Belgrave,2-BEG-vpt-1.59.R,-37.81868277,145.21635887,427
BEG,Belgrave,2-BEG-vpt-1.59.R,-37.81874716,145.21537417,428
BEG,Belgrave,2-BEG-vpt-1.59.R,-37.81880864,145.21435285,429
BEG,Belgrave,2-BEG-vpt-1.59.R,-37.81885876,145.21360537,430
BEG,Belgrave,2-BEG-vpt-1.59.R,-37.81890279,145.21284837,431
BEG,Belgrave,2-BEG-vpt-1.59.R,-37.81891568,145.21253405,432
BEG,Belgrave,2-BEG-vpt-1.59.R,-37.81892422,145.21219985,433
BEG,Belgrave,2-BEG-vpt-1.59.R,-37.81892329,145.21183019,434
BEG,Belgrave,2-BEG-vpt-1.59.R,-37.81891662,145.21143853,435
BEG,Belgrave,2-BEG-vpt-1.59.R,-37.81890132,145.21104832,436
BEG,Belgrave,2-BEG-vpt-1.59.R,-37.81888467,145.21077084,437
BEG,Belgrave,2-BEG-vpt-1.59.R,-37.81884438,145.21024843,438
BEG,Belgrave,2-BEG-vpt-1.59.R,-37.8181774,145.20201422,439
BEG,Belgrave,2-BEG-vpt-1.59.R,-37.81788077,145.19844993,440
BEG,Belgrave,2-BEG-vpt-1.59.R,-37.81774597,145.19677346,441
BEG,Belgrave,2-BEG-vpt-1.59.R,-37.81772077,145.19639895,442
BEG,Belgrave,2-BEG-vpt-1.59.R,-37.81771314,145.19618283,443
BEG,Belgrave,2-BEG-vpt-1.59.R,-37.81770933,145.19599309,444
BEG,Belgrave,2-BEG-vpt-1.59.R,-37.81770996,145.19586368,445
BEG,Belgrave,2-BEG-vpt-1.59.R,-37.81771592,145.19563485,446
BEG,Belgrave,2-BEG-vpt-1.59.R,-37.81773257,145.19538645,447
BEG,Belgrave,2-BEG-vpt-1.59.R,-37.81774897,145.19519815,448
BEG,Belgrave,2-BEG-vpt-1.59.R,-37.81777167,145.19500345,449
BEG,Belgrave,2-BEG-vpt-1.59.R,-37.81781739,145.19465868,450
BEG,Belgrave,2-BEG-vpt-1.59.R,-37.81788509,145.19418955,451
BEG,Belgrave,2-BEG-vpt-1.59.R,-37.81803767,145.19323247,452
BEG,Belgrave,2-BEG-vpt-1.59.R,-37.8182484,145.19190145,453
BEG,Belgrave,2-BEG-vpt-1.59.R,-37.81828259,145.19166307,454
BEG,Belgrave,2-BEG-vpt-1.59.R,-37.81838312,145.19106192,455
BEG,Belgrave,2-BEG-vpt-1.59.R,-37.81847441,145.1903575,456
BEG,Belgrave,2-BEG-vpt-1.59.R,-37.81848982,145.19019353,457
BEG,Belgrave,2-BEG-vpt-1.59.R,-37.81851009,145.18991197,458
BEG,Belgrave,2-BEG-vpt-1.59.R,-37.81852207,145.18970606,459
BEG,Belgrave,2-BEG-vpt-1.59.R,-37.81856431,145.18881925,460
BEG,Belgrave,2-BEG-vpt-1.59.R,-37.81858917,145.18852565,461
BEG,Belgrave,2-BEG-vpt-1.59.R,-37.81861796,145.1882649,462
BEG,Belgrave,2-BEG-vpt-1.59.R,-37.8186424,145.18809038,463
BEG,Belgrave,2-BEG-vpt-1.59.R,-37.81901429,145.18563524,464
BEG,Belgrave,2-BEG-vpt-1.59.R,-37.81906414,145.1853558,465
BEG,Belgrave,2-BEG-vpt-1.59.R,-37.81927902,145.18396022,466
BEG,Belgrave,2-BEG-vpt-1.59.R,-37.81941541,145.18295214,467
BEG,Belgrave,2-BEG-vpt-1.59.R,-37.81949772,145.18230643,468
BEG,Belgrave,2-BEG-vpt-1.59.R,-37.81958183,145.18171237,469
BEG,Belgrave,2-BEG-vpt-1.59.R,-37.81983666,145.1800771,470
BEG,Belgrave,2-BEG-vpt-1.59.R,-37.81995258,145.17935035,471
BEG,Belgrave,2-BEG-vpt-1.59.R,-37.82005009,145.17864507,472
BEG,Belgrave,2-BEG-vpt-1.59.R,-37.82007656,145.17838085,473
BEG,Belgrave,2-BEG-vpt-1.59.R,-37.82029316,145.17647373,474
BEG,Belgrave,2-BEG-vpt-1.59.R,-37.82034226,145.17608887,475
BEG,Belgrave,2-BEG-vpt-1.59.R,-37.82044324,145.17536475,476
BEG,Belgrave,2-BEG-vpt-1.59.R,-37.82053716,145.17487722,477
BEG,Belgrave,2-BEG-vpt-1.59.R,-37.82055167,145.17480778,478
BEG,Belgrave,2-BEG-vpt-1.59.R,-37.82068142,145.1740967,479
BEG,Belgrave,2-BEG-vpt-1.59.R,-37.82086866,145.17310119,480
BEG,Belgrave,2-BEG-vpt-1.59.R,-37.82117726,145.17141921,481
BEG,Belgrave,2-BEG-vpt-1.59.R,-37.8212536,145.17092699,482
BEG,Belgrave,2-BEG-vpt-1.59.R,-37.82136476,145.17015193,483
BEG,Belgrave,2-BEG-vpt-1.59.R,-37.82170308,145.16795625,484
BEG,Belgrave,2-BEG-vpt-1.59.R,-37.82174512,145.16765812,485
BEG,Belgrave,2-BEG-vpt-1.59.R,-37.82178337,145.16734759,486
BEG,Belgrave,2-BEG-vpt-1.59.R,-37.82181118,145.16706186,487
BEG,Belgrave,2-BEG-vpt-1.59.R,-37.821839,145.16667171,488
BEG,Belgrave,2-BEG-vpt-1.59.R,-37.82184996,145.16636867,489
BEG,Belgrave,2-BEG-vpt-1.59.R,-37.8218519,145.16588601,490
BEG,Belgrave,2-BEG-vpt-1.59.R,-37.82183124,145.1653579,491
BEG,Belgrave,2-BEG-vpt-1.59.R,-37.82180399,145.16500843,492
BEG,Belgrave,2-BEG-vpt-1.59.R,-37.82176379,145.1646211,493
BEG,Belgrave,2-BEG-vpt-1.59.R,-37.82148751,145.16240393,494
BEG,Belgrave,2-BEG-vpt-1.59.R,-37.82129474,145.16081637,495
BEG,Belgrave,2-BEG-vpt-1.59.R,-37.82092358,145.15781588,496
BEG,Belgrave,2-BEG-vpt-1.59.R,-37.82084447,145.15720027,497
BEG,Belgrave,2-BEG-vpt-1.59.R,-37.82030434,145.15282085,498
BEG,Belgrave,2-BEG-vpt-1.59.R,-37.82026587,145.15235602,499
BEG,Belgrave,2-BEG-vpt-1.59.R,-37.8202527,145.15204552,500
BEG,Belgrave,2-BEG-vpt-1.59.R,-37.82024367,145.15167686,501
BEG,Belgrave,2-BEG-vpt-1.59.R,-37.82023667,145.15094404,502
BEG,Belgrave,2-BEG-vpt-1.59.R,-37.82022481,145.15006843,503
BEG,Belgrave,2-BEG-vpt-1.59.R,-37.82022083,145.14977486,504
BEG,Belgrave,2-BEG-vpt-1.59.R,-37.82021704,145.14910353,505
BEG,Belgrave,2-BEG-vpt-1.59.R,-37.82018219,145.14826246,506
BEG,Belgrave,2-BEG-vpt-1.59.R,-37.82007941,145.14722314,507
BEG,Belgrave,2-BEG-vpt-1.59.R,-37.81978186,145.14447768,508
BEG,Belgrave,2-BEG-vpt-1.59.R,-37.81976208,145.14420586,509
BEG,Belgrave,2-BEG-vpt-1.59.R,-37.81975571,145.14392757,510
BEG,Belgrave,2-BEG-vpt-1.59.R,-37.8197556,145.14375455,511
BEG,Belgrave,2-BEG-vpt-1.59.R,-37.81977577,145.14347378,512
BEG,Belgrave,2-BEG-vpt-1.59.R,-37.81980176,145.14325296,513
BEG,Belgrave,2-BEG-vpt-1.59.R,-37.81983281,145.14305575,514
BEG,Belgrave,2-BEG-vpt-1.59.R,-37.81987218,145.14286095,515
BEG,Belgrave,2-BEG-vpt-1.59.R,-37.8199619,145.14253277,516
BEG,Belgrave,2-BEG-vpt-1.59.R,-37.82007813,145.14218869,517
BEG,Belgrave,2-BEG-vpt-1.59.R,-37.82020851,145.14188425,518
BEG,Belgrave,2-BEG-vpt-1.59.R,-37.8204882,145.14134465,519
BEG,Belgrave,2-BEG-vpt-1.59.R,-37.82073043,145.14085858,520
BEG,Belgrave,2-BEG-vpt-1.59.R,-37.82104523,145.14022595,521
BEG,Belgrave,2-BEG-vpt-1.59.R,-37.8212355,145.13982877,522
BEG,Belgrave,2-BEG-vpt-1.59.R,-37.82136171,145.13950579,523
BEG,Belgrave,2-BEG-vpt-1.59.R,-37.82146323,145.1391723,524
BEG,Belgrave,2-BEG-vpt-1.59.R,-37.8215048,145.13900289,525
BEG,Belgrave,2-BEG-vpt-1.59.R,-37.82153826,145.13883891,526
BEG,Belgrave,2-BEG-vpt-1.59.R,-37.82156011,145.13871634,527
BEG,Belgrave,2-BEG-vpt-1.59.R,-37.82158301,145.13856887,528
BEG,Belgrave,2-BEG-vpt-1.59.R,-37.82160673,145.13835889,529
BEG,Belgrave,2-BEG-vpt-1.59.R,-37.821618,145.13820535,530
BEG,Belgrave,2-BEG-vpt-1.59.R,-37.82162355,145.13796902,531
BEG,Belgrave,2-BEG-vpt-1.59.R,-37.82162139,145.1378157,532
BEG,Belgrave,2-BEG-vpt-1.59.R,-37.82161557,145.13763589,533
BEG,Belgrave,2-BEG-vpt-1.59.R,-37.8216033,145.13745272,534
BEG,Belgrave,2-BEG-vpt-1.59.R,-37.82154577,145.13700041,535
BEG,Belgrave,2-BEG-vpt-1.59.R,-37.82081251,145.13203136,536
BEG,Belgrave,2-BEG-vpt-1.59.R,-37.8207242,145.13145259,537
BEG,Belgrave,2-BEG-vpt-1.59.R,-37.82061446,145.13076168,538
BEG,Belgrave,2-BEG-vpt-1.59.R,-37.82051251,145.13015293,539
BEG,Belgrave,2-BEG-vpt-1.59.R,-37.82041618,145.12955199,540
BEG,Belgrave,2-BEG-vpt-1.59.R,-37.82024932,145.12835209,541
BEG,Belgrave,2-BEG-vpt-1.59.R,-37.82016281,145.12766093,542
BEG,Belgrave,2-BEG-vpt-1.59.R,-37.82009716,145.12717635,543
BEG,Belgrave,2-BEG-vpt-1.59.R,-37.8199131,145.12606982,544
BEG,Belgrave,2-BEG-vpt-1.59.R,-37.81973068,145.12484,545
BEG,Belgrave,2-BEG-vpt-1.59.R,-37.81954074,145.12371091,546
BEG,Belgrave,2-BEG-vpt-1.59.R,-37.81926249,145.1218479,547
BEG,Belgrave,2-BEG-vpt-1.59.R,-37.81909823,145.12074805,548
BEG,Belgrave,2-BEG-vpt-1.59.R,-37.81897331,145.11978728,549
BEG,Belgrave,2-BEG-vpt-1.59.R,-37.81881228,145.11863726,550
BEG,Belgrave,2-BEG-vpt-1.59.R,-37.81875392,145.11826748,551
BEG,Belgrave,2-BEG-vpt-1.59.R,-37.81843788,145.1164023,552
BEG,Belgrave,2-BEG-vpt-1.59.R,-37.81838631,145.11606325,553
BEG,Belgrave,2-BEG-vpt-1.59.R,-37.81834391,145.11568876,554
BEG,Belgrave,2-BEG-vpt-1.59.R,-37.81830626,145.11529574,555
BEG,Belgrave,2-BEG-vpt-1.59.R,-37.81827953,145.11489835,556
BEG,Belgrave,2-BEG-vpt-1.59.R,-37.81822986,145.11369303,557
BEG,Belgrave,2-BEG-vpt-1.59.R,-37.81822262,145.11339876,558
BEG,Belgrave,2-BEG-vpt-1.59.R,-37.81821943,145.11302531,559
BEG,Belgrave,2-BEG-vpt-1.59.R,-37.81822663,145.11253549,560
BEG,Belgrave,2-BEG-vpt-1.59.R,-37.81823387,145.11221654,561
BEG,Belgrave,2-BEG-vpt-1.59.R,-37.81828388,145.11056427,562
BEG,Belgrave,2-BEG-vpt-1.59.R,-37.81830211,145.10988093,563
BEG,Belgrave,2-BEG-vpt-1.59.R,-37.8183262,145.10914212,564
BEG,Belgrave,2-BEG-vpt-1.59.R,-37.81834989,145.10875413,565
BEG,Belgrave,2-BEG-vpt-1.59.R,-37.81838703,145.10842339,566
BEG,Belgrave,2-BEG-vpt-1.59.R,-37.81841609,145.10821294,567
BEG,Belgrave,2-BEG-vpt-1.59.R,-37.81843344,145.10810366,568
BEG,Belgrave,2-BEG-vpt-1.59.R,-37.81847087,145.10792071,569
BEG,Belgrave,2-BEG-vpt-1.59.R,-37.81851489,145.10773237,570
BEG,Belgrave,2-BEG-vpt-1.59.R,-37.81855864,145.10756698,571
BEG,Belgrave,2-BEG-vpt-1.59.R,-37.81860552,145.10741106,572
BEG,Belgrave,2-BEG-vpt-1.59.R,-37.81865147,145.10725902,573
BEG,Belgrave,2-BEG-vpt-1.59.R,-37.81870292,145.10710706,574
BEG,Belgrave,2-BEG-vpt-1.59.R,-37.81878793,145.10689029,575
BEG,Belgrave,2-BEG-vpt-1.59.R,-37.81887452,145.106682,576
BEG,Belgrave,2-BEG-vpt-1.59.R,-37.81895868,145.10650183,577
BEG,Belgrave,2-BEG-vpt-1.59.R,-37.81907493,145.10628301,578
BEG,Belgrave,2-BEG-vpt-1.59.R,-37.8192099,145.10605701,579
BEG,Belgrave,2-BEG-vpt-1.59.R,-37.81934813,145.10583763,580
BEG,Belgrave,2-BEG-vpt-1.59.R,-37.81956859,145.10551447,581
BEG,Belgrave,2-BEG-vpt-1.59.R,-37.81992352,145.10500769,582
BEG,Belgrave,2-BEG-vpt-1.59.R,-37.82030793,145.10443971,583
BEG,Belgrave,2-BEG-vpt-1.59.R,-37.8208992,145.10357764,584
BEG,Belgrave,2-BEG-vpt-1.59.R,-37.82123728,145.10305934,585
BEG,Belgrave,2-BEG-vpt-1.59.R,-37.82138112,145.10283083,586
BEG,Belgrave,2-BEG-vpt-1.59.R,-37.82151662,145.10262173,587
BEG,Belgrave,2-BEG-vpt-1.59.R,-37.8216804,145.10238895,588
BEG,Belgrave,2-BEG-vpt-1.59.R,-37.82205978,145.101828,589
BEG,Belgrave,2-BEG-vpt-1.59.R,-37.82229242,145.10149564,590
BEG,Belgrave,2-BEG-vpt-1.59.R,-37.82236166,145.10139673,591
BEG,Belgrave,2-BEG-vpt-1.59.R,-37.82267896,145.10092666,592
BEG,Belgrave,2-BEG-vpt-1.59.R,-37.82310778,145.10030274,593
BEG,Belgrave,2-BEG-vpt-1.59.R,-37.82335428,145.09993559,594
BEG,Belgrave,2-BEG-vpt-1.59.R,-37.82359843,145.09954021,595
BEG,Belgrave,2-BEG-vpt-1.59.R,-37.82373076,145.09930766,596
BEG,Belgrave,2-BEG-vpt-1.59.R,-37.82384572,145.09908828,597
BEG,Belgrave,2-BEG-vpt-1.59.R,-37.82395364,145.09887329,598
BEG,Belgrave,2-BEG-vpt-1.59.R,-37.82410809,145.09853189,599
BEG,Belgrave,2-BEG-vpt-1.59.R,-37.82418692,145.09834673,600
BEG,Belgrave,2-BEG-vpt-1.59.R,-37.8242827,145.09811114,601
BEG,Belgrave,2-BEG-vpt-1.59.R,-37.82436533,145.0978819,602
BEG,Belgrave,2-BEG-vpt-1.59.R,-37.82448238,145.09753511,603
BEG,Belgrave,2-BEG-vpt-1.59.R,-37.82454331,145.09734051,604
BEG,Belgrave,2-BEG-vpt-1.59.R,-37.82463337,145.0970077,605
BEG,Belgrave,2-BEG-vpt-1.59.R,-37.82471918,145.09665159,606
BEG,Belgrave,2-BEG-vpt-1.59.R,-37.82482377,145.09613106,607
BEG,Belgrave,2-BEG-vpt-1.59.R,-37.8248603,145.09592664,608
BEG,Belgrave,2-BEG-vpt-1.59.R,-37.82492238,145.09547502,609
BEG,Belgrave,2-BEG-vpt-1.59.R,-37.82494449,145.09524802,610
BEG,Belgrave,2-BEG-vpt-1.59.R,-37.82496984,145.09488198,611
BEG,Belgrave,2-BEG-vpt-1.59.R,-37.82497973,145.0946912,612
BEG,Belgrave,2-BEG-vpt-1.59.R,-37.82498987,145.0942825,613
BEG,Belgrave,2-BEG-vpt-1.59.R,-37.82498246,145.09372996,614
BEG,Belgrave,2-BEG-vpt-1.59.R,-37.82496572,145.09349203,615
BEG,Belgrave,2-BEG-vpt-1.59.R,-37.82491053,145.09283279,616
BEG,Belgrave,2-BEG-vpt-1.59.R,-37.82484369,145.09235665,617
BEG,Belgrave,2-BEG-vpt-1.59.R,-37.82460649,145.09092715,618
BEG,Belgrave,2-BEG-vpt-1.59.R,-37.82449288,145.09030668,619
BEG,Belgrave,2-BEG-vpt-1.59.R,-37.82427543,145.08928501,620
BEG,Belgrave,2-BEG-vpt-1.59.R,-37.82421446,145.0889821,621
BEG,Belgrave,2-BEG-vpt-1.59.R,-37.82416925,145.08871151,622
BEG,Belgrave,2-BEG-vpt-1.59.R,-37.82404531,145.08781637,623
BEG,Belgrave,2-BEG-vpt-1.59.R,-37.82390798,145.08699623,624
BEG,Belgrave,2-BEG-vpt-1.59.R,-37.82373366,145.08597926,625
BEG,Belgrave,2-BEG-vpt-1.59.R,-37.82369604,145.08573858,626
BEG,Belgrave,2-BEG-vpt-1.59.R,-37.82366904,145.08554136,627
BEG,Belgrave,2-BEG-vpt-1.59.R,-37.82364977,145.08538156,628
BEG,Belgrave,2-BEG-vpt-1.59.R,-37.8236297,145.08514508,629
BEG,Belgrave,2-BEG-vpt-1.59.R,-37.82362312,145.08501153,630
BEG,Belgrave,2-BEG-vpt-1.59.R,-37.82361748,145.08479252,631
BEG,Belgrave,2-BEG-vpt-1.59.R,-37.82361989,145.08455819,632
BEG,Belgrave,2-BEG-vpt-1.59.R,-37.82362676,145.08438248,633
BEG,Belgrave,2-BEG-vpt-1.59.R,-37.82363657,145.08423738,634
BEG,Belgrave,2-BEG-vpt-1.59.R,-37.82364818,145.08409824,635
BEG,Belgrave,2-BEG-vpt-1.59.R,-37.82366966,145.08391193,636
BEG,Belgrave,2-BEG-vpt-1.59.R,-37.82368714,145.08378435,637
BEG,Belgrave,2-BEG-vpt-1.59.R,-37.82372372,145.08357311,638
BEG,Belgrave,2-BEG-vpt-1.59.R,-37.8237505,145.08343563,639
BEG,Belgrave,2-BEG-vpt-1.59.R,-37.82380316,145.08319977,640
BEG,Belgrave,2-BEG-vpt-1.59.R,-37.82384602,145.08303131,641
BEG,Belgrave,2-BEG-vpt-1.59.R,-37.82390491,145.08282347,642
BEG,Belgrave,2-BEG-vpt-1.59.R,-37.8239887,145.08256204,643
BEG,Belgrave,2-BEG-vpt-1.59.R,-37.82404801,145.08238611,644
BEG,Belgrave,2-BEG-vpt-1.59.R,-37.82412968,145.08214928,645
BEG,Belgrave,2-BEG-vpt-1.59.R,-37.82424092,145.08184703,646
BEG,Belgrave,2-BEG-vpt-1.59.R,-37.82428796,145.08172515,647
BEG,Belgrave,2-BEG-vpt-1.59.R,-37.82436841,145.08153527,648
BEG,Belgrave,2-BEG-vpt-1.59.R,-37.82439036,145.08148358,649
BEG,Belgrave,2-BEG-vpt-1.59.R,-37.82463349,145.08096261,650
BEG,Belgrave,2-BEG-vpt-1.59.R,-37.82524858,145.07965989,651
BEG,Belgrave,2-BEG-vpt-1.59.R,-37.82534041,145.07945573,652
BEG,Belgrave,2-BEG-vpt-1.59.R,-37.82541757,145.07926888,653
BEG,Belgrave,2-BEG-vpt-1.59.R,-37.82548638,145.07908975,654
BEG,Belgrave,2-BEG-vpt-1.59.R,-37.82554417,145.0789251,655
BEG,Belgrave,2-BEG-vpt-1.59.R,-37.82558332,145.07880081,656
BEG,Belgrave,2-BEG-vpt-1.59.R,-37.82567176,145.07848779,657
BEG,Belgrave,2-BEG-vpt-1.59.R,-37.82570737,145.0783395,658
BEG,Belgrave,2-BEG-vpt-1.59.R,-37.82573441,145.07821814,659
BEG,Belgrave,2-BEG-vpt-1.59.R,-37.8257655,145.07805839,660
BEG,Belgrave,2-BEG-vpt-1.59.R,-37.82579161,145.07790183,661
BEG,Belgrave,2-BEG-vpt-1.59.R,-37.82581268,145.07774655,662
BEG,Belgrave,2-BEG-vpt-1.59.R,-37.82583488,145.07754385,663
BEG,Belgrave,2-BEG-vpt-1.59.R,-37.82584737,145.0773931,664
BEG,Belgrave,2-BEG-vpt-1.59.R,-37.82585596,145.07722882,665
BEG,Belgrave,2-BEG-vpt-1.59.R,-37.82586048,145.07706975,666
BEG,Belgrave,2-BEG-vpt-1.59.R,-37.82586202,145.07694883,667
BEG,Belgrave,2-BEG-vpt-1.59.R,-37.82585506,145.07666645,668
BEG,Belgrave,2-BEG-vpt-1.59.R,-37.82584806,145.07653575,669
BEG,Belgrave,2-BEG-vpt-1.59.R,-37.82583594,145.07637291,670
BEG,Belgrave,2-BEG-vpt-1.59.R,-37.82575459,145.07559165,671
BEG,Belgrave,2-BEG-vpt-1.59.R,-37.82572924,145.07520409,672
BEG,Belgrave,2-BEG-vpt-1.59.R,-37.82558512,145.07275661,673
BEG,Belgrave,2-BEG-vpt-1.59.R,-37.82552689,145.07182047,674
BEG,Belgrave,2-BEG-vpt-1.59.R,-37.82549202,145.07106164,675
BEG,Belgrave,2-BEG-vpt-1.59.R,-37.82548662,145.07056666,676
BEG,Belgrave,2-BEG-vpt-1.59.R,-37.8255151,145.0699783,677
BEG,Belgrave,2-BEG-vpt-1.59.R,-37.82556933,145.06937837,678
BEG,Belgrave,2-BEG-vpt-1.59.R,-37.82559069,145.06918035,679
BEG,Belgrave,2-BEG-vpt-1.59.R,-37.82561876,145.06895785,680
BEG,Belgrave,2-BEG-vpt-1.59.R,-37.82565256,145.06873258,681
BEG,Belgrave,2-BEG-vpt-1.59.R,-37.82570909,145.06842105,682
BEG,Belgrave,2-BEG-vpt-1.59.R,-37.82575095,145.06820966,683
BEG,Belgrave,2-BEG-vpt-1.59.R,-37.82595053,145.06730724,684
BEG,Belgrave,2-BEG-vpt-1.59.R,-37.82606312,145.06672135,685
BEG,Belgrave,2-BEG-vpt-1.59.R,-37.82611834,145.066457,686
BEG,Belgrave,2-BEG-vpt-1.59.R,-37.82631351,145.0656215,687
BEG,Belgrave,2-BEG-vpt-1.59.R,-37.82634459,145.0654614,688
BEG,Belgrave,2-BEG-vpt-1.59.R,-37.82636787,145.06532616,689
BEG,Belgrave,2-BEG-vpt-1.59.R,-37.82639614,145.0651158,690
BEG,Belgrave,2-BEG-vpt-1.59.R,-37.8264236,145.06485115,691
BEG,Belgrave,2-BEG-vpt-1.59.R,-37.8264337,145.06467615,692
BEG,Belgrave,2-BEG-vpt-1.59.R,-37.82644352,145.06442401,693
BEG,Belgrave,2-BEG-vpt-1.59.R,-37.82647176,145.06345584,694
BEG,Belgrave,2-BEG-vpt-1.59.R,-37.82648222,145.06320981,695
BEG,Belgrave,2-BEG-vpt-1.59.R,-37.82649966,145.06258833,696
BEG,Belgrave,2-BEG-vpt-1.59.R,-37.82656066,145.06075344,697
BEG,Belgrave,2-BEG-vpt-1.59.R,-37.82656871,145.06020265,698
BEG,Belgrave,2-BEG-vpt-1.59.R,-37.82657282,145.05870282,699
BEG,Belgrave,2-BEG-vpt-1.59.R,-37.82657575,145.05835031,700
BEG,Belgrave,2-BEG-vpt-1.59.R,-37.82657931,145.05773522,701
BEG,Belgrave,2-BEG-vpt-1.59.R,-37.82657745,145.05750224,702
BEG,Belgrave,2-BEG-vpt-1.59.R,-37.82657271,145.05735705,703
BEG,Belgrave,2-BEG-vpt-1.59.R,-37.82656201,145.05717271,704
BEG,Belgrave,2-BEG-vpt-1.59.R,-37.82654802,145.05704617,705
BEG,Belgrave,2-BEG-vpt-1.59.R,-37.82653227,145.0569433,706
BEG,Belgrave,2-BEG-vpt-1.59.R,-37.82648776,145.05670395,707
BEG,Belgrave,2-BEG-vpt-1.59.R,-37.82644159,145.05648929,708
BEG,Belgrave,2-BEG-vpt-1.59.R,-37.82641607,145.05638998,709
BEG,Belgrave,2-BEG-vpt-1.59.R,-37.82636938,145.05622555,710
BEG,Belgrave,2-BEG-vpt-1.59.R,-37.82632362,145.05607928,711
BEG,Belgrave,2-BEG-vpt-1.59.R,-37.82627416,145.05593833,712
BEG,Belgrave,2-BEG-vpt-1.59.R,-37.8262259,145.05580985,713
BEG,Belgrave,2-BEG-vpt-1.59.R,-37.82618193,145.05570171,714
BEG,Belgrave,2-BEG-vpt-1.59.R,-37.82613467,145.05559558,715
BEG,Belgrave,2-BEG-vpt-1.59.R,-37.82604976,145.05542001,716
BEG,Belgrave,2-BEG-vpt-1.59.R,-37.82597407,145.05527305,717
BEG,Belgrave,2-BEG-vpt-1.59.R,-37.82590554,145.05515055,718
BEG,Belgrave,2-BEG-vpt-1.59.R,-37.82583187,145.05502808,719
BEG,Belgrave,2-BEG-vpt-1.59.R,-37.82575007,145.05490445,720
BEG,Belgrave,2-BEG-vpt-1.59.R,-37.82566406,145.05478219,721
BEG,Belgrave,2-BEG-vpt-1.59.R,-37.825523,145.05460071,722
BEG,Belgrave,2-BEG-vpt-1.59.R,-37.82543461,145.05449782,723
BEG,Belgrave,2-BEG-vpt-1.59.R,-37.82533111,145.05438624,724
BEG,Belgrave,2-BEG-vpt-1.59.R,-37.82519707,145.05424763,725
BEG,Belgrave,2-BEG-vpt-1.59.R,-37.82495814,145.05401691,726
BEG,Belgrave,2-BEG-vpt-1.59.R,-37.82474601,145.05381628,727
BEG,Belgrave,2-BEG-vpt-1.59.R,-37.82457632,145.05364203,728
BEG,Belgrave,2-BEG-vpt-1.59.R,-37.82450198,145.05356025,729
BEG,Belgrave,2-BEG-vpt-1.59.R,-37.82438799,145.05342509,730
BEG,Belgrave,2-BEG-vpt-1.59.R,-37.82432882,145.05335052,731
BEG,Belgrave,2-BEG-vpt-1.59.R,-37.82425628,145.05325279,732
BEG,Belgrave,2-BEG-vpt-1.59.R,-37.82417719,145.05314092,733
BEG,Belgrave,2-BEG-vpt-1.59.R,-37.8240657,145.05297116,734
BEG,Belgrave,2-BEG-vpt-1.59.R,-37.82400909,145.05287721,735
BEG,Belgrave,2-BEG-vpt-1.59.R,-37.82387887,145.05264319,736
BEG,Belgrave,2-BEG-vpt-1.59.R,-37.82378809,145.05245619,737
BEG,Belgrave,2-BEG-vpt-1.59.R,-37.82371404,145.05228863,738
BEG,Belgrave,2-BEG-vpt-1.59.R,-37.82367459,145.0521923,739
BEG,Belgrave,2-BEG-vpt-1.59.R,-37.8236028,145.05199775,740
BEG,Belgrave,2-BEG-vpt-1.59.R,-37.8235605,145.05187083,741
BEG,Belgrave,2-BEG-vpt-1.59.R,-37.82352933,145.05176769,742
BEG,Belgrave,2-BEG-vpt-1.59.R,-37.82346523,145.05153205,743
BEG,Belgrave,2-BEG-vpt-1.59.R,-37.82340623,145.05127229,744
BEG,Belgrave,2-BEG-vpt-1.59.R,-37.82336984,145.05108852,745
BEG,Belgrave,2-BEG-vpt-1.59.R,-37.82331486,145.05077788,746
BEG,Belgrave,2-BEG-vpt-1.59.R,-37.82317692,145.04994659,747
BEG,Belgrave,2-BEG-vpt-1.59.R,-37.82301961,145.04904617,748
BEG,Belgrave,2-BEG-vpt-1.59.R,-37.82297539,145.04881932,749
BEG,Belgrave,2-BEG-vpt-1.59.R,-37.82292689,145.04858974,750
BEG,Belgrave,2-BEG-vpt-1.59.R,-37.82267251,145.04742286,751
BEG,Belgrave,2-BEG-vpt-1.59.R,-37.82257627,145.04697244,752
BEG,Belgrave,2-BEG-vpt-1.59.R,-37.82254083,145.04679126,753
BEG,Belgrave,2-BEG-vpt-1.59.R,-37.82250824,145.04660875,754
BEG,Belgrave,2-BEG-vpt-1.59.R,-37.82246027,145.0462918,755
BEG,Belgrave,2-BEG-vpt-1.59.R,-37.82241956,145.04593512,756
BEG,Belgrave,2-BEG-vpt-1.59.R,-37.82238864,145.04561965,757
BEG,Belgrave,2-BEG-vpt-1.59.R,-37.82237228,145.04531266,758
BEG,Belgrave,2-BEG-vpt-1.59.R,-37.82234901,145.04494268,759
BEG,Belgrave,2-BEG-vpt-1.59.R,-37.8222757,145.04356143,760
BEG,Belgrave,2-BEG-vpt-1.59.R,-37.82225356,145.04318949,761
BEG,Belgrave,2-BEG-vpt-1.59.R,-37.82221096,145.04257816,762
BEG,Belgrave,2-BEG-vpt-1.59.R,-37.82218926,145.04234106,763
BEG,Belgrave,2-BEG-vpt-1.59.R,-37.82207667,145.04127669,764
BEG,Belgrave,2-BEG-vpt-1.59.R,-37.82191946,145.04005547,765
BEG,Belgrave,2-BEG-vpt-1.59.R,-37.82177597,145.03898829,766
BEG,Belgrave,2-BEG-vpt-1.59.R,-37.82146178,145.03641193,767
BEG,Belgrave,2-BEG-vpt-1.59.R,-37.82143406,145.03619794,768
BEG,Belgrave,2-BEG-vpt-1.59.R,-37.82138933,145.03572062,769
BEG,Belgrave,2-BEG-vpt-1.59.R,-37.82135432,145.03518373,770
BEG,Belgrave,2-BEG-vpt-1.59.R,-37.82133683,145.03479418,771
BEG,Belgrave,2-BEG-vpt-1.59.R,-37.82129222,145.0330615,772
BEG,Belgrave,2-BEG-vpt-1.59.R,-37.82127793,145.03271367,773
BEG,Belgrave,2-BEG-vpt-1.59.R,-37.82125927,145.03241095,774
BEG,Belgrave,2-BEG-vpt-1.59.R,-37.82122134,145.03199128,775
BEG,Belgrave,2-BEG-vpt-1.59.R,-37.82116713,145.03151909,776
BEG,Belgrave,2-BEG-vpt-1.59.R,-37.82103418,145.03043461,777
BEG,Belgrave,2-BEG-vpt-1.59.R,-37.8209287,145.02961321,778
BEG,Belgrave,2-BEG-vpt-1.59.R,-37.8207783,145.02862861,779
BEG,Belgrave,2-BEG-vpt-1.59.R,-37.8207381,145.02832112,780
BEG,Belgrave,2-BEG-vpt-1.59.R,-37.8206436,145.02752726,781
BEG,Belgrave,2-BEG-vpt-1.59.R,-37.82062266,145.02727766,782
BEG,Belgrave,2-BEG-vpt-1.59.R,-37.82061308,145.02713091,783
BEG,Belgrave,2-BEG-vpt-1.59.R,-37.82060463,145.02681497,784
BEG,Belgrave,2-BEG-vpt-1.59.R,-37.82060854,145.0266448,785
BEG,Belgrave,2-BEG-vpt-1.59.R,-37.82062211,145.02637871,786
BEG,Belgrave,2-BEG-vpt-1.59.R,-37.82063902,145.02618866,787
BEG,Belgrave,2-BEG-vpt-1.59.R,-37.82066284,145.02598103,788
BEG,Belgrave,2-BEG-vpt-1.59.R,-37.82068909,145.02580538,789
BEG,Belgrave,2-BEG-vpt-1.59.R,-37.82071559,145.02565494,790
BEG,Belgrave,2-BEG-vpt-1.59.R,-37.82076224,145.02541638,791
BEG,Belgrave,2-BEG-vpt-1.59.R,-37.82079421,145.02528079,792
BEG,Belgrave,2-BEG-vpt-1.59.R,-37.82087506,145.024997,793
BEG,Belgrave,2-BEG-vpt-1.59.R,-37.82093611,145.0248169,794
BEG,Belgrave,2-BEG-vpt-1.59.R,-37.8209991,145.02464447,795
BEG,Belgrave,2-BEG-vpt-1.59.R,-37.82110206,145.02440031,796
BEG,Belgrave,2-BEG-vpt-1.59.R,-37.82120643,145.02418065,797
BEG,Belgrave,2-BEG-vpt-1.59.R,-37.8213357,145.02394181,798
BEG,Belgrave,2-BEG-vpt-1.59.R,-37.8214426,145.02376015,799
BEG,Belgrave,2-BEG-vpt-1.59.R,-37.82171568,145.02335887,800
BEG,Belgrave,2-BEG-vpt-1.59.R,-37.8219323,145.02305658,801
BEG,Belgrave,2-BEG-vpt-1.59.R,-37.82250963,145.02228056,802
BEG,Belgrave,2-BEG-vpt-1.59.R,-37.82276992,145.0219446,803
BEG,Belgrave,2-BEG-vpt-1.59.R,-37.82329108,145.02122619,804
BEG,Belgrave,2-BEG-vpt-1.59.R,-37.82359699,145.02077869,805
BEG,Belgrave,2-BEG-vpt-1.59.R,-37.82388251,145.02036752,806
BEG,Belgrave,2-BEG-vpt-1.59.R,-37.82428318,145.01977831,807
BEG,Belgrave,2-BEG-vpt-1.59.R,-37.82464262,145.0191861,808
BEG,Belgrave,2-BEG-vpt-1.59.R,-37.82511707,145.01832779,809
BEG,Belgrave,2-BEG-vpt-1.59.R,-37.8259861,145.01679314,810
BEG,Belgrave,2-BEG-vpt-1.59.R,-37.82618101,145.01646594,811
BEG,Belgrave,2-BEG-vpt-1.59.R,-37.82657012,145.01584985,812
BEG,Belgrave,2-BEG-vpt-1.59.R,-37.826736,145.01557534,813
BEG,Belgrave,2-BEG-vpt-1.59.R,-37.82686193,145.01535269,814
BEG,Belgrave,2-BEG-vpt-1.59.R,-37.8269402,145.01520085,815
BEG,Belgrave,2-BEG-vpt-1.59.R,-37.82702562,145.01502336,816
BEG,Belgrave,2-BEG-vpt-1.59.R,-37.82709712,145.01486534,817
BEG,Belgrave,2-BEG-vpt-1.59.R,-37.82715526,145.01472744,818
BEG,Belgrave,2-BEG-vpt-1.59.R,-37.82721321,145.01457751,819
BEG,Belgrave,2-BEG-vpt-1.59.R,-37.8273486,145.01420043,820
BEG,Belgrave,2-BEG-vpt-1.59.R,-37.82749676,145.01373585,821
BEG,Belgrave,2-BEG-vpt-1.59.R,-37.82757756,145.01346646,822
BEG,Belgrave,2-BEG-vpt-1.59.R,-37.82761436,145.0133297,823
BEG,Belgrave,2-BEG-vpt-1.59.R,-37.82767818,145.01306383,824
BEG,Belgrave,2-BEG-vpt-1.59.R,-37.82770643,145.01293265,825
BEG,Belgrave,2-BEG-vpt-1.59.R,-37.82776181,145.01264723,826
BEG,Belgrave,2-BEG-vpt-1.59.R,-37.82779963,145.01240501,827
BEG,Belgrave,2-BEG-vpt-1.59.R,-37.82783828,145.01205756,828
BEG,Belgrave,2-BEG-vpt-1.59.R,-37.82786191,145.01177618,829
BEG,Belgrave,2-BEG-vpt-1.59.R,-37.82787923,145.01140328,830
BEG,Belgrave,2-BEG-vpt-1.59.R,-37.8278829,145.01124162,831
BEG,Belgrave,2-BEG-vpt-1.59.R,-37.82788294,145.01098814,832
BEG,Belgrave,2-BEG-vpt-1.59.R,-37.82787874,145.01082475,833
BEG,Belgrave,2-BEG-vpt-1.59.R,-37.82786281,145.01050592,834
BEG,Belgrave,2-BEG-vpt-1.59.R,-37.82785098,145.01033934,835
BEG,Belgrave,2-BEG-vpt-1.59.R,-37.82780966,145.00991018,836
BEG,Belgrave,2-BEG-vpt-1.59.R,-37.82776821,145.00928652,837
BEG,Belgrave,2-BEG-vpt-1.59.R,-37.82782544,145.00976126,838
BEG,Belgrave,2-BEG-vpt-1.59.R,-37.8278986,145.01050689,839
BEG,Belgrave,2-BEG-vpt-1.59.R,-37.82791413,145.01086073,840
BEG,Belgrave,2-BEG-vpt-1.59.R,-37.82791708,145.01104085,841
BEG,Belgrave,2-BEG-vpt-1.59.R,-37.82791264,145.0114551,842
BEG,Belgrave,2-BEG-vpt-1.59.R,-37.82789442,145.01179575,843
BEG,Belgrave,2-BEG-vpt-1.59.R,-37.82787644,145.01202779,844
BEG,Belgrave,2-BEG-vpt-1.59.R,-37.82786283,145.01216142,845
BEG,Belgrave,2-BEG-vpt-1.59.R,-37.82781784,145.01250155,846
BEG,Belgrave,2-BEG-vpt-1.59.R,-37.82776836,145.01279521,847
BEG,Belgrave,2-BEG-vpt-1.59.R,-37.82771696,145.01304405,848
BEG,Belgrave,2-BEG-vpt-1.59.R,-37.82764527,145.01334035,849
BEG,Belgrave,2-BEG-vpt-1.59.R,-37.82759747,145.01351967,850
BEG,Belgrave,2-BEG-vpt-1.59.R,-37.82755503,145.0136643,851
BEG,Belgrave,2-BEG-vpt-1.59.R,-37.82750833,145.01381814,852
BEG,Belgrave,2-BEG-vpt-1.59.R,-37.82741157,145.01411875,853
BEG,Belgrave,2-BEG-vpt-1.59.R,-37.82729137,145.01446714,854
BEG,Belgrave,2-BEG-vpt-1.59.R,-37.82723336,145.01462355,855
BEG,Belgrave,2-BEG-vpt-1.59.R,-37.8271757,145.01476905,856
BEG,Belgrave,2-BEG-vpt-1.59.R,-37.82704097,145.01507885,857
BEG,Belgrave,2-BEG-vpt-1.59.R,-37.82695002,145.01526989,858
BEG,Belgrave,2-BEG-vpt-1.59.R,-37.82680633,145.01553505,859
BEG,Belgrave,2-BEG-vpt-1.59.R,-37.82668314,145.01573832,860
BEG,Belgrave,2-BEG-vpt-1.59.R,-37.82643907,145.01613205,861
BEG,Belgrave,2-BEG-vpt-1.59.R,-37.82618208,145.01656135,862
BEG,Belgrave,2-BEG-vpt-1.59.R,-37.8255646,145.01763255,863
BEG,Belgrave,2-BEG-vpt-1.59.R,-37.82498831,145.01864538,864
BEG,Belgrave,2-BEG-vpt-1.59.R,-37.82468319,145.0192033,865
BEG,Belgrave,2-BEG-vpt-1.59.R,-37.82434427,145.01976122,866
BEG,Belgrave,2-BEG-vpt-1.59.R,-37.82399166,145.02029326,867
BEG,Belgrave,2-BEG-vpt-1.59.R,-37.82369767,145.02071,868
BEG,Belgrave,2-BEG-vpt-1.59.R,-37.82331727,145.0212564,869
BEG,Belgrave,2-BEG-vpt-1.59.R,-37.82292734,145.02180396,870
BEG,Belgrave,2-BEG-vpt-1.59.R,-37.82228418,145.02264161,871
BEG,Belgrave,2-BEG-vpt-1.59.R,-37.82216208,145.0228138,872
BEG,Belgrave,2-BEG-vpt-1.59.R,-37.82182046,145.02327678,873
BEG,Belgrave,2-BEG-vpt-1.59.R,-37.82216208,145.0228138,874
BEG,Belgrave,2-BEG-vpt-1.59.R,-37.82228418,145.02264161,875
BEG,Belgrave,2-BEG-vpt-1.59.R,-37.82292734,145.02180396,876
BEG,Belgrave,2-BEG-vpt-1.59.R,-37.82331727,145.0212564,877
BEG,Belgrave,2-BEG-vpt-1.59.R,-37.82369767,145.02071,878
BEG,Belgrave,2-BEG-vpt-1.59.R,-37.82399166,145.02029326,879
BEG,Belgrave,2-BEG-vpt-1.59.R,-37.82434427,145.01976122,880
BEG,Belgrave,2-BEG-vpt-1.59.R,-37.82468319,145.0192033,881
BEG,Belgrave,2-BEG-vpt-1.59.R,-37.82498831,145.01864538,882
BEG,Belgrave,2-BEG-vpt-1.59.R,-37.8255646,145.01763255,883
BEG,Belgrave,2-BEG-vpt-1.59.R,-37.82618208,145.01656135,884
BEG,Belgrave,2-BEG-vpt-1.59.R,-37.82643907,145.01613205,885
BEG,Belgrave,2-BEG-vpt-1.59.R,-37.82668314,145.01573832,886
BEG,Belgrave,2-BEG-vpt-1.59.R,-37.82680633,145.01553505,887
BEG,Belgrave,2-BEG-vpt-1.59.R,-37.82695002,145.01526989,888
BEG,Belgrave,2-BEG-vpt-1.59.R,-37.82704097,145.01507885,889
BEG,Belgrave,2-BEG-vpt-1.59.R,-37.8271757,145.01476905,890
BEG,Belgrave,2-BEG-vpt-1.59.R,-37.82723767,145.01461207,891
BEG,Belgrave,2-BEG-vpt-1.59.R,-37.82735423,145.01428833,892
BEG,Belgrave,2-BEG-vpt-1.59.R,-37.82741157,145.01411875,893
BEG,Belgrave,2-BEG-vpt-1.59.R,-37.82750833,145.01381814,894
BEG,Belgrave,2-BEG-vpt-1.59.R,-37.82759747,145.01351967,895
BEG,Belgrave,2-BEG-vpt-1.59.R,-37.82764527,145.01334035,896
BEG,Belgrave,2-BEG-vpt-1.59.R,-37.82771696,145.01304405,897
BEG,Belgrave,2-BEG-vpt-1.59.R,-37.82776836,145.01279521,898
BEG,Belgrave,2-BEG-vpt-1.59.R,-37.82779056,145.01266862,899
BEG,Belgrave,2-BEG-vpt-1.59.R,-37.82781784,145.01250155,900
BEG,Belgrave,2-BEG-vpt-1.59.R,-37.82784981,145.01227085,901
BEG,Belgrave,2-BEG-vpt-1.59.R,-37.82787644,145.01202779,902
BEG,Belgrave,2-BEG-vpt-1.59.R,-37.82789442,145.01179575,903
BEG,Belgrave,2-BEG-vpt-1.59.R,-37.82790734,145.01157885,904
BEG,Belgrave,2-BEG-vpt-1.59.R,-37.82791509,145.01135516,905
BEG,Belgrave,2-BEG-vpt-1.59.R,-37.82791708,145.01104085,906
BEG,Belgrave,2-BEG-vpt-1.59.R,-37.82790983,145.01073405,907
BEG,Belgrave,2-BEG-vpt-1.59.R,-37.8278986,145.01050689,908
BEG,Belgrave,2-BEG-vpt-1.59.R,-37.82782544,145.00976126,909
BEG,Belgrave,2-BEG-vpt-1.59.R,-37.82776821,145.00928652,910
BEG,Belgrave,2-BEG-vpt-1.59.R,-37.82759324,145.00769617,911
BEG,Belgrave,2-BEG-vpt-1.59.R,-37.82747527,145.00663646,912
BEG,Belgrave,2-BEG-vpt-1.59.R,-37.82737748,145.00554986,913
BEG,Belgrave,2-BEG-vpt-1.59.R,-37.82730487,145.00469004,914
BEG,Belgrave,2-BEG-vpt-1.59.R,-37.82725202,145.00415066,915
BEG,Belgrave,2-BEG-vpt-1.59.R,-37.82720631,145.00373992,916
BEG,Belgrave,2-BEG-vpt-1.59.R,-37.82713633,145.00315226,917
BEG,Belgrave,2-BEG-vpt-1.59.R,-37.82710839,145.00286511,918
BEG,Belgrave,2-BEG-vpt-1.59.R,-37.82706568,145.00246724,919
BEG,Belgrave,2-BEG-vpt-1.59.R,-37.82671684,144.99932033,920
BEG,Belgrave,2-BEG-vpt-1.59.R,-37.82659608,144.99824925,921
BEG,Belgrave,2-BEG-vpt-1.59.R,-37.8265623,144.99791636,922
BEG,Belgrave,2-BEG-vpt-1.59.R,-37.82643498,144.99678878,923
BEG,Belgrave,2-BEG-vpt-1.59.R,-37.82624231,144.99500446,924
BEG,Belgrave,2-BEG-vpt-1.59.R,-37.8261941,144.99461846,925
BEG,Belgrave,2-BEG-vpt-1.59.R,-37.82616627,144.99444504,926
BEG,Belgrave,2-BEG-vpt-1.59.R,-37.82614173,144.99432164,927
BEG,Belgrave,2-BEG-vpt-1.59.R,-37.82610893,144.9941788,928
BEG,Belgrave,2-BEG-vpt-1.59.R,-37.82607264,144.99404277,929
BEG,Belgrave,2-BEG-vpt-1.59.R,-37.82603393,144.99391839,930
BEG,Belgrave,2-BEG-vpt-1.59.R,-37.82596892,144.99373678,931
BEG,Belgrave,2-BEG-vpt-1.59.R,-37.82589351,144.99355795,932
BEG,Belgrave,2-BEG-vpt-1.59.R,-37.82583393,144.9934355,933
BEG,Belgrave,2-BEG-vpt-1.59.R,-37.82580634,144.99338171,934
BEG,Belgrave,2-BEG-vpt-1.59.R,-37.82572699,144.99324139,935
BEG,Belgrave,2-BEG-vpt-1.59.R,-37.82564869,144.99311547,936
BEG,Belgrave,2-BEG-vpt-1.59.R,-37.82557723,144.99301015,937
BEG,Belgrave,2-BEG-vpt-1.59.R,-37.82546483,144.99285505,938
BEG,Belgrave,2-BEG-vpt-1.59.R,-37.82518099,144.99248725,939
BEG,Belgrave,2-BEG-vpt-1.59.R,-37.82480593,144.99200696,940
BEG,Belgrave,2-BEG-vpt-1.59.R,-37.82468408,144.99185836,941
BEG,Belgrave,2-BEG-vpt-1.59.R,-37.82448589,144.99157732,942
BEG,Belgrave,2-BEG-vpt-1.59.R,-37.82428172,144.9912251,943
BEG,Belgrave,2-BEG-vpt-1.59.R,-37.8241713,144.99100201,944
BEG,Belgrave,2-BEG-vpt-1.59.R,-37.82407591,144.99077749,945
BEG,Belgrave,2-BEG-vpt-1.59.R,-37.82400911,144.99059104,946
BEG,Belgrave,2-BEG-vpt-1.59.R,-37.82388913,144.9901828,947
BEG,Belgrave,2-BEG-vpt-1.59.R,-37.82375708,144.98969571,948
BEG,Belgrave,2-BEG-vpt-1.59.R,-37.82333952,144.98815786,949
BEG,Belgrave,2-BEG-vpt-1.59.R,-37.82330804,144.98803454,950
BEG,Belgrave,2-BEG-vpt-1.59.R,-37.82322969,144.98770016,951
BEG,Belgrave,2-BEG-vpt-1.59.R,-37.82307914,144.98702771,952
BEG,Belgrave,2-BEG-vpt-1.59.R,-37.82302858,144.98682686,953
BEG,Belgrave,2-BEG-vpt-1.59.R,-37.82296742,144.98660767,954
BEG,Belgrave,2-BEG-vpt-1.59.R,-37.82287636,144.98632589,955
BEG,Belgrave,2-BEG-vpt-1.59.R,-37.82280561,144.98613559,956
BEG,Belgrave,2-BEG-vpt-1.59.R,-37.8227303,144.9859528,957
BEG,Belgrave,2-BEG-vpt-1.59.R,-37.82241993,144.98522051,958
BEG,Belgrave,2-BEG-vpt-1.59.R,-37.82221546,144.98475245,959
BEG,Belgrave,2-BEG-vpt-1.59.R,-37.82206757,144.98442053,960
BEG,Belgrave,2-BEG-vpt-1.59.R,-37.8219485,144.98416111,961
BEG,Belgrave,2-BEG-vpt-1.59.R,-37.82184052,144.98393343,962
BEG,Belgrave,2-BEG-vpt-1.59.R,-37.82171394,144.98367217,963
BEG,Belgrave,2-BEG-vpt-1.59.R,-37.8215987,144.98344719,964
BEG,Belgrave,2-BEG-vpt-1.59.R,-37.8213729,144.98302856,965
BEG,Belgrave,2-BEG-vpt-1.59.R,-37.82122223,144.98275558,966
BEG,Belgrave,2-BEG-vpt-1.59.R,-37.82109459,144.98253264,967
BEG,Belgrave,2-BEG-vpt-1.59.R,-37.8208647,144.98215411,968
BEG,Belgrave,2-BEG-vpt-1.59.R,-37.82074681,144.98196874,969
BEG,Belgrave,2-BEG-vpt-1.59.R,-37.82058028,144.98172255,970
BEG,Belgrave,2-BEG-vpt-1.59.R,-37.8202852,144.98126799,971
BEG,Belgrave,2-BEG-vpt-1.59.R,-37.8199963,144.98079623,972
BEG,Belgrave,2-BEG-vpt-1.59.R,-37.8197867,144.98042921,973
BEG,Belgrave,2-BEG-vpt-1.59.R,-37.81956601,144.98006215,974
BEG,Belgrave,2-BEG-vpt-1.59.R,-37.81907092,144.97920159,975
BEG,Belgrave,2-BEG-vpt-1.59.R,-37.81825757,144.97781909,976
BEG,Belgrave,2-BEG-vpt-1.59.R,-37.81808258,144.97752635,977
BEG,Belgrave,2-BEG-vpt-1.59.R,-37.81795646,144.97732417,978
BEG,Belgrave,2-BEG-vpt-1.59.R,-37.8178188,144.97712197,979
BEG,Belgrave,2-BEG-vpt-1.59.R,-37.81769058,144.9769444,980
BEG,Belgrave,2-BEG-vpt-1.59.R,-37.8174859,144.97668109,981
BEG,Belgrave,2-BEG-vpt-1.59.R,-37.81726073,144.97642608,982
BEG,Belgrave,2-BEG-vpt-1.59.R,-37.81699069,144.97616627,983
BEG,Belgrave,2-BEG-vpt-1.59.R,-37.81674371,144.97596399,984
BEG,Belgrave,2-BEG-vpt-1.59.R,-37.81653498,144.97581088,985
BEG,Belgrave,2-BEG-vpt-1.59.R,-37.81628819,144.97565097,986
BEG,Belgrave,2-BEG-vpt-1.59.R,-37.81605208,144.97551997,987
BEG,Belgrave,2-BEG-vpt-1.59.R,-37.81559533,144.97529764,988
BEG,Belgrave,2-BEG-vpt-1.59.R,-37.81274642,144.97393444,989
BEG,Belgrave,2-BEG-vpt-1.59.R,-37.81197582,144.97356794,990
BEG,Belgrave,2-BEG-vpt-1.59.R,-37.81156392,144.97339132,991
BEG,Belgrave,2-BEG-vpt-1.59.R,-37.81091872,144.97309,992
BEG,Belgrave,2-BEG-vpt-1.59.R,-37.81022728,144.97276735,993
BEG,Belgrave,2-BEG-vpt-1.59.R,-37.80972417,144.97249634,994
BEG,Belgrave,2-BEG-vpt-1.59.R,-37.80942859,144.97232383,995
BEG,Belgrave,2-BEG-vpt-1.59.R,-37.80919889,144.97214144,996
BEG,Belgrave,2-BEG-vpt-1.59.R,-37.80898189,144.97192702,997
BEG,Belgrave,2-BEG-vpt-1.59.R,-37.80879723,144.97170183,998
BEG,Belgrave,2-BEG-vpt-1.59.R,-37.80865331,144.97150824,999
BEG,Belgrave,2-BEG-vpt-1.59.R,-37.80848607,144.97121591,1000
BEG,Belgrave,2-BEG-vpt-1.59.R,-37.80836254,144.97094043,1001
BEG,Belgrave,2-BEG-vpt-1.59.R,-37.80826217,144.970685,1002
BEG,Belgrave,2-BEG-vpt-1.59.R,-37.80819009,144.97044004,1003
BEG,Belgrave,2-BEG-vpt-1.59.R,-37.80812909,144.97015843,1004
BEG,Belgrave,2-BEG-vpt-1.59.R,-37.80809134,144.96991321,1005
BEG,Belgrave,2-BEG-vpt-1.59.R,-37.80807133,144.96972998,1006
BEG,Belgrave,2-BEG-vpt-1.59.R,-37.80806295,144.96963116,1007
BEG,Belgrave,2-BEG-vpt-1.59.R,-37.80805596,144.96938748,1008
BEG,Belgrave,2-BEG-vpt-1.59.R,-37.80806749,144.96910525,1009
BEG,Belgrave,2-BEG-vpt-1.59.R,-37.80808979,144.96888269,1010
BEG,Belgrave,2-BEG-vpt-1.59.R,-37.80813263,144.96860267,1011
BEG,Belgrave,2-BEG-vpt-1.59.R,-37.80823661,144.96818387,1012
BEG,Belgrave,2-BEG-vpt-1.59.R,-37.80867589,144.96669316,1013
BEG,Belgrave,2-BEG-vpt-1.59.R,-37.80990601,144.96248675,1014
BEG,Belgrave,2-BEG-vpt-1.59.R,-37.81017086,144.96153907,1015
BEG,Belgrave,2-BEG-vpt-1.59.R,-37.8105657,144.96016696,1016
BEG,Belgrave,2-BEG-vpt-1.59.R,-37.81199681,144.95514036,1017
BEG,Belgrave,2-BEG-vpt-1.59.R,-37.81226553,144.95420592,1018
BEG,Belgrave,2-BEG-vpt-1.59.R,-37.81272533,144.95257374,1019
BEG,Belgrave,2-BEG-vpt-1.59.R,-37.81278112,144.95239261,1020
BEG,Belgrave,2-BEG-vpt-1.59.R,-37.81298212,144.95181467,1021
BEG,Belgrave,2-BEG-vpt-1.59.R,-37.81310774,144.95149836,1022
BEG,Belgrave,2-BEG-vpt-1.59.R,-37.81320192,144.95128107,1023
BEG,Belgrave,2-BEG-vpt-1.59.R,-37.81333227,144.95104505,1024
BEG,Belgrave,2-BEG-vpt-1.59.R,-37.81347319,144.95082646,1025
BEG,Belgrave,2-BEG-vpt-1.59.R,-37.81362997,144.95063334,1026
BEG,Belgrave,2-BEG-vpt-1.59.R,-37.81377729,144.95048182,1027
BEG,Belgrave,2-BEG-vpt-1.59.R,-37.81395628,144.95033294,1028
BEG,Belgrave,2-BEG-vpt-1.59.R,-37.8141178,144.95022056,1029
BEG,Belgrave,2-BEG-vpt-1.59.R,-37.8143072,144.95011559,1030
BEG,Belgrave,2-BEG-vpt-1.59.R,-37.81450064,144.95003061,1031
BEG,Belgrave,2-BEG-vpt-1.59.R,-37.81473111,144.94996516,1032
BEG,Belgrave,2-BEG-vpt-1.59.R,-37.81493126,144.94992929,1033
BEG,Belgrave,2-BEG-vpt-1.59.R,-37.81513588,144.94992193,1034
BEG,Belgrave,2-BEG-vpt-1.59.R,-37.81535367,144.9499359,1035
BEG,Belgrave,2-BEG-vpt-1.59.R,-37.81552007,144.94996412,1036
BEG,Belgrave,2-BEG-vpt-1.59.R,-37.81570968,144.95001636,1037
BEG,Belgrave,2-BEG-vpt-1.59.R,-37.81585539,144.95007764,1038
BEG,Belgrave,2-BEG-vpt-1.59.R,-37.81604506,144.95016918,1039
BEG,Belgrave,2-BEG-vpt-1.59.R,-37.81627214,144.95031353,1040
BEG,Belgrave,2-BEG-vpt-1.59.R,-37.81651369,144.9505019,1041
BEG,Belgrave,2-BEG-vpt-1.59.R,-37.81770409,144.95147762,1042
BEG,Belgrave,2-BEG-vpt-1.59.R,-37.81788329,144.9516099,1043
BEG,Belgrave,2-BEG-vpt-1.59.R,-37.81800824,144.95170573,1044
BEG,Belgrave,2-BEG-vpt-1.59.R,-37.8183531,144.95197929,1045
BEG,Belgrave,2-BEG-vpt-1.59.R,-37.81902181,144.95251019,1046
BEG,Belgrave,2-BEG-vpt-1.59.R,-37.81913511,144.95259441,1047
BEG,Belgrave,2-BEG-vpt-1.59.R,-37.8192285,144.95265795,1048
BEG,Belgrave,2-BEG-vpt-1.59.R,-37.81941137,144.95276843,1049
BEG,Belgrave,2-BEG-vpt-1.59.R,-37.81975173,144.95300043,1050
BEG,Belgrave,2-BEG-vpt-1.59.R,-37.8198604,144.95307775,1051
BEG,Belgrave,2-BEG-vpt-1.59.R,-37.81998401,144.95317464,1052
BEG,Belgrave,2-BEG-vpt-1.59.R,-37.820137,144.95331288,1053
BEG,Belgrave,2-BEG-vpt-1.59.R,-37.82018557,144.95338015,1054
BEG,Belgrave,2-BEG-vpt-1.59.R,-37.82033224,144.95356968,1055
BEG,Belgrave,2-BEG-vpt-1.59.R,-37.82045473,144.95370535,1056
BEG,Belgrave,2-BEG-vpt-1.59.R,-37.82054478,144.95382078,1057
BEG,Belgrave,2-BEG-vpt-1.59.R,-37.82070413,144.95403984,1058
BEG,Belgrave,2-BEG-vpt-1.59.R,-37.82083611,144.95423978,1059
BEG,Belgrave,2-BEG-vpt-1.59.R,-37.82088354,144.95431935,1060
BEG,Belgrave,2-BEG-vpt-1.59.R,-37.8209654,144.95447148,1061
BEG,Belgrave,2-BEG-vpt-1.59.R,-37.82105581,144.95466995,1062
BEG,Belgrave,2-BEG-vpt-1.59.R,-37.8210875,144.95475656,1063
BEG,Belgrave,2-BEG-vpt-1.59.R,-37.82115496,144.9549618,1064
BEG,Belgrave,2-BEG-vpt-1.59.R,-37.82118721,144.95508564,1065
BEG,Belgrave,2-BEG-vpt-1.59.R,-37.82123518,144.95530006,1066
BEG,Belgrave,2-BEG-vpt-1.59.R,-37.82125042,144.95539893,1067
BEG,Belgrave,2-BEG-vpt-1.59.R,-37.82126971,144.95556551,1068
BEG,Belgrave,2-BEG-vpt-1.59.R,-37.82127749,144.95566595,1069
BEG,Belgrave,2-BEG-vpt-1.59.R,-37.82128408,144.95588446,1070
BEG,Belgrave,2-BEG-vpt-1.59.R,-37.82128101,144.95601882,1071
BEG,Belgrave,2-BEG-vpt-1.59.R,-37.82126561,144.95622703,1072
BEG,Belgrave,2-BEG-vpt-1.59.R,-37.82124548,144.95639675,1073
BEG,Belgrave,2-BEG-vpt-1.59.R,-37.82122891,144.95649615,1074
BEG,Belgrave,2-BEG-vpt-1.59.R,-37.82118551,144.95669559,1075
BEG,Belgrave,2-BEG-vpt-1.59.R,-37.82114459,144.95684054,1076
BEG,Belgrave,2-BEG-vpt-1.59.R,-37.82107394,144.95704834,1077
BEG,Belgrave,2-BEG-vpt-1.59.R,-37.82100248,144.95721993,1078
BEG,Belgrave,2-BEG-vpt-1.59.R,-37.82095527,144.95731938,1079
BEG,Belgrave,2-BEG-vpt-1.59.R,-37.82086596,144.9574851,1080
BEG,Belgrave,2-BEG-vpt-1.59.R,-37.82080351,144.95758906,1081
BEG,Belgrave,2-BEG-vpt-1.59.R,-37.82051917,144.95802428,1082
BEG,Belgrave,2-BEG-vpt-1.59.R,-37.82042053,144.95818763,1083
BEG,Belgrave,2-BEG-vpt-1.59.R,-37.82030607,144.95839516,1084
BEG,Belgrave,2-BEG-vpt-1.59.R,-37.82026547,144.95847546,1085
BEG,Belgrave,2-BEG-vpt-1.59.R,-37.82019916,144.95861668,1086
BEG,Belgrave,2-BEG-vpt-1.59.R,-37.8201062,144.95883736,1087
BEG,Belgrave,2-BEG-vpt-1.59.R,-37.82002151,144.95906713,1088
BEG,Belgrave,2-BEG-vpt-1.59.R,-37.81997626,144.95920175,1089
BEG,Belgrave,2-BEG-vpt-1.59.R,-37.81994529,144.95930257,1090
BEG,Belgrave,2-BEG-vpt-1.59.R,-37.81985989,144.95959007,1091
BEG,Belgrave,2-BEG-vpt-1.59.R,-37.8196652,144.96026432,1092
BEG,Belgrave,2-BEG-vpt-1.59.R,-37.81960274,144.96050813,1093
BEG,Belgrave,2-BEG-vpt-1.59.R,-37.81954426,144.96078466,1094
BEG,Belgrave,2-BEG-vpt-1.59.R,-37.81952139,144.96091536,1095
BEG,Belgrave,2-BEG-vpt-1.59.R,-37.81950067,144.96105646,1096
BEG,Belgrave,2-BEG-vpt-1.59.R,-37.81947932,144.96122893,1097
BEG,Belgrave,2-BEG-vpt-1.59.R,-37.81946797,144.96134375,1098
BEG,Belgrave,2-BEG-vpt-1.59.R,-37.81945829,144.96149772,1099
BEG,Belgrave,2-BEG-vpt-1.59.R,-37.81945579,144.96164991,1100
BEG,Belgrave,2-BEG-vpt-1.59.R,-37.81944927,144.96174188,1101
BEG,Belgrave,2-BEG-vpt-1.59.R,-37.81944599,144.96185932,1102
BEG,Belgrave,2-BEG-vpt-1.59.R,-37.81942793,144.96210179,1103
BEG,Belgrave,2-BEG-vpt-1.59.R,-37.81940712,144.96223244,1104
BEG,Belgrave,2-BEG-vpt-1.59.R,-37.81932183,144.96267283,1105
BEG,Belgrave,2-BEG-vpt-1.59.R,-37.81929249,144.96281064,1106
BEG,Belgrave,2-BEG-vpt-1.59.R,-37.81925417,144.96297097,1107
BEG,Belgrave,2-BEG-vpt-1.59.R,-37.81919961,144.96317673,1108
BEG,Belgrave,2-BEG-vpt-1.59.R,-37.81907091,144.96360843,1109
BEG,Belgrave,2-BEG-vpt-1.59.R,-37.81901284,144.9638153,1110
BEG,Belgrave,2-BEG-vpt-1.59.R,-37.81897358,144.96394214,1111
BEG,Belgrave,2-BEG-vpt-1.59.R,-37.81893359,144.96405264,1112
BEG,Belgrave,2-BEG-vpt-1.59.R,-37.81880903,144.9643696,1113
BEG,Belgrave,2-BEG-vpt-1.59.R,-37.81862789,144.96481751,1114
BEG,Belgrave,2-BEG-vpt-1.59.R,-37.81854391,144.96504236,1115
BEG,Belgrave,2-BEG-vpt-1.59.R,-37.8184701,144.96528216,1116
BEG,Belgrave,2-BEG-vpt-1.59.R,-37.81812143,144.9664867,1117
CBE,Cranbourne,2-CBE-vpt-1.11.H,-37.81603172,144.96692653,1
CBE,Cranbourne,2-CBE-vpt-1.11.H,-37.81688297,144.96731315,2
CBE,Cranbourne,2-CBE-vpt-1.11.H,-37.81733083,144.96752068,3
CBE,Cranbourne,2-CBE-vpt-1.11.H,-37.8185997,144.96808535,4
CBE,Cranbourne,2-CBE-vpt-1.11.H,-37.81953042,144.96878916,5
CBE,Cranbourne,2-CBE-vpt-1.11.H,-37.82137526,144.97039609,6
CBE,Cranbourne,2-CBE-vpt-1.11.H,-37.82209848,144.97081105,7
CBE,Cranbourne,2-CBE-vpt-1.11.H,-37.82453902,144.97154663,8
CBE,Cranbourne,2-CBE-vpt-1.11.H,-37.82527159,144.97167756,9
CBE,Cranbourne,2-CBE-vpt-1.11.H,-37.82591589,144.97170695,10
CBE,Cranbourne,2-CBE-vpt-1.11.H,-37.8266697,144.97166382,11
CBE,Cranbourne,2-CBE-vpt-1.11.H,-37.82706774,144.97160565,12
CBE,Cranbourne,2-CBE-vpt-1.11.H,-37.82755573,144.97151185,13
CBE,Cranbourne,2-CBE-vpt-1.11.H,-37.82801821,144.97143851,14
CBE,Cranbourne,2-CBE-vpt-1.11.H,-37.82927534,144.97124422,15
CBE,Cranbourne,2-CBE-vpt-1.11.H,-37.82956916,144.97121516,16
CBE,Cranbourne,2-CBE-vpt-1.11.H,-37.82999246,144.97118981,17
CBE,Cranbourne,2-CBE-vpt-1.11.H,-37.83069767,144.97122912,18
CBE,Cranbourne,2-CBE-vpt-1.11.H,-37.83098478,144.97128602,19
CBE,Cranbourne,2-CBE-vpt-1.11.H,-37.83153844,144.9715148,20
CBE,Cranbourne,2-CBE-vpt-1.11.H,-37.83200344,144.97174488,21
CBE,Cranbourne,2-CBE-vpt-1.11.H,-37.83223646,144.97190541,22
CBE,Cranbourne,2-CBE-vpt-1.11.H,-37.83236647,144.97205012,23
CBE,Cranbourne,2-CBE-vpt-1.11.H,-37.83252257,144.97227128,24
CBE,Cranbourne,2-CBE-vpt-1.11.H,-37.83267602,144.97247387,25
CBE,Cranbourne,2-CBE-vpt-1.11.H,-37.83303882,144.97285492,26
CBE,Cranbourne,2-CBE-vpt-1.11.H,-37.83403753,144.97390395,27
CBE,Cranbourne,2-CBE-vpt-1.11.H,-37.83445807,144.97433093,28
CBE,Cranbourne,2-CBE-vpt-1.11.H,-37.83537222,144.97523198,29
CBE,Cranbourne,2-CBE-vpt-1.11.H,-37.83597851,144.97559265,30
CBE,Cranbourne,2-CBE-vpt-1.11.H,-37.83629389,144.97592605,31
CBE,Cranbourne,2-CBE-vpt-1.11.H,-37.83661579,144.97635575,32
CBE,Cranbourne,2-CBE-vpt-1.11.H,-37.8370742,144.97710465,33
CBE,Cranbourne,2-CBE-vpt-1.11.H,-37.83722412,144.97743815,34
CBE,Cranbourne,2-CBE-vpt-1.11.H,-37.83743179,144.97807506,35
CBE,Cranbourne,2-CBE-vpt-1.11.H,-37.83766729,144.97933107,36
CBE,Cranbourne,2-CBE-vpt-1.11.H,-37.83793807,144.98146268,37
CBE,Cranbourne,2-CBE-vpt-1.11.H,-37.83810863,144.98291161,38
CBE,Cranbourne,2-CBE-vpt-1.11.H,-37.83826674,144.98647273,39
CBE,Cranbourne,2-CBE-vpt-1.11.H,-37.8384553,144.98761836,40
CBE,Cranbourne,2-CBE-vpt-1.11.H,-37.83871294,144.98874654,41
CBE,Cranbourne,2-CBE-vpt-1.11.H,-37.8390311,144.98975162,42
CBE,Cranbourne,2-CBE-vpt-1.11.H,-37.83944659,144.990821,43
CBE,Cranbourne,2-CBE-vpt-1.11.H,-37.83966853,144.99140565,44
CBE,Cranbourne,2-CBE-vpt-1.11.H,-37.839976,144.99208116,45
CBE,Cranbourne,2-CBE-vpt-1.11.H,-37.84009171,144.99226109,46
CBE,Cranbourne,2-CBE-vpt-1.11.H,-37.84040114,144.99260247,47
CBE,Cranbourne,2-CBE-vpt-1.11.H,-37.84070923,144.99289195,48
CBE,Cranbourne,2-CBE-vpt-1.11.H,-37.84080637,144.9930133,49
CBE,Cranbourne,2-CBE-vpt-1.11.H,-37.84095671,144.99322604,50
CBE,Cranbourne,2-CBE-vpt-1.11.H,-37.84100666,144.99330685,51
CBE,Cranbourne,2-CBE-vpt-1.11.H,-37.84112503,144.99351557,52
CBE,Cranbourne,2-CBE-vpt-1.11.H,-37.84126639,144.99381992,53
CBE,Cranbourne,2-CBE-vpt-1.11.H,-37.84136126,144.9940569,54
CBE,Cranbourne,2-CBE-vpt-1.11.H,-37.84145589,144.99432149,55
CBE,Cranbourne,2-CBE-vpt-1.11.H,-37.84161989,144.99480239,56
CBE,Cranbourne,2-CBE-vpt-1.11.H,-37.84205271,144.99603955,57
CBE,Cranbourne,2-CBE-vpt-1.11.H,-37.84227933,144.99664173,58
CBE,Cranbourne,2-CBE-vpt-1.11.H,-37.84243394,144.99700539,59
CBE,Cranbourne,2-CBE-vpt-1.11.H,-37.84326128,144.99885295,60
CBE,Cranbourne,2-CBE-vpt-1.11.H,-37.8437932,145.00002737,61
CBE,Cranbourne,2-CBE-vpt-1.11.H,-37.84389013,145.00025862,62
CBE,Cranbourne,2-CBE-vpt-1.11.H,-37.84399799,145.00051765,63
CBE,Cranbourne,2-CBE-vpt-1.11.H,-37.84409449,145.00077142,64
CBE,Cranbourne,2-CBE-vpt-1.11.H,-37.84420042,145.00108698,65
CBE,Cranbourne,2-CBE-vpt-1.11.H,-37.8442803,145.00134915,66
CBE,Cranbourne,2-CBE-vpt-1.11.H,-37.84437087,145.00162002,67
CBE,Cranbourne,2-CBE-vpt-1.11.H,-37.8444471,145.00183195,68
CBE,Cranbourne,2-CBE-vpt-1.11.H,-37.84448894,145.00193957,69
CBE,Cranbourne,2-CBE-vpt-1.11.H,-37.84446924,145.00188874,70
CBE,Cranbourne,2-CBE-vpt-1.11.H,-37.84453294,145.00205248,71
CBE,Cranbourne,2-CBE-vpt-1.11.H,-37.84461686,145.00225045,72
CBE,Cranbourne,2-CBE-vpt-1.11.H,-37.84470687,145.00244576,73
CBE,Cranbourne,2-CBE-vpt-1.11.H,-37.84484482,145.0027258,74
CBE,Cranbourne,2-CBE-vpt-1.11.H,-37.84506087,145.00314761,75
CBE,Cranbourne,2-CBE-vpt-1.11.H,-37.84513871,145.00331654,76
CBE,Cranbourne,2-CBE-vpt-1.11.H,-37.84526326,145.0036307,77
CBE,Cranbourne,2-CBE-vpt-1.11.H,-37.84593589,145.00551701,78
CBE,Cranbourne,2-CBE-vpt-1.11.H,-37.84649798,145.0070829,79
CBE,Cranbourne,2-CBE-vpt-1.11.H,-37.84657412,145.00730063,80
CBE,Cranbourne,2-CBE-vpt-1.11.H,-37.84727781,145.00917311,81
CBE,Cranbourne,2-CBE-vpt-1.11.H,-37.84738618,145.00945317,82
CBE,Cranbourne,2-CBE-vpt-1.11.H,-37.84747304,145.0096654,83
CBE,Cranbourne,2-CBE-vpt-1.11.H,-37.84762657,145.01001039,84
CBE,Cranbourne,2-CBE-vpt-1.11.H,-37.84770756,145.01017914,85
CBE,Cranbourne,2-CBE-vpt-1.11.H,-37.84779256,145.01034596,86
CBE,Cranbourne,2-CBE-vpt-1.11.H,-37.84796923,145.01067329,87
CBE,Cranbourne,2-CBE-vpt-1.11.H,-37.84806127,145.01083492,88
CBE,Cranbourne,2-CBE-vpt-1.11.H,-37.84815693,145.01099237,89
CBE,Cranbourne,2-CBE-vpt-1.11.H,-37.84844808,145.01143891,90
CBE,Cranbourne,2-CBE-vpt-1.11.H,-37.84859163,145.01163621,91
CBE,Cranbourne,2-CBE-vpt-1.11.H,-37.84873801,145.01183003,92
CBE,Cranbourne,2-CBE-vpt-1.11.H,-37.84889341,145.01201872,93
CBE,Cranbourne,2-CBE-vpt-1.11.H,-37.84905229,145.01220572,94
CBE,Cranbourne,2-CBE-vpt-1.11.H,-37.8494459,145.01262599,95
CBE,Cranbourne,2-CBE-vpt-1.11.H,-37.8495402,145.01272416,96
CBE,Cranbourne,2-CBE-vpt-1.11.H,-37.85068443,145.01386722,97
CBE,Cranbourne,2-CBE-vpt-1.11.H,-37.85123584,145.01442148,98
CBE,Cranbourne,2-CBE-vpt-1.11.H,-37.85185466,145.01503475,99
CBE,Cranbourne,2-CBE-vpt-1.11.H,-37.85428067,145.01738966,100
CBE,Cranbourne,2-CBE-vpt-1.11.H,-37.855298,145.0183684,101
CBE,Cranbourne,2-CBE-vpt-1.11.H,-37.8554177,145.01849318,102
CBE,Cranbourne,2-CBE-vpt-1.11.H,-37.85554818,145.01863698,103
CBE,Cranbourne,2-CBE-vpt-1.11.H,-37.8558961,145.01904775,104
CBE,Cranbourne,2-CBE-vpt-1.11.H,-37.8559812,145.01914061,105
CBE,Cranbourne,2-CBE-vpt-1.11.H,-37.85609663,145.01926311,106
CBE,Cranbourne,2-CBE-vpt-1.11.H,-37.85615616,145.01932528,107
CBE,Cranbourne,2-CBE-vpt-1.11.H,-37.85635269,145.01951177,108
CBE,Cranbourne,2-CBE-vpt-1.11.H,-37.85653406,145.01967036,109
CBE,Cranbourne,2-CBE-vpt-1.11.H,-37.85686277,145.01993026,110
CBE,Cranbourne,2-CBE-vpt-1.11.H,-37.85703409,145.02006968,111
CBE,Cranbourne,2-CBE-vpt-1.11.H,-37.85714736,145.02016588,112
CBE,Cranbourne,2-CBE-vpt-1.11.H,-37.85749714,145.02048955,113
CBE,Cranbourne,2-CBE-vpt-1.11.H,-37.86142674,145.02425515,114
CBE,Cranbourne,2-CBE-vpt-1.11.H,-37.86178096,145.02460261,115
CBE,Cranbourne,2-CBE-vpt-1.11.H,-37.86202424,145.0248471,116
CBE,Cranbourne,2-CBE-vpt-1.11.H,-37.86226734,145.02510819,117
CBE,Cranbourne,2-CBE-vpt-1.11.H,-37.86289169,145.02579093,118
CBE,Cranbourne,2-CBE-vpt-1.11.H,-37.86473974,145.02781774,119
CBE,Cranbourne,2-CBE-vpt-1.11.H,-37.86533521,145.02846163,120
CBE,Cranbourne,2-CBE-vpt-1.11.H,-37.86564978,145.02880973,121
CBE,Cranbourne,2-CBE-vpt-1.11.H,-37.86610444,145.02930575,122
CBE,Cranbourne,2-CBE-vpt-1.11.H,-37.86626792,145.02949453,123
CBE,Cranbourne,2-CBE-vpt-1.11.H,-37.8668285,145.03013778,124
CBE,Cranbourne,2-CBE-vpt-1.11.H,-37.86736233,145.03075527,125
CBE,Cranbourne,2-CBE-vpt-1.11.H,-37.86779964,145.0312545,126
CBE,Cranbourne,2-CBE-vpt-1.11.H,-37.87142472,145.03529382,127
CBE,Cranbourne,2-CBE-vpt-1.11.H,-37.87150658,145.03538213,128
CBE,Cranbourne,2-CBE-vpt-1.11.H,-37.87473173,145.03897122,129
CBE,Cranbourne,2-CBE-vpt-1.11.H,-37.87521724,145.03952009,130
CBE,Cranbourne,2-CBE-vpt-1.11.H,-37.8753604,145.0396858,131
CBE,Cranbourne,2-CBE-vpt-1.11.H,-37.87560386,145.03997528,132
CBE,Cranbourne,2-CBE-vpt-1.11.H,-37.87590838,145.04034398,133
CBE,Cranbourne,2-CBE-vpt-1.11.H,-37.87602551,145.04048913,134
CBE,Cranbourne,2-CBE-vpt-1.11.H,-37.87618399,145.04070322,135
CBE,Cranbourne,2-CBE-vpt-1.11.H,-37.87634108,145.04093133,136
CBE,Cranbourne,2-CBE-vpt-1.11.H,-37.87652807,145.04122879,137
CBE,Cranbourne,2-CBE-vpt-1.11.H,-37.8769458,145.04202165,138
CBE,Cranbourne,2-CBE-vpt-1.11.H,-37.87717797,145.04240797,139
CBE,Cranbourne,2-CBE-vpt-1.11.H,-37.87761429,145.04307266,140
CBE,Cranbourne,2-CBE-vpt-1.11.H,-37.87789422,145.04349115,141
CBE,Cranbourne,2-CBE-vpt-1.11.H,-37.87802241,145.04366194,142
CBE,Cranbourne,2-CBE-vpt-1.11.H,-37.87887657,145.04468784,143
CBE,Cranbourne,2-CBE-vpt-1.11.H,-37.87895998,145.04480513,144
CBE,Cranbourne,2-CBE-vpt-1.11.H,-37.87979813,145.04606171,145
CBE,Cranbourne,2-CBE-vpt-1.11.H,-37.88008292,145.0464644,146
CBE,Cranbourne,2-CBE-vpt-1.11.H,-37.88063227,145.04720257,147
CBE,Cranbourne,2-CBE-vpt-1.11.H,-37.88087386,145.04755434,148
CBE,Cranbourne,2-CBE-vpt-1.11.H,-37.88108479,145.04787838,149
CBE,Cranbourne,2-CBE-vpt-1.11.H,-37.88130358,145.04824702,150
CBE,Cranbourne,2-CBE-vpt-1.11.H,-37.88181113,145.04914413,151
CBE,Cranbourne,2-CBE-vpt-1.11.H,-37.88213573,145.04970918,152
CBE,Cranbourne,2-CBE-vpt-1.11.H,-37.88234611,145.05008191,153
CBE,Cranbourne,2-CBE-vpt-1.11.H,-37.88244852,145.05026875,154
CBE,Cranbourne,2-CBE-vpt-1.11.H,-37.88264088,145.05064719,155
CBE,Cranbourne,2-CBE-vpt-1.11.H,-37.88282559,145.05104255,156
CBE,Cranbourne,2-CBE-vpt-1.11.H,-37.88291103,145.05123848,157
CBE,Cranbourne,2-CBE-vpt-1.11.H,-37.88340991,145.05244627,158
CBE,Cranbourne,2-CBE-vpt-1.11.H,-37.88358377,145.05284545,159
CBE,Cranbourne,2-CBE-vpt-1.11.H,-37.88518353,145.05640447,160
CBE,Cranbourne,2-CBE-vpt-1.11.H,-37.88615964,145.05856914,161
CBE,Cranbourne,2-CBE-vpt-1.11.H,-37.88664704,145.05965851,162
CBE,Cranbourne,2-CBE-vpt-1.11.H,-37.8889944,145.06480657,163
CBE,Cranbourne,2-CBE-vpt-1.11.H,-37.88933316,145.06560755,164
CBE,Cranbourne,2-CBE-vpt-1.11.H,-37.89013492,145.06738847,165
CBE,Cranbourne,2-CBE-vpt-1.11.H,-37.89069422,145.06862515,166
CBE,Cranbourne,2-CBE-vpt-1.11.H,-37.89099194,145.06928806,167
CBE,Cranbourne,2-CBE-vpt-1.11.H,-37.89133353,145.07006491,168
CBE,Cranbourne,2-CBE-vpt-1.11.H,-37.89249148,145.07263458,169
CBE,Cranbourne,2-CBE-vpt-1.11.H,-37.89303243,145.0738161,170
CBE,Cranbourne,2-CBE-vpt-1.11.H,-37.89393204,145.07581332,171
CBE,Cranbourne,2-CBE-vpt-1.11.H,-37.89493617,145.07803737,172
CBE,Cranbourne,2-CBE-vpt-1.11.H,-37.89506681,145.07831122,173
CBE,Cranbourne,2-CBE-vpt-1.11.H,-37.89554361,145.07927615,174
CBE,Cranbourne,2-CBE-vpt-1.11.H,-37.89579555,145.07982092,175
CBE,Cranbourne,2-CBE-vpt-1.11.H,-37.89795539,145.08460825,176
CBE,Cranbourne,2-CBE-vpt-1.11.H,-37.89836887,145.08551746,177
CBE,Cranbourne,2-CBE-vpt-1.11.H,-37.89851986,145.08582516,178
CBE,Cranbourne,2-CBE-vpt-1.11.H,-37.89863578,145.08603698,179
CBE,Cranbourne,2-CBE-vpt-1.11.H,-37.89876387,145.08624986,180
CBE,Cranbourne,2-CBE-vpt-1.11.H,-37.89895648,145.08653954,181
CBE,Cranbourne,2-CBE-vpt-1.11.H,-37.89930218,145.08701097,182
CBE,Cranbourne,2-CBE-vpt-1.11.H,-37.89960038,145.08739902,183
CBE,Cranbourne,2-CBE-vpt-1.11.H,-37.90031774,145.08834829,184
CBE,Cranbourne,2-CBE-vpt-1.11.H,-37.90068893,145.08884194,185
CBE,Cranbourne,2-CBE-vpt-1.11.H,-37.90126826,145.08960532,186
CBE,Cranbourne,2-CBE-vpt-1.11.H,-37.90147129,145.08986586,187
CBE,Cranbourne,2-CBE-vpt-1.11.H,-37.90209789,145.09064942,188
CBE,Cranbourne,2-CBE-vpt-1.11.H,-37.90234857,145.09097504,189
CBE,Cranbourne,2-CBE-vpt-1.11.H,-37.9043084,145.09356135,190
CBE,Cranbourne,2-CBE-vpt-1.11.H,-37.90488246,145.09432438,191
CBE,Cranbourne,2-CBE-vpt-1.11.H,-37.90599797,145.09579535,192
CBE,Cranbourne,2-CBE-vpt-1.11.H,-37.90960284,145.10055983,193
CBE,Cranbourne,2-CBE-vpt-1.11.H,-37.90984947,145.10089939,194
CBE,Cranbourne,2-CBE-vpt-1.11.H,-37.91021083,145.10141753,195
CBE,Cranbourne,2-CBE-vpt-1.11.H,-37.91035972,145.10162504,196
CBE,Cranbourne,2-CBE-vpt-1.11.H,-37.91100609,145.10248256,197
CBE,Cranbourne,2-CBE-vpt-1.11.H,-37.9117936,145.10353712,198
CBE,Cranbourne,2-CBE-vpt-1.11.H,-37.91278399,145.10483936,199
CBE,Cranbourne,2-CBE-vpt-1.11.H,-37.91494448,145.10769449,200
CBE,Cranbourne,2-CBE-vpt-1.11.H,-37.91667913,145.10999657,201
CBE,Cranbourne,2-CBE-vpt-1.11.H,-37.91768618,145.11132517,202
CBE,Cranbourne,2-CBE-vpt-1.11.H,-37.91928067,145.11343932,203
CBE,Cranbourne,2-CBE-vpt-1.11.H,-37.9203224,145.11481434,204
CBE,Cranbourne,2-CBE-vpt-1.11.H,-37.92049761,145.11505195,205
CBE,Cranbourne,2-CBE-vpt-1.11.H,-37.92070317,145.11534441,206
CBE,Cranbourne,2-CBE-vpt-1.11.H,-37.92084489,145.11555569,207
CBE,Cranbourne,2-CBE-vpt-1.11.H,-37.92136816,145.11636904,208
CBE,Cranbourne,2-CBE-vpt-1.11.H,-37.92151606,145.11659507,209
CBE,Cranbourne,2-CBE-vpt-1.11.H,-37.92165758,145.11680545,210
CBE,Cranbourne,2-CBE-vpt-1.11.H,-37.92181882,145.11703204,211
CBE,Cranbourne,2-CBE-vpt-1.11.H,-37.92192744,145.11717978,212
CBE,Cranbourne,2-CBE-vpt-1.11.H,-37.92252109,145.11794836,213
CBE,Cranbourne,2-CBE-vpt-1.11.H,-37.92280287,145.11831888,214
CBE,Cranbourne,2-CBE-vpt-1.11.H,-37.92300737,145.11859671,215
CBE,Cranbourne,2-CBE-vpt-1.11.H,-37.92361651,145.11944944,216
CBE,Cranbourne,2-CBE-vpt-1.11.H,-37.9238264,145.11973738,217
CBE,Cranbourne,2-CBE-vpt-1.11.H,-37.9247417,145.12095345,218
CBE,Cranbourne,2-CBE-vpt-1.11.H,-37.92693691,145.12385754,219
CBE,Cranbourne,2-CBE-vpt-1.11.H,-37.92729463,145.12431776,220
CBE,Cranbourne,2-CBE-vpt-1.11.H,-37.9275926,145.12468734,221
CBE,Cranbourne,2-CBE-vpt-1.11.H,-37.92917322,145.12661866,222
CBE,Cranbourne,2-CBE-vpt-1.11.H,-37.92946793,145.12699323,223
CBE,Cranbourne,2-CBE-vpt-1.11.H,-37.92990109,145.12756875,224
CBE,Cranbourne,2-CBE-vpt-1.11.H,-37.93093894,145.12897078,225
CBE,Cranbourne,2-CBE-vpt-1.11.H,-37.93140243,145.12960608,226
CBE,Cranbourne,2-CBE-vpt-1.11.H,-37.93180779,145.13013944,227
CBE,Cranbourne,2-CBE-vpt-1.11.H,-37.93338496,145.13212535,228
CBE,Cranbourne,2-CBE-vpt-1.11.H,-37.93370944,145.13253744,229
CBE,Cranbourne,2-CBE-vpt-1.11.H,-37.93428306,145.13330495,230
CBE,Cranbourne,2-CBE-vpt-1.11.H,-37.9348984,145.13421444,231
CBE,Cranbourne,2-CBE-vpt-1.11.H,-37.93628623,145.13612542,232
CBE,Cranbourne,2-CBE-vpt-1.11.H,-37.93667764,145.1366955,233
CBE,Cranbourne,2-CBE-vpt-1.11.H,-37.93701916,145.1371377,234
CBE,Cranbourne,2-CBE-vpt-1.11.H,-37.93782908,145.1382095,235
CBE,Cranbourne,2-CBE-vpt-1.11.H,-37.93819649,145.13869339,236
CBE,Cranbourne,2-CBE-vpt-1.11.H,-37.9383394,145.13886923,237
CBE,Cranbourne,2-CBE-vpt-1.11.H,-37.9384394,145.13898698,238
CBE,Cranbourne,2-CBE-vpt-1.11.H,-37.93886312,145.13946388,239
CBE,Cranbourne,2-CBE-vpt-1.11.H,-37.93898561,145.13960815,240
CBE,Cranbourne,2-CBE-vpt-1.11.H,-37.93911401,145.13976615,241
CBE,Cranbourne,2-CBE-vpt-1.11.H,-37.93928721,145.13999357,242
CBE,Cranbourne,2-CBE-vpt-1.11.H,-37.93951711,145.1403023,243
CBE,Cranbourne,2-CBE-vpt-1.11.H,-37.93956346,145.14037805,244
CBE,Cranbourne,2-CBE-vpt-1.11.H,-37.93964808,145.14049745,245
CBE,Cranbourne,2-CBE-vpt-1.11.H,-37.93985223,145.14076164,246
CBE,Cranbourne,2-CBE-vpt-1.11.H,-37.94091726,145.1421604,247
CBE,Cranbourne,2-CBE-vpt-1.11.H,-37.9421801,145.14383938,248
CBE,Cranbourne,2-CBE-vpt-1.11.H,-37.9425397,145.14432091,249
CBE,Cranbourne,2-CBE-vpt-1.11.H,-37.94290347,145.14479835,250
CBE,Cranbourne,2-CBE-vpt-1.11.H,-37.94300511,145.14494611,251
CBE,Cranbourne,2-CBE-vpt-1.11.H,-37.94382259,145.14602165,252
CBE,Cranbourne,2-CBE-vpt-1.11.H,-37.94411529,145.14641566,253
CBE,Cranbourne,2-CBE-vpt-1.11.H,-37.94471839,145.14720688,254
CBE,Cranbourne,2-CBE-vpt-1.11.H,-37.94549137,145.14823386,255
CBE,Cranbourne,2-CBE-vpt-1.11.H,-37.94619981,145.14917985,256
CBE,Cranbourne,2-CBE-vpt-1.11.H,-37.94687001,145.15014162,257
CBE,Cranbourne,2-CBE-vpt-1.11.H,-37.94693742,145.15022767,258
CBE,Cranbourne,2-CBE-vpt-1.11.H,-37.94717939,145.15051396,259
CBE,Cranbourne,2-CBE-vpt-1.11.H,-37.94736379,145.15077336,260
CBE,Cranbourne,2-CBE-vpt-1.11.H,-37.94778559,145.15138972,261
CBE,Cranbourne,2-CBE-vpt-1.11.H,-37.94853334,145.15244177,262
CBE,Cranbourne,2-CBE-vpt-1.11.H,-37.94898629,145.15303962,263
CBE,Cranbourne,2-CBE-vpt-1.11.H,-37.94918112,145.15330321,264
CBE,Cranbourne,2-CBE-vpt-1.11.H,-37.94966536,145.15394251,265
CBE,Cranbourne,2-CBE-vpt-1.11.H,-37.95026956,145.15474987,266
CBE,Cranbourne,2-CBE-vpt-1.11.H,-37.95077779,145.15540806,267
CBE,Cranbourne,2-CBE-vpt-1.11.H,-37.95092948,145.1555818,268
CBE,Cranbourne,2-CBE-vpt-1.11.H,-37.95117643,145.15587642,269
CBE,Cranbourne,2-CBE-vpt-1.11.H,-37.95176173,145.15656525,270
CBE,Cranbourne,2-CBE-vpt-1.11.H,-37.95289311,145.15796507,271
CBE,Cranbourne,2-CBE-vpt-1.11.H,-37.95340681,145.15860575,272
CBE,Cranbourne,2-CBE-vpt-1.11.H,-37.95405018,145.15948755,273
CBE,Cranbourne,2-CBE-vpt-1.11.H,-37.9549389,145.16066646,274
CBE,Cranbourne,2-CBE-vpt-1.11.H,-37.95538594,145.16130405,275
CBE,Cranbourne,2-CBE-vpt-1.11.H,-37.95564362,145.16169245,276
CBE,Cranbourne,2-CBE-vpt-1.11.H,-37.95599839,145.16223869,277
CBE,Cranbourne,2-CBE-vpt-1.11.H,-37.95636426,145.16276292,278
CBE,Cranbourne,2-CBE-vpt-1.11.H,-37.95683967,145.16337081,279
CBE,Cranbourne,2-CBE-vpt-1.11.H,-37.95715801,145.16377786,280
CBE,Cranbourne,2-CBE-vpt-1.11.H,-37.95853396,145.16544213,281
CBE,Cranbourne,2-CBE-vpt-1.11.H,-37.95897198,145.16602264,282
CBE,Cranbourne,2-CBE-vpt-1.11.H,-37.95932048,145.16649783,283
CBE,Cranbourne,2-CBE-vpt-1.11.H,-37.95957544,145.16687416,284
CBE,Cranbourne,2-CBE-vpt-1.11.H,-37.95987379,145.16732932,285
CBE,Cranbourne,2-CBE-vpt-1.11.H,-37.96040059,145.16812527,286
CBE,Cranbourne,2-CBE-vpt-1.11.H,-37.96061789,145.16843346,287
CBE,Cranbourne,2-CBE-vpt-1.11.H,-37.9608382,145.1687385,288
CBE,Cranbourne,2-CBE-vpt-1.11.H,-37.96231393,145.17070404,289
CBE,Cranbourne,2-CBE-vpt-1.11.H,-37.96334927,145.17207615,290
CBE,Cranbourne,2-CBE-vpt-1.11.H,-37.96395204,145.17288032,291
CBE,Cranbourne,2-CBE-vpt-1.11.H,-37.9648314,145.17406307,292
CBE,Cranbourne,2-CBE-vpt-1.11.H,-37.96501747,145.17432847,293
CBE,Cranbourne,2-CBE-vpt-1.11.H,-37.96583808,145.17544248,294
CBE,Cranbourne,2-CBE-vpt-1.11.H,-37.96623859,145.17596689,295
CBE,Cranbourne,2-CBE-vpt-1.11.H,-37.96680513,145.17670872,296
CBE,Cranbourne,2-CBE-vpt-1.11.H,-37.9669099,145.17685776,297
CBE,Cranbourne,2-CBE-vpt-1.11.H,-37.96794258,145.17816135,298
CBE,Cranbourne,2-CBE-vpt-1.11.H,-37.96902619,145.1795656,299
CBE,Cranbourne,2-CBE-vpt-1.11.H,-37.97219974,145.18340211,300
CBE,Cranbourne,2-CBE-vpt-1.11.H,-37.97272307,145.18407397,301
CBE,Cranbourne,2-CBE-vpt-1.11.H,-37.97350864,145.18514284,302
CBE,Cranbourne,2-CBE-vpt-1.11.H,-37.97451496,145.18648397,303
CBE,Cranbourne,2-CBE-vpt-1.11.H,-37.97521117,145.18742224,304
CBE,Cranbourne,2-CBE-vpt-1.11.H,-37.97581052,145.18833262,305
CBE,Cranbourne,2-CBE-vpt-1.11.H,-37.97609096,145.18875379,306
CBE,Cranbourne,2-CBE-vpt-1.11.H,-37.97684739,145.18990522,307
CBE,Cranbourne,2-CBE-vpt-1.11.H,-37.9791307,145.1931677,308
CBE,Cranbourne,2-CBE-vpt-1.11.H,-37.98140056,145.19642899,309
CBE,Cranbourne,2-CBE-vpt-1.11.H,-37.98257403,145.19811872,310
CBE,Cranbourne,2-CBE-vpt-1.11.H,-37.98388333,145.20002869,311
CBE,Cranbourne,2-CBE-vpt-1.11.H,-37.98428531,145.20059124,312
CBE,Cranbourne,2-CBE-vpt-1.11.H,-37.98484216,145.20138116,313
CBE,Cranbourne,2-CBE-vpt-1.11.H,-37.98606407,145.20314365,314
CBE,Cranbourne,2-CBE-vpt-1.11.H,-37.98671773,145.20407744,315
CBE,Cranbourne,2-CBE-vpt-1.11.H,-37.98691367,145.20436815,316
CBE,Cranbourne,2-CBE-vpt-1.11.H,-37.98743686,145.20511556,317
CBE,Cranbourne,2-CBE-vpt-1.11.H,-37.9880853,145.20605657,318
CBE,Cranbourne,2-CBE-vpt-1.11.H,-37.98829437,145.20635186,319
CBE,Cranbourne,2-CBE-vpt-1.11.H,-37.98850038,145.20665338,320
CBE,Cranbourne,2-CBE-vpt-1.11.H,-37.98856612,145.20675665,321
CBE,Cranbourne,2-CBE-vpt-1.11.H,-37.98867473,145.20694052,322
CBE,Cranbourne,2-CBE-vpt-1.11.H,-37.98872584,145.20703595,323
CBE,Cranbourne,2-CBE-vpt-1.11.H,-37.9888914,145.20737375,324
CBE,Cranbourne,2-CBE-vpt-1.11.H,-37.98904578,145.20767573,325
CBE,Cranbourne,2-CBE-vpt-1.11.H,-37.9891828,145.20792051,326
CBE,Cranbourne,2-CBE-vpt-1.11.H,-37.98893716,145.20739006,327
CBE,Cranbourne,2-CBE-vpt-1.11.H,-37.98880849,145.20711945,328
CBE,Cranbourne,2-CBE-vpt-1.11.H,-37.98871639,145.20694235,329
CBE,Cranbourne,2-CBE-vpt-1.11.H,-37.98859253,145.20672708,330
CBE,Cranbourne,2-CBE-vpt-1.11.H,-37.98851677,145.20661096,331
CBE,Cranbourne,2-CBE-vpt-1.11.H,-37.98790299,145.2057201,332
CBE,Cranbourne,2-CBE-vpt-1.11.H,-37.98782796,145.20561603,333
CBE,Cranbourne,2-CBE-vpt-1.11.H,-37.98775567,145.20550871,334
CBE,Cranbourne,2-CBE-vpt-1.11.H,-37.98767698,145.20540166,335
CBE,Cranbourne,2-CBE-vpt-1.11.H,-37.98724566,145.20476906,336
CBE,Cranbourne,2-CBE-vpt-1.11.H,-37.98692186,145.2043142,337
CBE,Cranbourne,2-CBE-vpt-1.11.H,-37.98610877,145.20314335,338
CBE,Cranbourne,2-CBE-vpt-1.11.H,-37.98565892,145.20250212,339
CBE,Cranbourne,2-CBE-vpt-1.11.H,-37.98548489,145.20224209,340
CBE,Cranbourne,2-CBE-vpt-1.11.H,-37.98470959,145.20112741,341
CBE,Cranbourne,2-CBE-vpt-1.11.H,-37.98416531,145.20035837,342
CBE,Cranbourne,2-CBE-vpt-1.11.H,-37.98368512,145.19966713,343
CBE,Cranbourne,2-CBE-vpt-1.11.H,-37.98282799,145.19841856,344
CBE,Cranbourne,2-CBE-vpt-1.11.H,-37.98243162,145.19785248,345
CBE,Cranbourne,2-CBE-vpt-1.11.H,-37.98201148,145.19724052,346
CBE,Cranbourne,2-CBE-vpt-1.11.H,-37.98151316,145.19653144,347
CBE,Cranbourne,2-CBE-vpt-1.11.H,-37.98142959,145.19640585,348
CBE,Cranbourne,2-CBE-vpt-1.11.H,-37.97968506,145.19389802,349
CBE,Cranbourne,2-CBE-vpt-1.11.H,-37.97918812,145.19316891,350
CBE,Cranbourne,2-CBE-vpt-1.11.H,-37.97893649,145.19277466,351
CBE,Cranbourne,2-CBE-vpt-1.11.H,-37.97875291,145.19246334,352
CBE,Cranbourne,2-CBE-vpt-1.11.H,-37.97837796,145.19186707,353
CBE,Cranbourne,2-CBE-vpt-1.11.H,-37.97807504,145.19141979,354
CBE,Cranbourne,2-CBE-vpt-1.11.H,-37.97774762,145.19098529,355
CBE,Cranbourne,2-CBE-vpt-1.11.H,-37.97807504,145.19141979,356
CBE,Cranbourne,2-CBE-vpt-1.11.H,-37.97837796,145.19186707,357
CBE,Cranbourne,2-CBE-vpt-1.11.H,-37.97875291,145.19246334,358
CBE,Cranbourne,2-CBE-vpt-1.11.H,-37.97893649,145.19277466,359
CBE,Cranbourne,2-CBE-vpt-1.11.H,-37.97918812,145.19316891,360
CBE,Cranbourne,2-CBE-vpt-1.11.H,-37.97968506,145.19389802,361
CBE,Cranbourne,2-CBE-vpt-1.11.H,-37.98142959,145.19640585,362
CBE,Cranbourne,2-CBE-vpt-1.11.H,-37.98151316,145.19653144,363
CBE,Cranbourne,2-CBE-vpt-1.11.H,-37.98201148,145.19724052,364
CBE,Cranbourne,2-CBE-vpt-1.11.H,-37.98243162,145.19785248,365
CBE,Cranbourne,2-CBE-vpt-1.11.H,-37.98282799,145.19841856,366
CBE,Cranbourne,2-CBE-vpt-1.11.H,-37.98368512,145.19966713,367
CBE,Cranbourne,2-CBE-vpt-1.11.H,-37.98416531,145.20035837,368
CBE,Cranbourne,2-CBE-vpt-1.11.H,-37.98470959,145.20112741,369
CBE,Cranbourne,2-CBE-vpt-1.11.H,-37.98548489,145.20224209,370
CBE,Cranbourne,2-CBE-vpt-1.11.H,-37.98565892,145.20250212,371
CBE,Cranbourne,2-CBE-vpt-1.11.H,-37.98610877,145.20314335,372
CBE,Cranbourne,2-CBE-vpt-1.11.H,-37.98692186,145.2043142,373
CBE,Cranbourne,2-CBE-vpt-1.11.H,-37.98724566,145.20476906,374
CBE,Cranbourne,2-CBE-vpt-1.11.H,-37.98767698,145.20540166,375
CBE,Cranbourne,2-CBE-vpt-1.11.H,-37.98775567,145.20550871,376
CBE,Cranbourne,2-CBE-vpt-1.11.H,-37.98782796,145.20561603,377
CBE,Cranbourne,2-CBE-vpt-1.11.H,-37.98790299,145.2057201,378
CBE,Cranbourne,2-CBE-vpt-1.11.H,-37.98851677,145.20661096,379
CBE,Cranbourne,2-CBE-vpt-1.11.H,-37.98859253,145.20672708,380
CBE,Cranbourne,2-CBE-vpt-1.11.H,-37.98871639,145.20694235,381
CBE,Cranbourne,2-CBE-vpt-1.11.H,-37.98880849,145.20711945,382
CBE,Cranbourne,2-CBE-vpt-1.11.H,-37.98893716,145.20739006,383
CBE,Cranbourne,2-CBE-vpt-1.11.H,-37.9891828,145.20792051,384
CBE,Cranbourne,2-CBE-vpt-1.11.H,-37.98929277,145.20815889,385
CBE,Cranbourne,2-CBE-vpt-1.11.H,-37.98934267,145.20827588,386
CBE,Cranbourne,2-CBE-vpt-1.11.H,-37.98943339,145.20851587,387
CBE,Cranbourne,2-CBE-vpt-1.11.H,-37.98947262,145.20863664,388
CBE,Cranbourne,2-CBE-vpt-1.11.H,-37.99000844,145.20979475,389
CBE,Cranbourne,2-CBE-vpt-1.11.H,-37.99011389,145.21002039,390
CBE,Cranbourne,2-CBE-vpt-1.11.H,-37.99058624,145.2110531,391
CBE,Cranbourne,2-CBE-vpt-1.11.H,-37.99063862,145.21116091,392
CBE,Cranbourne,2-CBE-vpt-1.11.H,-37.99091112,145.21175235,393
CBE,Cranbourne,2-CBE-vpt-1.11.H,-37.99120898,145.21240545,394
CBE,Cranbourne,2-CBE-vpt-1.11.H,-37.99141662,145.21283859,395
CBE,Cranbourne,2-CBE-vpt-1.11.H,-37.99152849,145.21304278,396
CBE,Cranbourne,2-CBE-vpt-1.11.H,-37.99158798,145.21314428,397
CBE,Cranbourne,2-CBE-vpt-1.11.H,-37.99165809,145.21325076,398
CBE,Cranbourne,2-CBE-vpt-1.11.H,-37.99176332,145.21339715,399
CBE,Cranbourne,2-CBE-vpt-1.11.H,-37.99189004,145.21355224,400
CBE,Cranbourne,2-CBE-vpt-1.11.H,-37.99207744,145.21374481,401
CBE,Cranbourne,2-CBE-vpt-1.11.H,-37.99220239,145.21385451,402
CBE,Cranbourne,2-CBE-vpt-1.11.H,-37.99229251,145.21392612,403
CBE,Cranbourne,2-CBE-vpt-1.11.H,-37.99246629,145.2140524,404
CBE,Cranbourne,2-CBE-vpt-1.11.H,-37.99308099,145.21445632,405
CBE,Cranbourne,2-CBE-vpt-1.11.H,-37.99317806,145.21451649,406
CBE,Cranbourne,2-CBE-vpt-1.11.H,-37.99366214,145.2148343,407
CBE,Cranbourne,2-CBE-vpt-1.11.H,-37.99514207,145.21579668,408
CBE,Cranbourne,2-CBE-vpt-1.11.H,-37.99605082,145.21639609,409
CBE,Cranbourne,2-CBE-vpt-1.11.H,-37.99628551,145.21655815,410
CBE,Cranbourne,2-CBE-vpt-1.11.H,-37.9965415,145.21674623,411
CBE,Cranbourne,2-CBE-vpt-1.11.H,-37.99674658,145.21691015,412
CBE,Cranbourne,2-CBE-vpt-1.11.H,-37.99692643,145.21706283,413
CBE,Cranbourne,2-CBE-vpt-1.11.H,-37.99716582,145.21728525,414
CBE,Cranbourne,2-CBE-vpt-1.11.H,-37.99744581,145.21757035,415
CBE,Cranbourne,2-CBE-vpt-1.11.H,-37.99758003,145.21771503,416
CBE,Cranbourne,2-CBE-vpt-1.11.H,-37.99779533,145.21796537,417
CBE,Cranbourne,2-CBE-vpt-1.11.H,-37.9979632,145.2181778,418
CBE,Cranbourne,2-CBE-vpt-1.11.H,-37.99814268,145.21841956,419
CBE,Cranbourne,2-CBE-vpt-1.11.H,-37.99833593,145.21870152,420
CBE,Cranbourne,2-CBE-vpt-1.11.H,-37.99843768,145.21886225,421
CBE,Cranbourne,2-CBE-vpt-1.11.H,-37.99857538,145.21908828,422
CBE,Cranbourne,2-CBE-vpt-1.11.H,-37.99869057,145.21929163,423
CBE,Cranbourne,2-CBE-vpt-1.11.H,-37.99880854,145.21950618,424
CBE,Cranbourne,2-CBE-vpt-1.11.H,-37.99898141,145.21985276,425
CBE,Cranbourne,2-CBE-vpt-1.11.H,-37.99932233,145.22059125,426
CBE,Cranbourne,2-CBE-vpt-1.11.H,-37.99970728,145.22135728,427
CBE,Cranbourne,2-CBE-vpt-1.11.H,-37.99992808,145.22184085,428
CBE,Cranbourne,2-CBE-vpt-1.11.H,-38.00007902,145.22213775,429
CBE,Cranbourne,2-CBE-vpt-1.11.H,-38.00021788,145.22239348,430
CBE,Cranbourne,2-CBE-vpt-1.11.H,-38.00029553,145.2225285,431
CBE,Cranbourne,2-CBE-vpt-1.11.H,-38.00040312,145.22270026,432
CBE,Cranbourne,2-CBE-vpt-1.11.H,-38.000491,145.22282694,433
CBE,Cranbourne,2-CBE-vpt-1.11.H,-38.00058848,145.22295567,434
CBE,Cranbourne,2-CBE-vpt-1.11.H,-38.00067494,145.22305962,435
CBE,Cranbourne,2-CBE-vpt-1.11.H,-38.00078233,145.22317695,436
CBE,Cranbourne,2-CBE-vpt-1.11.H,-38.00090787,145.22329634,437
CBE,Cranbourne,2-CBE-vpt-1.11.H,-38.00103227,145.22340632,438
CBE,Cranbourne,2-CBE-vpt-1.11.H,-38.00113084,145.22348229,439
CBE,Cranbourne,2-CBE-vpt-1.11.H,-38.00122274,145.22354647,440
CBE,Cranbourne,2-CBE-vpt-1.11.H,-38.00133654,145.22361718,441
CBE,Cranbourne,2-CBE-vpt-1.11.H,-38.00149131,145.22370296,442
CBE,Cranbourne,2-CBE-vpt-1.11.H,-38.00162351,145.22376856,443
CBE,Cranbourne,2-CBE-vpt-1.11.H,-38.00177289,145.22383135,444
CBE,Cranbourne,2-CBE-vpt-1.11.H,-38.00298187,145.22429396,445
CBE,Cranbourne,2-CBE-vpt-1.11.H,-38.00332503,145.22443613,446
CBE,Cranbourne,2-CBE-vpt-1.11.H,-38.00552216,145.22540601,447
CBE,Cranbourne,2-CBE-vpt-1.11.H,-38.00600703,145.22561698,448
CBE,Cranbourne,2-CBE-vpt-1.11.H,-38.00709113,145.22611694,449
CBE,Cranbourne,2-CBE-vpt-1.11.H,-38.00812146,145.2265838,450
CBE,Cranbourne,2-CBE-vpt-1.11.H,-38.0087214,145.22684805,451
CBE,Cranbourne,2-CBE-vpt-1.11.H,-38.00935037,145.22711913,452
CBE,Cranbourne,2-CBE-vpt-1.11.H,-38.01005828,145.22741382,453
CBE,Cranbourne,2-CBE-vpt-1.11.H,-38.01070262,145.22767041,454
CBE,Cranbourne,2-CBE-vpt-1.11.H,-38.01158286,145.22800915,455
CBE,Cranbourne,2-CBE-vpt-1.11.H,-38.01232124,145.22829834,456
CBE,Cranbourne,2-CBE-vpt-1.11.H,-38.01287302,145.22852528,457
CBE,Cranbourne,2-CBE-vpt-1.11.H,-38.01347202,145.22878116,458
CBE,Cranbourne,2-CBE-vpt-1.11.H,-38.01519098,145.22954979,459
CBE,Cranbourne,2-CBE-vpt-1.11.H,-38.01570604,145.22979164,460
CBE,Cranbourne,2-CBE-vpt-1.11.H,-38.01653759,145.23015267,461
CBE,Cranbourne,2-CBE-vpt-1.11.H,-38.01870163,145.23110624,462
CBE,Cranbourne,2-CBE-vpt-1.11.H,-38.01906919,145.23126589,463
CBE,Cranbourne,2-CBE-vpt-1.11.H,-38.02073136,145.23205228,464
CBE,Cranbourne,2-CBE-vpt-1.11.H,-38.02124013,145.23227791,465
CBE,Cranbourne,2-CBE-vpt-1.11.H,-38.02259606,145.23288978,466
CBE,Cranbourne,2-CBE-vpt-1.11.H,-38.02316852,145.23313132,467
CBE,Cranbourne,2-CBE-vpt-1.11.H,-38.02441404,145.23368321,468
CBE,Cranbourne,2-CBE-vpt-1.11.H,-38.025263,145.23405199,469
CBE,Cranbourne,2-CBE-vpt-1.11.H,-38.02588447,145.23432872,470
CBE,Cranbourne,2-CBE-vpt-1.11.H,-38.02660412,145.23463875,471
CBE,Cranbourne,2-CBE-vpt-1.11.H,-38.02762968,145.23510152,472
CBE,Cranbourne,2-CBE-vpt-1.11.H,-38.0281273,145.23531732,473
CBE,Cranbourne,2-CBE-vpt-1.11.H,-38.02988056,145.23613999,474
CBE,Cranbourne,2-CBE-vpt-1.11.H,-38.03039709,145.23638486,475
CBE,Cranbourne,2-CBE-vpt-1.11.H,-38.03109538,145.23670069,476
CBE,Cranbourne,2-CBE-vpt-1.11.H,-38.03181829,145.23701775,477
CBE,Cranbourne,2-CBE-vpt-1.11.H,-38.03408942,145.238026,478
CBE,Cranbourne,2-CBE-vpt-1.11.H,-38.03475811,145.23833345,479
CBE,Cranbourne,2-CBE-vpt-1.11.H,-38.03509024,145.23848091,480
CBE,Cranbourne,2-CBE-vpt-1.11.H,-38.03597014,145.23886489,481
CBE,Cranbourne,2-CBE-vpt-1.11.H,-38.03710358,145.23935345,482
CBE,Cranbourne,2-CBE-vpt-1.11.H,-38.03765876,145.23959755,483
CBE,Cranbourne,2-CBE-vpt-1.11.H,-38.03864147,145.24003493,484
CBE,Cranbourne,2-CBE-vpt-1.11.H,-38.04006456,145.24067566,485
CBE,Cranbourne,2-CBE-vpt-1.11.H,-38.04077947,145.24100085,486
CBE,Cranbourne,2-CBE-vpt-1.11.H,-38.041433,145.2413135,487
CBE,Cranbourne,2-CBE-vpt-1.11.H,-38.042816,145.24200936,488
CBE,Cranbourne,2-CBE-vpt-1.11.H,-38.04363329,145.24241361,489
CBE,Cranbourne,2-CBE-vpt-1.11.H,-38.04463356,145.24292368,490
CBE,Cranbourne,2-CBE-vpt-1.11.H,-38.04594051,145.24357264,491
CBE,Cranbourne,2-CBE-vpt-1.11.H,-38.04748585,145.24439211,492
CBE,Cranbourne,2-CBE-vpt-1.11.H,-38.0496081,145.2454587,493
CBE,Cranbourne,2-CBE-vpt-1.11.H,-38.0502797,145.24579972,494
CBE,Cranbourne,2-CBE-vpt-1.11.H,-38.05077516,145.24604021,495
CBE,Cranbourne,2-CBE-vpt-1.11.H,-38.05138796,145.24634217,496
CBE,Cranbourne,2-CBE-vpt-1.11.H,-38.05226599,145.24678381,497
CBE,Cranbourne,2-CBE-vpt-1.11.H,-38.05365242,145.24747637,498
CBE,Cranbourne,2-CBE-vpt-1.11.H,-38.05437913,145.24784505,499
CBE,Cranbourne,2-CBE-vpt-1.11.H,-38.05468407,145.24801295,500
CBE,Cranbourne,2-CBE-vpt-1.11.H,-38.0554408,145.24844874,501
CBE,Cranbourne,2-CBE-vpt-1.11.H,-38.05572126,145.24860675,502
CBE,Cranbourne,2-CBE-vpt-1.11.H,-38.05604096,145.24877954,503
CBE,Cranbourne,2-CBE-vpt-1.11.H,-38.05617613,145.24885166,504
CBE,Cranbourne,2-CBE-vpt-1.11.H,-38.05715088,145.24933755,505
CBE,Cranbourne,2-CBE-vpt-1.11.H,-38.05759373,145.24956235,506
CBE,Cranbourne,2-CBE-vpt-1.11.H,-38.0578211,145.24967775,507
CBE,Cranbourne,2-CBE-vpt-1.11.H,-38.05934769,145.25043341,508
CBE,Cranbourne,2-CBE-vpt-1.11.H,-38.05975887,145.25062547,509
CBE,Cranbourne,2-CBE-vpt-1.11.H,-38.0610737,145.25119506,510
CBE,Cranbourne,2-CBE-vpt-1.11.H,-38.06302122,145.25215711,511
CBE,Cranbourne,2-CBE-vpt-1.11.H,-38.06475361,145.25303347,512
CBE,Cranbourne,2-CBE-vpt-1.11.H,-38.06549207,145.25341748,513
CBE,Cranbourne,2-CBE-vpt-1.11.H,-38.06575504,145.25356933,514
CBE,Cranbourne,2-CBE-vpt-1.11.H,-38.06613115,145.25380273,515
CBE,Cranbourne,2-CBE-vpt-1.11.H,-38.06647293,145.25402497,516
CBE,Cranbourne,2-CBE-vpt-1.11.H,-38.06688302,145.25431365,517
CBE,Cranbourne,2-CBE-vpt-1.11.H,-38.06831264,145.25539941,518
CBE,Cranbourne,2-CBE-vpt-1.11.H,-38.07054664,145.25703756,519
CBE,Cranbourne,2-CBE-vpt-1.11.H,-38.07114761,145.25750357,520
CBE,Cranbourne,2-CBE-vpt-1.11.H,-38.07185254,145.25802787,521
CBE,Cranbourne,2-CBE-vpt-1.11.H,-38.07214158,145.25825516,522
CBE,Cranbourne,2-CBE-vpt-1.11.H,-38.07267819,145.25865933,523
CBE,Cranbourne,2-CBE-vpt-1.11.H,-38.07398568,145.25966151,524
CBE,Cranbourne,2-CBE-vpt-1.11.H,-38.0750047,145.2604316,525
CBE,Cranbourne,2-CBE-vpt-1.11.H,-38.07604818,145.26123614,526
CBE,Cranbourne,2-CBE-vpt-1.11.H,-38.07743791,145.26227945,527
CBE,Cranbourne,2-CBE-vpt-1.11.H,-38.07769329,145.26247941,528
CBE,Cranbourne,2-CBE-vpt-1.11.H,-38.07826263,145.26291022,529
CBE,Cranbourne,2-CBE-vpt-1.11.H,-38.07864506,145.2632074,530
CBE,Cranbourne,2-CBE-vpt-1.11.H,-38.07898044,145.26346043,531
CBE,Cranbourne,2-CBE-vpt-1.11.H,-38.08001467,145.26424384,532
CBE,Cranbourne,2-CBE-vpt-1.11.H,-38.08019674,145.26438592,533
CBE,Cranbourne,2-CBE-vpt-1.11.H,-38.09619644,145.27655672,534
CBE,Cranbourne,2-CBE-vpt-1.11.H,-38.09719697,145.27732144,535
CBE,Cranbourne,2-CBE-vpt-1.11.H,-38.09746416,145.27754244,536
CBE,Cranbourne,2-CBE-vpt-1.11.H,-38.0976054,145.27768555,537
CBE,Cranbourne,2-CBE-vpt-1.11.H,-38.09777961,145.27787681,538
CBE,Cranbourne,2-CBE-vpt-1.11.H,-38.09787722,145.27799426,539
CBE,Cranbourne,2-CBE-vpt-1.11.H,-38.09796334,145.27811505,540
CBE,Cranbourne,2-CBE-vpt-1.11.H,-38.0981971,145.27845909,541
CBE,Cranbourne,2-CBE-vpt-1.11.H,-38.09858393,145.27896696,542
CBE,Cranbourne,2-CBE-vpt-1.11.H,-38.09882521,145.27932588,543
CBE,Cranbourne,2-CBE-vpt-1.11.H,-38.0989221,145.27944962,544
CBE,Cranbourne,2-CBE-vpt-1.11.H,-38.09901494,145.27958053,545
CBE,Cranbourne,2-CBE-vpt-1.11.H,-38.0991875,145.27980707,546
CBE,Cranbourne,2-CBE-vpt-1.11.H,-38.09940077,145.28009994,547
CBE,Cranbourne,2-CBE-vpt-1.11.H,-38.09957774,145.28037542,548
CBE,Cranbourne,2-CBE-vpt-1.11.H,-38.0997942,145.28071977,549
CCL,City Circle,2-CCL-vpt-1.1.H,-37.81811612,144.9662735,1
CCL,City Circle,2-CCL-vpt-1.1.H,-37.8183872,144.96532987,2
CCL,City Circle,2-CCL-vpt-1.1.H,-37.81847604,144.96503173,3
CCL,City Circle,2-CCL-vpt-1.1.H,-37.81851639,144.96490487,4
CCL,City Circle,2-CCL-vpt-1.1.H,-37.81856219,144.96477581,5
CCL,City Circle,2-CCL-vpt-1.1.H,-37.81859826,144.96468325,6
CCL,City Circle,2-CCL-vpt-1.1.H,-37.81869583,144.96445246,7
CCL,City Circle,2-CCL-vpt-1.1.H,-37.81873873,144.96432768,8
CCL,City Circle,2-CCL-vpt-1.1.H,-37.81888171,144.96388241,9
CCL,City Circle,2-CCL-vpt-1.1.H,-37.81894489,144.96370573,10
CCL,City Circle,2-CCL-vpt-1.1.H,-37.81901293,144.96354936,11
CCL,City Circle,2-CCL-vpt-1.1.H,-37.8190843,144.96336177,12
CCL,City Circle,2-CCL-vpt-1.1.H,-37.81918068,144.9630516,13
CCL,City Circle,2-CCL-vpt-1.1.H,-37.81922018,144.96291272,14
CCL,City Circle,2-CCL-vpt-1.1.H,-37.81924467,144.96280696,15
CCL,City Circle,2-CCL-vpt-1.1.H,-37.81931971,144.9624358,16
CCL,City Circle,2-CCL-vpt-1.1.H,-37.81937006,144.96216382,17
CCL,City Circle,2-CCL-vpt-1.1.H,-37.81943589,144.96177564,18
CCL,City Circle,2-CCL-vpt-1.1.H,-37.81945002,144.96164984,19
CCL,City Circle,2-CCL-vpt-1.1.H,-37.81946797,144.96134375,20
CCL,City Circle,2-CCL-vpt-1.1.H,-37.81947932,144.96122893,21
CCL,City Circle,2-CCL-vpt-1.1.H,-37.81950067,144.96105646,22
CCL,City Circle,2-CCL-vpt-1.1.H,-37.81952139,144.96091536,23
CCL,City Circle,2-CCL-vpt-1.1.H,-37.81955653,144.96072286,24
CCL,City Circle,2-CCL-vpt-1.1.H,-37.81960274,144.96050813,25
CCL,City Circle,2-CCL-vpt-1.1.H,-37.8196652,144.96026432,26
CCL,City Circle,2-CCL-vpt-1.1.H,-37.81985989,144.95959007,27
CCL,City Circle,2-CCL-vpt-1.1.H,-37.81994529,144.95930257,28
CCL,City Circle,2-CCL-vpt-1.1.H,-37.81997626,144.95920175,29
CCL,City Circle,2-CCL-vpt-1.1.H,-37.82002151,144.95906713,30
CCL,City Circle,2-CCL-vpt-1.1.H,-37.8201062,144.95883736,31
CCL,City Circle,2-CCL-vpt-1.1.H,-37.82019916,144.95861668,32
CCL,City Circle,2-CCL-vpt-1.1.H,-37.82026547,144.95847546,33
CCL,City Circle,2-CCL-vpt-1.1.H,-37.82030607,144.95839516,34
CCL,City Circle,2-CCL-vpt-1.1.H,-37.82042053,144.95818763,35
CCL,City Circle,2-CCL-vpt-1.1.H,-37.82051917,144.95802428,36
CCL,City Circle,2-CCL-vpt-1.1.H,-37.82080351,144.95758906,37
CCL,City Circle,2-CCL-vpt-1.1.H,-37.82086596,144.9574851,38
CCL,City Circle,2-CCL-vpt-1.1.H,-37.82095527,144.95731938,39
CCL,City Circle,2-CCL-vpt-1.1.H,-37.82100248,144.95721993,40
CCL,City Circle,2-CCL-vpt-1.1.H,-37.82107394,144.95704834,41
CCL,City Circle,2-CCL-vpt-1.1.H,-37.82114459,144.95684054,42
CCL,City Circle,2-CCL-vpt-1.1.H,-37.82118551,144.95669559,43
CCL,City Circle,2-CCL-vpt-1.1.H,-37.82122891,144.95649615,44
CCL,City Circle,2-CCL-vpt-1.1.H,-37.82124548,144.95639675,45
CCL,City Circle,2-CCL-vpt-1.1.H,-37.82126561,144.95622703,46
CCL,City Circle,2-CCL-vpt-1.1.H,-37.82128101,144.95601882,47
CCL,City Circle,2-CCL-vpt-1.1.H,-37.82128408,144.95588446,48
CCL,City Circle,2-CCL-vpt-1.1.H,-37.82127749,144.95566595,49
CCL,City Circle,2-CCL-vpt-1.1.H,-37.82126971,144.95556551,50
CCL,City Circle,2-CCL-vpt-1.1.H,-37.82125042,144.95539893,51
CCL,City Circle,2-CCL-vpt-1.1.H,-37.82123518,144.95530006,52
CCL,City Circle,2-CCL-vpt-1.1.H,-37.82118721,144.95508564,53
CCL,City Circle,2-CCL-vpt-1.1.H,-37.82115496,144.9549618,54
CCL,City Circle,2-CCL-vpt-1.1.H,-37.82112614,144.95486955,55
CCL,City Circle,2-CCL-vpt-1.1.H,-37.82105581,144.95466995,56
CCL,City Circle,2-CCL-vpt-1.1.H,-37.8209654,144.95447148,57
CCL,City Circle,2-CCL-vpt-1.1.H,-37.82088354,144.95431935,58
CCL,City Circle,2-CCL-vpt-1.1.H,-37.82083611,144.95423978,59
CCL,City Circle,2-CCL-vpt-1.1.H,-37.82070413,144.95403984,60
CCL,City Circle,2-CCL-vpt-1.1.H,-37.82054478,144.95382078,61
CCL,City Circle,2-CCL-vpt-1.1.H,-37.82045473,144.95370535,62
CCL,City Circle,2-CCL-vpt-1.1.H,-37.82033224,144.95356968,63
CCL,City Circle,2-CCL-vpt-1.1.H,-37.82017068,144.95340487,64
CCL,City Circle,2-CCL-vpt-1.1.H,-37.81997692,144.95323857,65
CCL,City Circle,2-CCL-vpt-1.1.H,-37.8198445,144.95314317,66
CCL,City Circle,2-CCL-vpt-1.1.H,-37.8195639,144.95296279,67
CCL,City Circle,2-CCL-vpt-1.1.H,-37.81915588,144.95271608,68
CCL,City Circle,2-CCL-vpt-1.1.H,-37.81899743,144.95263173,69
CCL,City Circle,2-CCL-vpt-1.1.H,-37.8189343,144.95259269,70
CCL,City Circle,2-CCL-vpt-1.1.H,-37.81888331,144.95255741,71
CCL,City Circle,2-CCL-vpt-1.1.H,-37.81872489,144.95243853,72
CCL,City Circle,2-CCL-vpt-1.1.H,-37.81849021,144.95227688,73
CCL,City Circle,2-CCL-vpt-1.1.H,-37.81829963,144.95212754,74
CCL,City Circle,2-CCL-vpt-1.1.H,-37.8177827,144.95171753,75
CCL,City Circle,2-CCL-vpt-1.1.H,-37.81765034,144.95160998,76
CCL,City Circle,2-CCL-vpt-1.1.H,-37.81722109,144.9511996,77
CCL,City Circle,2-CCL-vpt-1.1.H,-37.81712529,144.95111148,78
CCL,City Circle,2-CCL-vpt-1.1.H,-37.81698699,144.95099375,79
CCL,City Circle,2-CCL-vpt-1.1.H,-37.8168019,144.95084472,80
CCL,City Circle,2-CCL-vpt-1.1.H,-37.81665642,144.95072356,81
CCL,City Circle,2-CCL-vpt-1.1.H,-37.81623494,144.95039726,82
CCL,City Circle,2-CCL-vpt-1.1.H,-37.81603628,144.95027098,83
CCL,City Circle,2-CCL-vpt-1.1.H,-37.81584162,144.95018242,84
CCL,City Circle,2-CCL-vpt-1.1.H,-37.81563979,144.95010633,85
CCL,City Circle,2-CCL-vpt-1.1.H,-37.81549147,144.95007135,86
CCL,City Circle,2-CCL-vpt-1.1.H,-37.81534956,144.95005211,87
CCL,City Circle,2-CCL-vpt-1.1.H,-37.81514207,144.95003933,88
CCL,City Circle,2-CCL-vpt-1.1.H,-37.81494447,144.95005604,89
CCL,City Circle,2-CCL-vpt-1.1.H,-37.81475918,144.95008661,90
CCL,City Circle,2-CCL-vpt-1.1.H,-37.81454194,144.9501509,91
CCL,City Circle,2-CCL-vpt-1.1.H,-37.81432722,144.95024555,92
CCL,City Circle,2-CCL-vpt-1.1.H,-37.81415143,144.95035106,93
CCL,City Circle,2-CCL-vpt-1.1.H,-37.81402938,144.95043225,94
CCL,City Circle,2-CCL-vpt-1.1.H,-37.81392026,144.95052069,95
CCL,City Circle,2-CCL-vpt-1.1.H,-37.8137459,144.95068727,96
CCL,City Circle,2-CCL-vpt-1.1.H,-37.81363209,144.95081707,97
CCL,City Circle,2-CCL-vpt-1.1.H,-37.81352998,144.95094667,98
CCL,City Circle,2-CCL-vpt-1.1.H,-37.81339117,144.95116224,99
CCL,City Circle,2-CCL-vpt-1.1.H,-37.81325701,144.95140722,100
CCL,City Circle,2-CCL-vpt-1.1.H,-37.81312896,144.95173393,101
CCL,City Circle,2-CCL-vpt-1.1.H,-37.81304858,144.95196198,102
CCL,City Circle,2-CCL-vpt-1.1.H,-37.81201818,144.95560765,103
CCL,City Circle,2-CCL-vpt-1.1.H,-37.81189821,144.95603204,104
CCL,City Circle,2-CCL-vpt-1.1.H,-37.81098849,144.95914529,105
CCL,City Circle,2-CCL-vpt-1.1.H,-37.81027134,144.96161696,106
CCL,City Circle,2-CCL-vpt-1.1.H,-37.81000236,144.96252943,107
CCL,City Circle,2-CCL-vpt-1.1.H,-37.80974891,144.96340739,108
CCL,City Circle,2-CCL-vpt-1.1.H,-37.80830678,144.96835425,109
CCL,City Circle,2-CCL-vpt-1.1.H,-37.80823881,144.96865098,110
CCL,City Circle,2-CCL-vpt-1.1.H,-37.80820523,144.96888816,111
CCL,City Circle,2-CCL-vpt-1.1.H,-37.8081828,144.96913389,112
CCL,City Circle,2-CCL-vpt-1.1.H,-37.80817471,144.96940161,113
CCL,City Circle,2-CCL-vpt-1.1.H,-37.8081833,144.96963354,114
CCL,City Circle,2-CCL-vpt-1.1.H,-37.808209,144.96989556,115
CCL,City Circle,2-CCL-vpt-1.1.H,-37.80825009,144.97014114,116
CCL,City Circle,2-CCL-vpt-1.1.H,-37.80830559,144.97037554,117
CCL,City Circle,2-CCL-vpt-1.1.H,-37.80838771,144.97063863,118
CCL,City Circle,2-CCL-vpt-1.1.H,-37.80848186,144.97087788,119
CCL,City Circle,2-CCL-vpt-1.1.H,-37.80860252,144.97113332,120
CCL,City Circle,2-CCL-vpt-1.1.H,-37.80874867,144.97138307,121
CCL,City Circle,2-CCL-vpt-1.1.H,-37.80889021,144.97157991,122
CCL,City Circle,2-CCL-vpt-1.1.H,-37.80906612,144.97177898,123
CCL,City Circle,2-CCL-vpt-1.1.H,-37.80924567,144.97195365,124
CCL,City Circle,2-CCL-vpt-1.1.H,-37.809467,144.97213172,125
CCL,City Circle,2-CCL-vpt-1.1.H,-37.80972267,144.97228375,126
CCL,City Circle,2-CCL-vpt-1.1.H,-37.8102994,144.97251798,127
CCL,City Circle,2-CCL-vpt-1.1.H,-37.81103078,144.97285703,128
CCL,City Circle,2-CCL-vpt-1.1.H,-37.81208732,144.97334372,129
CCL,City Circle,2-CCL-vpt-1.1.H,-37.81240472,144.97352202,130
CCL,City Circle,2-CCL-vpt-1.1.H,-37.81347769,144.97418389,131
CCL,City Circle,2-CCL-vpt-1.1.H,-37.81374342,144.97432885,132
CCL,City Circle,2-CCL-vpt-1.1.H,-37.81395442,144.97443065,133
CCL,City Circle,2-CCL-vpt-1.1.H,-37.81410969,144.97450899,134
CCL,City Circle,2-CCL-vpt-1.1.H,-37.81416769,144.97453319,135
CCL,City Circle,2-CCL-vpt-1.1.H,-37.81424918,144.97456073,136
CCL,City Circle,2-CCL-vpt-1.1.H,-37.81441401,144.97459746,137
CCL,City Circle,2-CCL-vpt-1.1.H,-37.81456868,144.97460959,138
CCL,City Circle,2-CCL-vpt-1.1.H,-37.81474878,144.97460694,139
CCL,City Circle,2-CCL-vpt-1.1.H,-37.81487697,144.97458821,140
CCL,City Circle,2-CCL-vpt-1.1.H,-37.81503311,144.97454475,141
CCL,City Circle,2-CCL-vpt-1.1.H,-37.8152418,144.97445419,142
CCL,City Circle,2-CCL-vpt-1.1.H,-37.815419,144.97434564,143
CCL,City Circle,2-CCL-vpt-1.1.H,-37.81554969,144.97424221,144
CCL,City Circle,2-CCL-vpt-1.1.H,-37.81571888,144.97407185,145
CCL,City Circle,2-CCL-vpt-1.1.H,-37.81584609,144.97390729,146
CCL,City Circle,2-CCL-vpt-1.1.H,-37.81595292,144.97374192,147
CCL,City Circle,2-CCL-vpt-1.1.H,-37.81607911,144.9734814,148
CCL,City Circle,2-CCL-vpt-1.1.H,-37.81615851,144.97324624,149
CCL,City Circle,2-CCL-vpt-1.1.H,-37.81626914,144.97287255,150
CCL,City Circle,2-CCL-vpt-1.1.H,-37.81672893,144.97118325,151
CCL,City Circle,2-CCL-vpt-1.1.H,-37.81684297,144.97077265,152
CCL,City Circle,2-CCL-vpt-1.1.H,-37.81689342,144.97061484,153
CCL,City Circle,2-CCL-vpt-1.1.H,-37.81703812,144.97025713,154
CCL,City Circle,2-CCL-vpt-1.1.H,-37.81714316,144.96996776,155
CCL,City Circle,2-CCL-vpt-1.1.H,-37.81735874,144.96922686,156
CCL,City Circle,2-CCL-vpt-1.1.H,-37.81741624,144.96903875,157
CCL,City Circle,2-CCL-vpt-1.1.H,-37.81766772,144.96817998,158
CCL,City Circle,2-CCL-vpt-1.1.H,-37.817714,144.9679899,159
CCL,City Circle,2-CCL-vpt-1.1.H,-37.81774332,144.96781415,160
CCL,City Circle,2-CCL-vpt-1.1.H,-37.81776934,144.96768746,161
CCL,City Circle,2-CCL-vpt-1.1.H,-37.81781266,144.96749769,162
CCL,City Circle,2-CCL-vpt-1.1.H,-37.81789108,144.96709669,163
CCL,City Circle,2-CCL-vpt-1.1.H,-37.81795339,144.96681723,164
CCL,City Circle,2-CCL-vpt-1.1.H,-37.81811612,144.9662735,165
CGB,Craigieburn,2-CGB-vpt-46.13.H,-37.8182546,144.96653746,1
CGB,Craigieburn,2-CGB-vpt-46.13.H,-37.8184964,144.96570892,2
CGB,Craigieburn,2-CGB-vpt-46.13.H,-37.81862628,144.96527207,3
CGB,Craigieburn,2-CGB-vpt-46.13.H,-37.81883252,144.96455538,4
CGB,Craigieburn,2-CGB-vpt-46.13.H,-37.81895364,144.9641491,5
CGB,Craigieburn,2-CGB-vpt-46.13.H,-37.81901723,144.96391265,6
CGB,Craigieburn,2-CGB-vpt-46.13.H,-37.81907691,144.96362235,7
CGB,Craigieburn,2-CGB-vpt-46.13.H,-37.81909737,144.96353875,8
CGB,Craigieburn,2-CGB-vpt-46.13.H,-37.8191315,144.96340717,9
CGB,Craigieburn,2-CGB-vpt-46.13.H,-37.81919961,144.96317673,10
CGB,Craigieburn,2-CGB-vpt-46.13.H,-37.81925417,144.96297097,11
CGB,Craigieburn,2-CGB-vpt-46.13.H,-37.81929249,144.96281064,12
CGB,Craigieburn,2-CGB-vpt-46.13.H,-37.81935293,144.96251225,13
CGB,Craigieburn,2-CGB-vpt-46.13.H,-37.81943756,144.96221558,14
CGB,Craigieburn,2-CGB-vpt-46.13.H,-37.81948718,144.96196395,15
CGB,Craigieburn,2-CGB-vpt-46.13.H,-37.81950814,144.96182137,16
CGB,Craigieburn,2-CGB-vpt-46.13.H,-37.81952548,144.96165174,17
CGB,Craigieburn,2-CGB-vpt-46.13.H,-37.81953168,144.96152024,18
CGB,Craigieburn,2-CGB-vpt-46.13.H,-37.8195443,144.96134892,19
CGB,Craigieburn,2-CGB-vpt-46.13.H,-37.81955787,144.96120609,20
CGB,Craigieburn,2-CGB-vpt-46.13.H,-37.81957324,144.96108411,21
CGB,Craigieburn,2-CGB-vpt-46.13.H,-37.81959709,144.96092623,22
CGB,Craigieburn,2-CGB-vpt-46.13.H,-37.81962493,144.96076937,23
CGB,Craigieburn,2-CGB-vpt-46.13.H,-37.81965667,144.96061457,24
CGB,Craigieburn,2-CGB-vpt-46.13.H,-37.81971034,144.96039395,25
CGB,Craigieburn,2-CGB-vpt-46.13.H,-37.81999144,144.95942274,26
CGB,Craigieburn,2-CGB-vpt-46.13.H,-37.82008058,144.95913764,27
CGB,Craigieburn,2-CGB-vpt-46.13.H,-37.82016069,144.95891334,28
CGB,Craigieburn,2-CGB-vpt-46.13.H,-37.82024231,144.95871444,29
CGB,Craigieburn,2-CGB-vpt-46.13.H,-37.82028568,144.95861691,30
CGB,Craigieburn,2-CGB-vpt-46.13.H,-37.82033058,144.95852456,31
CGB,Craigieburn,2-CGB-vpt-46.13.H,-37.82039016,144.95840614,32
CGB,Craigieburn,2-CGB-vpt-46.13.H,-37.82048426,144.95823541,33
CGB,Craigieburn,2-CGB-vpt-46.13.H,-37.8209207,144.95753403,34
CGB,Craigieburn,2-CGB-vpt-46.13.H,-37.82098763,144.95741312,35
CGB,Craigieburn,2-CGB-vpt-46.13.H,-37.8210602,144.95726889,36
CGB,Craigieburn,2-CGB-vpt-46.13.H,-37.82111922,144.95712832,37
CGB,Craigieburn,2-CGB-vpt-46.13.H,-37.82117032,144.95699354,38
CGB,Craigieburn,2-CGB-vpt-46.13.H,-37.82120514,144.95688659,39
CGB,Craigieburn,2-CGB-vpt-46.13.H,-37.82125692,144.9567026,40
CGB,Craigieburn,2-CGB-vpt-46.13.H,-37.82129532,144.95652159,41
CGB,Craigieburn,2-CGB-vpt-46.13.H,-37.82131388,144.95642246,42
CGB,Craigieburn,2-CGB-vpt-46.13.H,-37.82133926,144.95620796,43
CGB,Craigieburn,2-CGB-vpt-46.13.H,-37.82134764,144.95610923,44
CGB,Craigieburn,2-CGB-vpt-46.13.H,-37.82135347,144.95594684,45
CGB,Craigieburn,2-CGB-vpt-46.13.H,-37.82135338,144.95579109,46
CGB,Craigieburn,2-CGB-vpt-46.13.H,-37.82134558,144.95564294,47
CGB,Craigieburn,2-CGB-vpt-46.13.H,-37.82133116,144.95547134,48
CGB,Craigieburn,2-CGB-vpt-46.13.H,-37.82131471,144.95535444,49
CGB,Craigieburn,2-CGB-vpt-46.13.H,-37.82128699,144.95519581,50
CGB,Craigieburn,2-CGB-vpt-46.13.H,-37.821267,144.95510855,51
CGB,Craigieburn,2-CGB-vpt-46.13.H,-37.82124112,144.95500361,52
CGB,Craigieburn,2-CGB-vpt-46.13.H,-37.82119526,144.95484855,53
CGB,Craigieburn,2-CGB-vpt-46.13.H,-37.82116202,144.95475075,54
CGB,Craigieburn,2-CGB-vpt-46.13.H,-37.8211183,144.95463585,55
CGB,Craigieburn,2-CGB-vpt-46.13.H,-37.82106458,144.95451055,56
CGB,Craigieburn,2-CGB-vpt-46.13.H,-37.82100146,144.95437881,57
CGB,Craigieburn,2-CGB-vpt-46.13.H,-37.8209323,144.95425212,58
CGB,Craigieburn,2-CGB-vpt-46.13.H,-37.82088969,144.9541807,59
CGB,Craigieburn,2-CGB-vpt-46.13.H,-37.82081189,144.9540647,60
CGB,Craigieburn,2-CGB-vpt-46.13.H,-37.82068641,144.95388628,61
CGB,Craigieburn,2-CGB-vpt-46.13.H,-37.8205597,144.95371472,62
CGB,Craigieburn,2-CGB-vpt-46.13.H,-37.8202131,144.95323193,63
CGB,Craigieburn,2-CGB-vpt-46.13.H,-37.82006938,144.95307765,64
CGB,Craigieburn,2-CGB-vpt-46.13.H,-37.81999127,144.95300143,65
CGB,Craigieburn,2-CGB-vpt-46.13.H,-37.81990567,144.95292904,66
CGB,Craigieburn,2-CGB-vpt-46.13.H,-37.81982502,144.95286708,67
CGB,Craigieburn,2-CGB-vpt-46.13.H,-37.81975099,144.95281801,68
CGB,Craigieburn,2-CGB-vpt-46.13.H,-37.81936039,144.95259342,69
CGB,Craigieburn,2-CGB-vpt-46.13.H,-37.81928133,144.95255027,70
CGB,Craigieburn,2-CGB-vpt-46.13.H,-37.81920049,144.9524982,71
CGB,Craigieburn,2-CGB-vpt-46.13.H,-37.81913817,144.95245426,72
CGB,Craigieburn,2-CGB-vpt-46.13.H,-37.81891594,144.95227773,73
CGB,Craigieburn,2-CGB-vpt-46.13.H,-37.81843409,144.95190548,74
CGB,Craigieburn,2-CGB-vpt-46.13.H,-37.81812918,144.95166445,75
CGB,Craigieburn,2-CGB-vpt-46.13.H,-37.81788279,144.95147757,76
CGB,Craigieburn,2-CGB-vpt-46.13.H,-37.81756533,144.95122529,77
CGB,Craigieburn,2-CGB-vpt-46.13.H,-37.81738981,144.95107145,78
CGB,Craigieburn,2-CGB-vpt-46.13.H,-37.81714958,144.95088088,79
CGB,Craigieburn,2-CGB-vpt-46.13.H,-37.81689433,144.95069232,80
CGB,Craigieburn,2-CGB-vpt-46.13.H,-37.81679376,144.9506048,81
CGB,Craigieburn,2-CGB-vpt-46.13.H,-37.81654068,144.95035438,82
CGB,Craigieburn,2-CGB-vpt-46.13.H,-37.81639469,144.95022483,83
CGB,Craigieburn,2-CGB-vpt-46.13.H,-37.81599678,144.94990686,84
CGB,Craigieburn,2-CGB-vpt-46.13.H,-37.81593463,144.94985155,85
CGB,Craigieburn,2-CGB-vpt-46.13.H,-37.81581974,144.94975908,86
CGB,Craigieburn,2-CGB-vpt-46.13.H,-37.81573786,144.94968876,87
CGB,Craigieburn,2-CGB-vpt-46.13.H,-37.81565364,144.94960816,88
CGB,Craigieburn,2-CGB-vpt-46.13.H,-37.81533019,144.94928632,89
CGB,Craigieburn,2-CGB-vpt-46.13.H,-37.81517707,144.94914572,90
CGB,Craigieburn,2-CGB-vpt-46.13.H,-37.81503508,144.94902902,91
CGB,Craigieburn,2-CGB-vpt-46.13.H,-37.81466481,144.94873506,92
CGB,Craigieburn,2-CGB-vpt-46.13.H,-37.81446556,144.94858018,93
CGB,Craigieburn,2-CGB-vpt-46.13.H,-37.81425839,144.94841495,94
CGB,Craigieburn,2-CGB-vpt-46.13.H,-37.8139002,144.94813725,95
CGB,Craigieburn,2-CGB-vpt-46.13.H,-37.8135361,144.94783608,96
CGB,Craigieburn,2-CGB-vpt-46.13.H,-37.81318646,144.94751657,97
CGB,Craigieburn,2-CGB-vpt-46.13.H,-37.81295057,144.94729115,98
CGB,Craigieburn,2-CGB-vpt-46.13.H,-37.81279754,144.94714068,99
CGB,Craigieburn,2-CGB-vpt-46.13.H,-37.81263192,144.94696034,100
CGB,Craigieburn,2-CGB-vpt-46.13.H,-37.81236901,144.94668955,101
CGB,Craigieburn,2-CGB-vpt-46.13.H,-37.81220218,144.9465072,102
CGB,Craigieburn,2-CGB-vpt-46.13.H,-37.81213877,144.94643671,103
CGB,Craigieburn,2-CGB-vpt-46.13.H,-37.81196808,144.94623505,104
CGB,Craigieburn,2-CGB-vpt-46.13.H,-37.81160103,144.94574928,105
CGB,Craigieburn,2-CGB-vpt-46.13.H,-37.8113853,144.9454764,106
CGB,Craigieburn,2-CGB-vpt-46.13.H,-37.81124318,144.94531575,107
CGB,Craigieburn,2-CGB-vpt-46.13.H,-37.81109448,144.94516073,108
CGB,Craigieburn,2-CGB-vpt-46.13.H,-37.81072616,144.94478303,109
CGB,Craigieburn,2-CGB-vpt-46.13.H,-37.81053449,144.94459241,110
CGB,Craigieburn,2-CGB-vpt-46.13.H,-37.81029627,144.94438365,111
CGB,Craigieburn,2-CGB-vpt-46.13.H,-37.80922927,144.94355203,112
CGB,Craigieburn,2-CGB-vpt-46.13.H,-37.80855098,144.94301666,113
CGB,Craigieburn,2-CGB-vpt-46.13.H,-37.80836306,144.94287104,114
CGB,Craigieburn,2-CGB-vpt-46.13.H,-37.80830399,144.94282724,115
CGB,Craigieburn,2-CGB-vpt-46.13.H,-37.8082149,144.94276724,116
CGB,Craigieburn,2-CGB-vpt-46.13.H,-37.80813376,144.94271395,117
CGB,Craigieburn,2-CGB-vpt-46.13.H,-37.80799383,144.9426272,118
CGB,Craigieburn,2-CGB-vpt-46.13.H,-37.80786138,144.94253569,119
CGB,Craigieburn,2-CGB-vpt-46.13.H,-37.80735554,144.94213799,120
CGB,Craigieburn,2-CGB-vpt-46.13.H,-37.80662973,144.94156558,121
CGB,Craigieburn,2-CGB-vpt-46.13.H,-37.80631001,144.94129845,122
CGB,Craigieburn,2-CGB-vpt-46.13.H,-37.80611448,144.94114555,123
CGB,Craigieburn,2-CGB-vpt-46.13.H,-37.80596749,144.94102617,124
CGB,Craigieburn,2-CGB-vpt-46.13.H,-37.8056552,144.94075634,125
CGB,Craigieburn,2-CGB-vpt-46.13.H,-37.80530066,144.94043056,126
CGB,Craigieburn,2-CGB-vpt-46.13.H,-37.80494163,144.9400237,127
CGB,Craigieburn,2-CGB-vpt-46.13.H,-37.80458854,144.93967766,128
CGB,Craigieburn,2-CGB-vpt-46.13.H,-37.80425932,144.93936243,129
CGB,Craigieburn,2-CGB-vpt-46.13.H,-37.80403241,144.93912091,130
CGB,Craigieburn,2-CGB-vpt-46.13.H,-37.80399114,144.93908003,131
CGB,Craigieburn,2-CGB-vpt-46.13.H,-37.80380449,144.93891906,132
CGB,Craigieburn,2-CGB-vpt-46.13.H,-37.80364033,144.93872054,133
CGB,Craigieburn,2-CGB-vpt-46.13.H,-37.80349996,144.93854227,134
CGB,Craigieburn,2-CGB-vpt-46.13.H,-37.80331711,144.93825875,135
CGB,Craigieburn,2-CGB-vpt-46.13.H,-37.80312109,144.93791813,136
CGB,Craigieburn,2-CGB-vpt-46.13.H,-37.80279787,144.93726633,137
CGB,Craigieburn,2-CGB-vpt-46.13.H,-37.80233206,144.93633605,138
CGB,Craigieburn,2-CGB-vpt-46.13.H,-37.80207291,144.93579776,139
CGB,Craigieburn,2-CGB-vpt-46.13.H,-37.80176836,144.93518339,140
CGB,Craigieburn,2-CGB-vpt-46.13.H,-37.80158233,144.93481207,141
CGB,Craigieburn,2-CGB-vpt-46.13.H,-37.80149548,144.93464379,142
CGB,Craigieburn,2-CGB-vpt-46.13.H,-37.80137294,144.9344188,143
CGB,Craigieburn,2-CGB-vpt-46.13.H,-37.80124848,144.93421284,144
CGB,Craigieburn,2-CGB-vpt-46.13.H,-37.80119626,144.93413354,145
CGB,Craigieburn,2-CGB-vpt-46.13.H,-37.8010919,144.93397915,146
CGB,Craigieburn,2-CGB-vpt-46.13.H,-37.80095044,144.93379036,147
CGB,Craigieburn,2-CGB-vpt-46.13.H,-37.80081991,144.93363374,148
CGB,Craigieburn,2-CGB-vpt-46.13.H,-37.8007029,144.93350321,149
CGB,Craigieburn,2-CGB-vpt-46.13.H,-37.80055501,144.93335424,150
CGB,Craigieburn,2-CGB-vpt-46.13.H,-37.80046258,144.93326834,151
CGB,Craigieburn,2-CGB-vpt-46.13.H,-37.80039578,144.93321081,152
CGB,Craigieburn,2-CGB-vpt-46.13.H,-37.80024432,144.93308919,153
CGB,Craigieburn,2-CGB-vpt-46.13.H,-37.80000121,144.93291607,154
CGB,Craigieburn,2-CGB-vpt-46.13.H,-37.7997668,144.93276088,155
CGB,Craigieburn,2-CGB-vpt-46.13.H,-37.79936521,144.93250291,156
CGB,Craigieburn,2-CGB-vpt-46.13.H,-37.79924669,144.93243046,157
CGB,Craigieburn,2-CGB-vpt-46.13.H,-37.79908953,144.93234342,158
CGB,Craigieburn,2-CGB-vpt-46.13.H,-37.79898982,144.93229498,159
CGB,Craigieburn,2-CGB-vpt-46.13.H,-37.79880686,144.93221672,160
CGB,Craigieburn,2-CGB-vpt-46.13.H,-37.79867244,144.93216743,161
CGB,Craigieburn,2-CGB-vpt-46.13.H,-37.79841424,144.93207912,162
CGB,Craigieburn,2-CGB-vpt-46.13.H,-37.79693303,144.93158416,163
CGB,Craigieburn,2-CGB-vpt-46.13.H,-37.79665496,144.93149346,164
CGB,Craigieburn,2-CGB-vpt-46.13.H,-37.79496,144.93092261,165
CGB,Craigieburn,2-CGB-vpt-46.13.H,-37.79471616,144.93080528,166
CGB,Craigieburn,2-CGB-vpt-46.13.H,-37.79467849,144.93078975,167
CGB,Craigieburn,2-CGB-vpt-46.13.H,-37.7945132,144.9307327,168
CGB,Craigieburn,2-CGB-vpt-46.13.H,-37.79427088,144.93065077,169
CGB,Craigieburn,2-CGB-vpt-46.13.H,-37.79404949,144.93058109,170
CGB,Craigieburn,2-CGB-vpt-46.13.H,-37.79379187,144.93051026,171
CGB,Craigieburn,2-CGB-vpt-46.13.H,-37.79360554,144.93046129,172
CGB,Craigieburn,2-CGB-vpt-46.13.H,-37.79298274,144.93031219,173
CGB,Craigieburn,2-CGB-vpt-46.13.H,-37.79251437,144.93020307,174
CGB,Craigieburn,2-CGB-vpt-46.13.H,-37.79133229,144.92992036,175
CGB,Craigieburn,2-CGB-vpt-46.13.H,-37.7911241,144.92987337,176
CGB,Craigieburn,2-CGB-vpt-46.13.H,-37.78990073,144.92958478,177
CGB,Craigieburn,2-CGB-vpt-46.13.H,-37.78919648,144.92941639,178
CGB,Craigieburn,2-CGB-vpt-46.13.H,-37.78724201,144.9289552,179
CGB,Craigieburn,2-CGB-vpt-46.13.H,-37.78531048,144.92849644,180
CGB,Craigieburn,2-CGB-vpt-46.13.H,-37.78437768,144.92827155,181
CGB,Craigieburn,2-CGB-vpt-46.13.H,-37.78413593,144.92820688,182
CGB,Craigieburn,2-CGB-vpt-46.13.H,-37.78399573,144.92816719,183
CGB,Craigieburn,2-CGB-vpt-46.13.H,-37.78387412,144.92812914,184
CGB,Craigieburn,2-CGB-vpt-46.13.H,-37.78356077,144.92802616,185
CGB,Craigieburn,2-CGB-vpt-46.13.H,-37.78340829,144.92796933,186
CGB,Craigieburn,2-CGB-vpt-46.13.H,-37.78312998,144.9278605,187
CGB,Craigieburn,2-CGB-vpt-46.13.H,-37.78288664,144.92775681,188
CGB,Craigieburn,2-CGB-vpt-46.13.H,-37.78255198,144.92760016,189
CGB,Craigieburn,2-CGB-vpt-46.13.H,-37.7823735,144.92751044,190
CGB,Craigieburn,2-CGB-vpt-46.13.H,-37.78210681,144.92737017,191
CGB,Craigieburn,2-CGB-vpt-46.13.H,-37.78187524,144.92723891,192
CGB,Craigieburn,2-CGB-vpt-46.13.H,-37.78161174,144.9270805,193
CGB,Craigieburn,2-CGB-vpt-46.13.H,-37.78149637,144.92700731,194
CGB,Craigieburn,2-CGB-vpt-46.13.H,-37.78114838,144.9267745,195
CGB,Craigieburn,2-CGB-vpt-46.13.H,-37.78101251,144.92667872,196
CGB,Craigieburn,2-CGB-vpt-46.13.H,-37.78084508,144.92655612,197
CGB,Craigieburn,2-CGB-vpt-46.13.H,-37.7805467,144.92632602,198
CGB,Craigieburn,2-CGB-vpt-46.13.H,-37.78047503,144.9262683,199
CGB,Craigieburn,2-CGB-vpt-46.13.H,-37.78018677,144.92602395,200
CGB,Craigieburn,2-CGB-vpt-46.13.H,-37.77995571,144.92581434,201
CGB,Craigieburn,2-CGB-vpt-46.13.H,-37.77961262,144.92549114,202
CGB,Craigieburn,2-CGB-vpt-46.13.H,-37.77867474,144.92459951,203
CGB,Craigieburn,2-CGB-vpt-46.13.H,-37.77849677,144.92443146,204
CGB,Craigieburn,2-CGB-vpt-46.13.H,-37.7783811,144.92432638,205
CGB,Craigieburn,2-CGB-vpt-46.13.H,-37.77822812,144.92417545,206
CGB,Craigieburn,2-CGB-vpt-46.13.H,-37.77727706,144.92327275,207
CGB,Craigieburn,2-CGB-vpt-46.13.H,-37.776851,144.92289013,208
CGB,Craigieburn,2-CGB-vpt-46.13.H,-37.77660517,144.92268618,209
CGB,Craigieburn,2-CGB-vpt-46.13.H,-37.77651397,144.92261471,210
CGB,Craigieburn,2-CGB-vpt-46.13.H,-37.77621436,144.92238648,211
CGB,Craigieburn,2-CGB-vpt-46.13.H,-37.77605939,144.92227581,212
CGB,Craigieburn,2-CGB-vpt-46.13.H,-37.77573762,144.92205344,213
CGB,Craigieburn,2-CGB-vpt-46.13.H,-37.77563022,144.92198299,214
CGB,Craigieburn,2-CGB-vpt-46.13.H,-37.77527038,144.92176327,215
CGB,Craigieburn,2-CGB-vpt-46.13.H,-37.77500622,144.92161388,216
CGB,Craigieburn,2-CGB-vpt-46.13.H,-37.77477871,144.92149366,217
CGB,Craigieburn,2-CGB-vpt-46.13.H,-37.77455407,144.92138256,218
CGB,Craigieburn,2-CGB-vpt-46.13.H,-37.77420248,144.92122177,219
CGB,Craigieburn,2-CGB-vpt-46.13.H,-37.77395964,144.92112139,220
CGB,Craigieburn,2-CGB-vpt-46.13.H,-37.7736093,144.92099043,221
CGB,Craigieburn,2-CGB-vpt-46.13.H,-37.7733124,144.92089066,222
CGB,Craigieburn,2-CGB-vpt-46.13.H,-37.77315963,144.92084363,223
CGB,Craigieburn,2-CGB-vpt-46.13.H,-37.77289934,144.92076997,224
CGB,Craigieburn,2-CGB-vpt-46.13.H,-37.77260343,144.92069539,225
CGB,Craigieburn,2-CGB-vpt-46.13.H,-37.77181508,144.92052697,226
CGB,Craigieburn,2-CGB-vpt-46.13.H,-37.77109459,144.92037925,227
CGB,Craigieburn,2-CGB-vpt-46.13.H,-37.77071169,144.92029813,228
CGB,Craigieburn,2-CGB-vpt-46.13.H,-37.77054314,144.92026551,229
CGB,Craigieburn,2-CGB-vpt-46.13.H,-37.76814032,144.91976476,230
CGB,Craigieburn,2-CGB-vpt-46.13.H,-37.76750242,144.91963426,231
CGB,Craigieburn,2-CGB-vpt-46.13.H,-37.76678481,144.91948125,232
CGB,Craigieburn,2-CGB-vpt-46.13.H,-37.76655543,144.9194282,233
CGB,Craigieburn,2-CGB-vpt-46.13.H,-37.76632656,144.91936344,234
CGB,Craigieburn,2-CGB-vpt-46.13.H,-37.76601776,144.91926867,235
CGB,Craigieburn,2-CGB-vpt-46.13.H,-37.76590482,144.91923143,236
CGB,Craigieburn,2-CGB-vpt-46.13.H,-37.7657337,144.91917095,237
CGB,Craigieburn,2-CGB-vpt-46.13.H,-37.76547513,144.91907262,238
CGB,Craigieburn,2-CGB-vpt-46.13.H,-37.76534948,144.91902018,239
CGB,Craigieburn,2-CGB-vpt-46.13.H,-37.7651319,144.91892661,240
CGB,Craigieburn,2-CGB-vpt-46.13.H,-37.76492442,144.9188331,241
CGB,Craigieburn,2-CGB-vpt-46.13.H,-37.76470544,144.91872617,242
CGB,Craigieburn,2-CGB-vpt-46.13.H,-37.76451526,144.91862741,243
CGB,Craigieburn,2-CGB-vpt-46.13.H,-37.76429712,144.91850684,244
CGB,Craigieburn,2-CGB-vpt-46.13.H,-37.76405119,144.91836423,245
CGB,Craigieburn,2-CGB-vpt-46.13.H,-37.76379046,144.91820524,246
CGB,Craigieburn,2-CGB-vpt-46.13.H,-37.76302549,144.91772303,247
CGB,Craigieburn,2-CGB-vpt-46.13.H,-37.76288748,144.91763915,248
CGB,Craigieburn,2-CGB-vpt-46.13.H,-37.76254069,144.91743433,249
CGB,Craigieburn,2-CGB-vpt-46.13.H,-37.76231463,144.91730945,250
CGB,Craigieburn,2-CGB-vpt-46.13.H,-37.76208439,144.91719275,251
CGB,Craigieburn,2-CGB-vpt-46.13.H,-37.761863,144.91708737,252
CGB,Craigieburn,2-CGB-vpt-46.13.H,-37.7617003,144.91701407,253
CGB,Craigieburn,2-CGB-vpt-46.13.H,-37.76145394,144.91691802,254
CGB,Craigieburn,2-CGB-vpt-46.13.H,-37.76127989,144.91685491,255
CGB,Craigieburn,2-CGB-vpt-46.13.H,-37.76113692,144.91680659,256
CGB,Craigieburn,2-CGB-vpt-46.13.H,-37.76088832,144.91673218,257
CGB,Craigieburn,2-CGB-vpt-46.13.H,-37.76071453,144.91668405,258
CGB,Craigieburn,2-CGB-vpt-46.13.H,-37.76049197,144.91662491,259
CGB,Craigieburn,2-CGB-vpt-46.13.H,-37.76015014,144.91654244,260
CGB,Craigieburn,2-CGB-vpt-46.13.H,-37.75960489,144.91642823,261
CGB,Craigieburn,2-CGB-vpt-46.13.H,-37.7592408,144.91636637,262
CGB,Craigieburn,2-CGB-vpt-46.13.H,-37.75912833,144.91636067,263
CGB,Craigieburn,2-CGB-vpt-46.13.H,-37.75895889,144.91635997,264
CGB,Craigieburn,2-CGB-vpt-46.13.H,-37.75879144,144.91635378,265
CGB,Craigieburn,2-CGB-vpt-46.13.H,-37.75858862,144.91633041,266
CGB,Craigieburn,2-CGB-vpt-46.13.H,-37.75834923,144.91629774,267
CGB,Craigieburn,2-CGB-vpt-46.13.H,-37.75796268,144.91626035,268
CGB,Craigieburn,2-CGB-vpt-46.13.H,-37.7577374,144.91624567,269
CGB,Craigieburn,2-CGB-vpt-46.13.H,-37.75736973,144.9162359,270
CGB,Craigieburn,2-CGB-vpt-46.13.H,-37.75617556,144.91621935,271
CGB,Craigieburn,2-CGB-vpt-46.13.H,-37.75527629,144.91619986,272
CGB,Craigieburn,2-CGB-vpt-46.13.H,-37.75513896,144.91620042,273
CGB,Craigieburn,2-CGB-vpt-46.13.H,-37.7549873,144.91621614,274
CGB,Craigieburn,2-CGB-vpt-46.13.H,-37.75488819,144.91623289,275
CGB,Craigieburn,2-CGB-vpt-46.13.H,-37.75478013,144.91625782,276
CGB,Craigieburn,2-CGB-vpt-46.13.H,-37.75458206,144.91630935,277
CGB,Craigieburn,2-CGB-vpt-46.13.H,-37.75393692,144.91649816,278
CGB,Craigieburn,2-CGB-vpt-46.13.H,-37.75358667,144.91661774,279
CGB,Craigieburn,2-CGB-vpt-46.13.H,-37.75326174,144.91673195,280
CGB,Craigieburn,2-CGB-vpt-46.13.H,-37.75316972,144.91675655,281
CGB,Craigieburn,2-CGB-vpt-46.13.H,-37.75292188,144.91681685,282
CGB,Craigieburn,2-CGB-vpt-46.13.H,-37.7528748,144.91683032,283
CGB,Craigieburn,2-CGB-vpt-46.13.H,-37.752686,144.91689588,284
CGB,Craigieburn,2-CGB-vpt-46.13.H,-37.75190762,144.91717444,285
CGB,Craigieburn,2-CGB-vpt-46.13.H,-37.7516529,144.91726864,286
CGB,Craigieburn,2-CGB-vpt-46.13.H,-37.75148446,144.91733465,287
CGB,Craigieburn,2-CGB-vpt-46.13.H,-37.75128292,144.9174193,288
CGB,Craigieburn,2-CGB-vpt-46.13.H,-37.75115094,144.9174777,289
CGB,Craigieburn,2-CGB-vpt-46.13.H,-37.75090607,144.91759375,290
CGB,Craigieburn,2-CGB-vpt-46.13.H,-37.7508089,144.91764324,291
CGB,Craigieburn,2-CGB-vpt-46.13.H,-37.75059099,144.91776035,292
CGB,Craigieburn,2-CGB-vpt-46.13.H,-37.75030662,144.91792585,293
CGB,Craigieburn,2-CGB-vpt-46.13.H,-37.74998524,144.91813382,294
CGB,Craigieburn,2-CGB-vpt-46.13.H,-37.74980061,144.9182627,295
CGB,Craigieburn,2-CGB-vpt-46.13.H,-37.74961772,144.91839256,296
CGB,Craigieburn,2-CGB-vpt-46.13.H,-37.74955348,144.91844452,297
CGB,Craigieburn,2-CGB-vpt-46.13.H,-37.74933388,144.91861366,298
CGB,Craigieburn,2-CGB-vpt-46.13.H,-37.74909983,144.91880691,299
CGB,Craigieburn,2-CGB-vpt-46.13.H,-37.74888363,144.91899524,300
CGB,Craigieburn,2-CGB-vpt-46.13.H,-37.74869811,144.9191658,301
CGB,Craigieburn,2-CGB-vpt-46.13.H,-37.74848669,144.91936931,302
CGB,Craigieburn,2-CGB-vpt-46.13.H,-37.74828717,144.91957363,303
CGB,Craigieburn,2-CGB-vpt-46.13.H,-37.74792499,144.9199617,304
CGB,Craigieburn,2-CGB-vpt-46.13.H,-37.74770476,144.920218,305
CGB,Craigieburn,2-CGB-vpt-46.13.H,-37.74750192,144.92046894,306
CGB,Craigieburn,2-CGB-vpt-46.13.H,-37.74738947,144.92061815,307
CGB,Craigieburn,2-CGB-vpt-46.13.H,-37.7472156,144.92086646,308
CGB,Craigieburn,2-CGB-vpt-46.13.H,-37.74711451,144.9210158,309
CGB,Craigieburn,2-CGB-vpt-46.13.H,-37.74694051,144.92128215,310
CGB,Craigieburn,2-CGB-vpt-46.13.H,-37.74679723,144.92152268,311
CGB,Craigieburn,2-CGB-vpt-46.13.H,-37.74665311,144.92177696,312
CGB,Craigieburn,2-CGB-vpt-46.13.H,-37.74647334,144.92212041,313
CGB,Craigieburn,2-CGB-vpt-46.13.H,-37.74637561,144.92231733,314
CGB,Craigieburn,2-CGB-vpt-46.13.H,-37.7462887,144.92249907,315
CGB,Craigieburn,2-CGB-vpt-46.13.H,-37.74548401,144.9242668,316
CGB,Craigieburn,2-CGB-vpt-46.13.H,-37.74514243,144.92500165,317
CGB,Craigieburn,2-CGB-vpt-46.13.H,-37.74499196,144.9253049,318
CGB,Craigieburn,2-CGB-vpt-46.13.H,-37.74485922,144.92555555,319
CGB,Craigieburn,2-CGB-vpt-46.13.H,-37.74463822,144.92593294,320
CGB,Craigieburn,2-CGB-vpt-46.13.H,-37.74446566,144.92620525,321
CGB,Craigieburn,2-CGB-vpt-46.13.H,-37.74428554,144.92647277,322
CGB,Craigieburn,2-CGB-vpt-46.13.H,-37.7440109,144.9268336,323
CGB,Craigieburn,2-CGB-vpt-46.13.H,-37.74371501,144.9271695,324
CGB,Craigieburn,2-CGB-vpt-46.13.H,-37.74357611,144.92732714,325
CGB,Craigieburn,2-CGB-vpt-46.13.H,-37.74335943,144.92753985,326
CGB,Craigieburn,2-CGB-vpt-46.13.H,-37.74320961,144.92768123,327
CGB,Craigieburn,2-CGB-vpt-46.13.H,-37.74293371,144.92791884,328
CGB,Craigieburn,2-CGB-vpt-46.13.H,-37.74273568,144.92808052,329
CGB,Craigieburn,2-CGB-vpt-46.13.H,-37.74256368,144.92821106,330
CGB,Craigieburn,2-CGB-vpt-46.13.H,-37.74242643,144.92830828,331
CGB,Craigieburn,2-CGB-vpt-46.13.H,-37.74229187,144.92839987,332
CGB,Craigieburn,2-CGB-vpt-46.13.H,-37.74208832,144.92852936,333
CGB,Craigieburn,2-CGB-vpt-46.13.H,-37.74196634,144.92860335,334
CGB,Craigieburn,2-CGB-vpt-46.13.H,-37.74186929,144.92865996,335
CGB,Craigieburn,2-CGB-vpt-46.13.H,-37.74166273,144.92877262,336
CGB,Craigieburn,2-CGB-vpt-46.13.H,-37.74141146,144.92889435,337
CGB,Craigieburn,2-CGB-vpt-46.13.H,-37.74124419,144.92897039,338
CGB,Craigieburn,2-CGB-vpt-46.13.H,-37.74116866,144.92900076,339
CGB,Craigieburn,2-CGB-vpt-46.13.H,-37.74068643,144.92917455,340
CGB,Craigieburn,2-CGB-vpt-46.13.H,-37.74060461,144.92920088,341
CGB,Craigieburn,2-CGB-vpt-46.13.H,-37.74036452,144.92926636,342
CGB,Craigieburn,2-CGB-vpt-46.13.H,-37.74025748,144.92929306,343
CGB,Craigieburn,2-CGB-vpt-46.13.H,-37.74010988,144.92932486,344
CGB,Craigieburn,2-CGB-vpt-46.13.H,-37.73988053,144.92936552,345
CGB,Craigieburn,2-CGB-vpt-46.13.H,-37.73966841,144.92939742,346
CGB,Craigieburn,2-CGB-vpt-46.13.H,-37.73942051,144.92942408,347
CGB,Craigieburn,2-CGB-vpt-46.13.H,-37.73914861,144.92943892,348
CGB,Craigieburn,2-CGB-vpt-46.13.H,-37.73893951,144.92944247,349
CGB,Craigieburn,2-CGB-vpt-46.13.H,-37.73881668,144.92944249,350
CGB,Craigieburn,2-CGB-vpt-46.13.H,-37.73851564,144.92942932,351
CGB,Craigieburn,2-CGB-vpt-46.13.H,-37.73829362,144.92941088,352
CGB,Craigieburn,2-CGB-vpt-46.13.H,-37.73817489,144.92939785,353
CGB,Craigieburn,2-CGB-vpt-46.13.H,-37.73805242,144.92938242,354
CGB,Craigieburn,2-CGB-vpt-46.13.H,-37.73762374,144.92932152,355
CGB,Craigieburn,2-CGB-vpt-46.13.H,-37.73698309,144.92920887,356
CGB,Craigieburn,2-CGB-vpt-46.13.H,-37.73671738,144.92917054,357
CGB,Craigieburn,2-CGB-vpt-46.13.H,-37.73631119,144.9290971,358
CGB,Craigieburn,2-CGB-vpt-46.13.H,-37.73567981,144.92898885,359
CGB,Craigieburn,2-CGB-vpt-46.13.H,-37.73485514,144.9288507,360
CGB,Craigieburn,2-CGB-vpt-46.13.H,-37.73425813,144.92875455,361
CGB,Craigieburn,2-CGB-vpt-46.13.H,-37.73402442,144.92871136,362
CGB,Craigieburn,2-CGB-vpt-46.13.H,-37.73129922,144.92825923,363
CGB,Craigieburn,2-CGB-vpt-46.13.H,-37.73081699,144.92817157,364
CGB,Craigieburn,2-CGB-vpt-46.13.H,-37.73073641,144.92815509,365
CGB,Craigieburn,2-CGB-vpt-46.13.H,-37.73045161,144.92809212,366
CGB,Craigieburn,2-CGB-vpt-46.13.H,-37.73031974,144.92805994,367
CGB,Craigieburn,2-CGB-vpt-46.13.H,-37.72990921,144.92795009,368
CGB,Craigieburn,2-CGB-vpt-46.13.H,-37.72978447,144.9279134,369
CGB,Craigieburn,2-CGB-vpt-46.13.H,-37.72953799,144.92783562,370
CGB,Craigieburn,2-CGB-vpt-46.13.H,-37.72927267,144.92774782,371
CGB,Craigieburn,2-CGB-vpt-46.13.H,-37.72897917,144.92764107,372
CGB,Craigieburn,2-CGB-vpt-46.13.H,-37.72887219,144.92759957,373
CGB,Craigieburn,2-CGB-vpt-46.13.H,-37.72843187,144.92742032,374
CGB,Craigieburn,2-CGB-vpt-46.13.H,-37.72801581,144.92723178,375
CGB,Craigieburn,2-CGB-vpt-46.13.H,-37.72771667,144.92708604,376
CGB,Craigieburn,2-CGB-vpt-46.13.H,-37.72758697,144.92701829,377
CGB,Craigieburn,2-CGB-vpt-46.13.H,-37.727281,144.92685322,378
CGB,Craigieburn,2-CGB-vpt-46.13.H,-37.72696137,144.92666993,379
CGB,Craigieburn,2-CGB-vpt-46.13.H,-37.72682339,144.92658733,380
CGB,Craigieburn,2-CGB-vpt-46.13.H,-37.72658402,144.92643845,381
CGB,Craigieburn,2-CGB-vpt-46.13.H,-37.72629954,144.92624987,382
CGB,Craigieburn,2-CGB-vpt-46.13.H,-37.72597387,144.92602557,383
CGB,Craigieburn,2-CGB-vpt-46.13.H,-37.72566043,144.92580513,384
CGB,Craigieburn,2-CGB-vpt-46.13.H,-37.72286173,144.92381505,385
CGB,Craigieburn,2-CGB-vpt-46.13.H,-37.72247229,144.92354184,386
CGB,Craigieburn,2-CGB-vpt-46.13.H,-37.72226603,144.92339977,387
CGB,Craigieburn,2-CGB-vpt-46.13.H,-37.7219155,144.92317143,388
CGB,Craigieburn,2-CGB-vpt-46.13.H,-37.72165793,144.92301219,389
CGB,Craigieburn,2-CGB-vpt-46.13.H,-37.72138337,144.92285024,390
CGB,Craigieburn,2-CGB-vpt-46.13.H,-37.72112369,144.92270944,391
CGB,Craigieburn,2-CGB-vpt-46.13.H,-37.7209487,144.92261835,392
CGB,Craigieburn,2-CGB-vpt-46.13.H,-37.72064321,144.92246556,393
CGB,Craigieburn,2-CGB-vpt-46.13.H,-37.72048324,144.92238869,394
CGB,Craigieburn,2-CGB-vpt-46.13.H,-37.7201939,144.92225734,395
CGB,Craigieburn,2-CGB-vpt-46.13.H,-37.7198677,144.9221209,396
CGB,Craigieburn,2-CGB-vpt-46.13.H,-37.7195676,144.92200302,397
CGB,Craigieburn,2-CGB-vpt-46.13.H,-37.71928872,144.92190258,398
CGB,Craigieburn,2-CGB-vpt-46.13.H,-37.71879967,144.92174074,399
CGB,Craigieburn,2-CGB-vpt-46.13.H,-37.71820733,144.92155196,400
CGB,Craigieburn,2-CGB-vpt-46.13.H,-37.71793621,144.92146265,401
CGB,Craigieburn,2-CGB-vpt-46.13.H,-37.71217443,144.91962525,402
CGB,Craigieburn,2-CGB-vpt-46.13.H,-37.71135736,144.91936145,403
CGB,Craigieburn,2-CGB-vpt-46.13.H,-37.70820449,144.91835661,404
CGB,Craigieburn,2-CGB-vpt-46.13.H,-37.70799598,144.9182869,405
CGB,Craigieburn,2-CGB-vpt-46.13.H,-37.70767626,144.91819614,406
CGB,Craigieburn,2-CGB-vpt-46.13.H,-37.70750318,144.91815255,407
CGB,Craigieburn,2-CGB-vpt-46.13.H,-37.70717177,144.91808355,408
CGB,Craigieburn,2-CGB-vpt-46.13.H,-37.70681873,144.91801471,409
CGB,Craigieburn,2-CGB-vpt-46.13.H,-37.7066192,144.917973,410
CGB,Craigieburn,2-CGB-vpt-46.13.H,-37.70640346,144.91792255,411
CGB,Craigieburn,2-CGB-vpt-46.13.H,-37.70628043,144.91789049,412
CGB,Craigieburn,2-CGB-vpt-46.13.H,-37.7060366,144.91782131,413
CGB,Craigieburn,2-CGB-vpt-46.13.H,-37.7053867,144.91762411,414
CGB,Craigieburn,2-CGB-vpt-46.13.H,-37.70493222,144.91749096,415
CGB,Craigieburn,2-CGB-vpt-46.13.H,-37.70407038,144.91723379,416
CGB,Craigieburn,2-CGB-vpt-46.13.H,-37.70372633,144.91712784,417
CGB,Craigieburn,2-CGB-vpt-46.13.H,-37.70356571,144.91707528,418
CGB,Craigieburn,2-CGB-vpt-46.13.H,-37.70339186,144.91701312,419
CGB,Craigieburn,2-CGB-vpt-46.13.H,-37.70310192,144.91689964,420
CGB,Craigieburn,2-CGB-vpt-46.13.H,-37.70262903,144.91669851,421
CGB,Craigieburn,2-CGB-vpt-46.13.H,-37.70224787,144.9165327,422
CGB,Craigieburn,2-CGB-vpt-46.13.H,-37.7019767,144.91642506,423
CGB,Craigieburn,2-CGB-vpt-46.13.H,-37.70168092,144.91631765,424
CGB,Craigieburn,2-CGB-vpt-46.13.H,-37.70127546,144.91617861,425
CGB,Craigieburn,2-CGB-vpt-46.13.H,-37.70102669,144.91610017,426
CGB,Craigieburn,2-CGB-vpt-46.13.H,-37.7008362,144.91604494,427
CGB,Craigieburn,2-CGB-vpt-46.13.H,-37.70057926,144.9159783,428
CGB,Craigieburn,2-CGB-vpt-46.13.H,-37.70028409,144.91590989,429
CGB,Craigieburn,2-CGB-vpt-46.13.H,-37.69981461,144.91580996,430
CGB,Craigieburn,2-CGB-vpt-46.13.H,-37.69954006,144.91576684,431
CGB,Craigieburn,2-CGB-vpt-46.13.H,-37.69902071,144.91570585,432
CGB,Craigieburn,2-CGB-vpt-46.13.H,-37.69886212,144.91569135,433
CGB,Craigieburn,2-CGB-vpt-46.13.H,-37.69849276,144.91566779,434
CGB,Craigieburn,2-CGB-vpt-46.13.H,-37.6981648,144.91565656,435
CGB,Craigieburn,2-CGB-vpt-46.13.H,-37.69795966,144.91565482,436
CGB,Craigieburn,2-CGB-vpt-46.13.H,-37.69761374,144.91565736,437
CGB,Craigieburn,2-CGB-vpt-46.13.H,-37.69729397,144.91566609,438
CGB,Craigieburn,2-CGB-vpt-46.13.H,-37.6963833,144.91570021,439
CGB,Craigieburn,2-CGB-vpt-46.13.H,-37.6955406,144.91573595,440
CGB,Craigieburn,2-CGB-vpt-46.13.H,-37.69532417,144.91574802,441
CGB,Craigieburn,2-CGB-vpt-46.13.H,-37.69517028,144.91576027,442
CGB,Craigieburn,2-CGB-vpt-46.13.H,-37.6949928,144.9157784,443
CGB,Craigieburn,2-CGB-vpt-46.13.H,-37.69464614,144.91582088,444
CGB,Craigieburn,2-CGB-vpt-46.13.H,-37.6940784,144.91590766,445
CGB,Craigieburn,2-CGB-vpt-46.13.H,-37.69389243,144.91594031,446
CGB,Craigieburn,2-CGB-vpt-46.13.H,-37.69366506,144.91597095,447
CGB,Craigieburn,2-CGB-vpt-46.13.H,-37.69341503,144.91599916,448
CGB,Craigieburn,2-CGB-vpt-46.13.H,-37.69311314,144.91602995,449
CGB,Craigieburn,2-CGB-vpt-46.13.H,-37.69268909,144.91606814,450
CGB,Craigieburn,2-CGB-vpt-46.13.H,-37.6922802,144.91610249,451
CGB,Craigieburn,2-CGB-vpt-46.13.H,-37.6902332,144.91628386,452
CGB,Craigieburn,2-CGB-vpt-46.13.H,-37.6894135,144.9163609,453
CGB,Craigieburn,2-CGB-vpt-46.13.H,-37.68922411,144.91638378,454
CGB,Craigieburn,2-CGB-vpt-46.13.H,-37.68899884,144.91641594,455
CGB,Craigieburn,2-CGB-vpt-46.13.H,-37.68886497,144.91643908,456
CGB,Craigieburn,2-CGB-vpt-46.13.H,-37.68859138,144.91649017,457
CGB,Craigieburn,2-CGB-vpt-46.13.H,-37.68846874,144.91651662,458
CGB,Craigieburn,2-CGB-vpt-46.13.H,-37.68825039,144.91656809,459
CGB,Craigieburn,2-CGB-vpt-46.13.H,-37.68798494,144.91663642,460
CGB,Craigieburn,2-CGB-vpt-46.13.H,-37.68761597,144.9167471,461
CGB,Craigieburn,2-CGB-vpt-46.13.H,-37.68744972,144.91680449,462
CGB,Craigieburn,2-CGB-vpt-46.13.H,-37.68717741,144.91690283,463
CGB,Craigieburn,2-CGB-vpt-46.13.H,-37.68691467,144.91700725,464
CGB,Craigieburn,2-CGB-vpt-46.13.H,-37.68665959,144.91711724,465
CGB,Craigieburn,2-CGB-vpt-46.13.H,-37.68635894,144.91725901,466
CGB,Craigieburn,2-CGB-vpt-46.13.H,-37.68615162,144.91736369,467
CGB,Craigieburn,2-CGB-vpt-46.13.H,-37.685869,144.91751595,468
CGB,Craigieburn,2-CGB-vpt-46.13.H,-37.68575524,144.91758105,469
CGB,Craigieburn,2-CGB-vpt-46.13.H,-37.68559922,144.91767658,470
CGB,Craigieburn,2-CGB-vpt-46.13.H,-37.68531368,144.91785772,471
CGB,Craigieburn,2-CGB-vpt-46.13.H,-37.6852183,144.91792174,472
CGB,Craigieburn,2-CGB-vpt-46.13.H,-37.6850082,144.91806811,473
CGB,Craigieburn,2-CGB-vpt-46.13.H,-37.68489572,144.91814882,474
CGB,Craigieburn,2-CGB-vpt-46.13.H,-37.6847728,144.91824105,475
CGB,Craigieburn,2-CGB-vpt-46.13.H,-37.68422674,144.91866261,476
CGB,Craigieburn,2-CGB-vpt-46.13.H,-37.68336157,144.91934493,477
CGB,Craigieburn,2-CGB-vpt-46.13.H,-37.68318398,144.91947962,478
CGB,Craigieburn,2-CGB-vpt-46.13.H,-37.68274994,144.91982058,479
CGB,Craigieburn,2-CGB-vpt-46.13.H,-37.68196984,144.92043678,480
CGB,Craigieburn,2-CGB-vpt-46.13.H,-37.6812097,144.92101985,481
CGB,Craigieburn,2-CGB-vpt-46.13.H,-37.68100063,144.92118364,482
CGB,Craigieburn,2-CGB-vpt-46.13.H,-37.68080761,144.92132726,483
CGB,Craigieburn,2-CGB-vpt-46.13.H,-37.68064956,144.92143565,484
CGB,Craigieburn,2-CGB-vpt-46.13.H,-37.68053054,144.92151403,485
CGB,Craigieburn,2-CGB-vpt-46.13.H,-37.68033114,144.92163344,486
CGB,Craigieburn,2-CGB-vpt-46.13.H,-37.68000308,144.92181585,487
CGB,Craigieburn,2-CGB-vpt-46.13.H,-37.67958808,144.92203573,488
CGB,Craigieburn,2-CGB-vpt-46.13.H,-37.67926331,144.92219004,489
CGB,Craigieburn,2-CGB-vpt-46.13.H,-37.67894587,144.92232544,490
CGB,Craigieburn,2-CGB-vpt-46.13.H,-37.67863814,144.9224448,491
CGB,Craigieburn,2-CGB-vpt-46.13.H,-37.67823484,144.92258157,492
CGB,Craigieburn,2-CGB-vpt-46.13.H,-37.67780171,144.92270364,493
CGB,Craigieburn,2-CGB-vpt-46.13.H,-37.67725301,144.92282825,494
CGB,Craigieburn,2-CGB-vpt-46.13.H,-37.67605136,144.92306846,495
CGB,Craigieburn,2-CGB-vpt-46.13.H,-37.67540597,144.92319315,496
CGB,Craigieburn,2-CGB-vpt-46.13.H,-37.67527336,144.92322134,497
CGB,Craigieburn,2-CGB-vpt-46.13.H,-37.67432728,144.92340996,498
CGB,Craigieburn,2-CGB-vpt-46.13.H,-37.67323953,144.92362385,499
CGB,Craigieburn,2-CGB-vpt-46.13.H,-37.67208818,144.92384948,500
CGB,Craigieburn,2-CGB-vpt-46.13.H,-37.6713416,144.92399114,501
CGB,Craigieburn,2-CGB-vpt-46.13.H,-37.67032606,144.9241962,502
CGB,Craigieburn,2-CGB-vpt-46.13.H,-37.66974929,144.92430353,503
CGB,Craigieburn,2-CGB-vpt-46.13.H,-37.66800277,144.92465558,504
CGB,Craigieburn,2-CGB-vpt-46.13.H,-37.66749449,144.92475284,505
CGB,Craigieburn,2-CGB-vpt-46.13.H,-37.66709646,144.9248358,506
CGB,Craigieburn,2-CGB-vpt-46.13.H,-37.6662314,144.92500432,507
CGB,Craigieburn,2-CGB-vpt-46.13.H,-37.6654647,144.92514981,508
CGB,Craigieburn,2-CGB-vpt-46.13.H,-37.66371527,144.92550065,509
CGB,Craigieburn,2-CGB-vpt-46.13.H,-37.66321303,144.92559772,510
CGB,Craigieburn,2-CGB-vpt-46.13.H,-37.66199431,144.92584171,511
CGB,Craigieburn,2-CGB-vpt-46.13.H,-37.66094132,144.92604945,512
CGB,Craigieburn,2-CGB-vpt-46.13.H,-37.6603415,144.92616805,513
CGB,Craigieburn,2-CGB-vpt-46.13.H,-37.65996462,144.92624984,514
CGB,Craigieburn,2-CGB-vpt-46.13.H,-37.65944743,144.92638836,515
CGB,Craigieburn,2-CGB-vpt-46.13.H,-37.65898673,144.92654129,516
CGB,Craigieburn,2-CGB-vpt-46.13.H,-37.65853006,144.92672369,517
CGB,Craigieburn,2-CGB-vpt-46.13.H,-37.6580885,144.92693015,518
CGB,Craigieburn,2-CGB-vpt-46.13.H,-37.65764152,144.9271719,519
CGB,Craigieburn,2-CGB-vpt-46.13.H,-37.65742781,144.9272929,520
CGB,Craigieburn,2-CGB-vpt-46.13.H,-37.65714136,144.92746931,521
CGB,Craigieburn,2-CGB-vpt-46.13.H,-37.65486553,144.92889722,522
CGB,Craigieburn,2-CGB-vpt-46.13.H,-37.65377459,144.92959233,523
CGB,Craigieburn,2-CGB-vpt-46.13.H,-37.6537708,144.9295973,524
CGB,Craigieburn,2-CGB-vpt-46.13.H,-37.65343001,144.92981046,525
CGB,Craigieburn,2-CGB-vpt-46.13.H,-37.65193237,144.93075769,526
CGB,Craigieburn,2-CGB-vpt-46.13.H,-37.64922257,144.93246355,527
CGB,Craigieburn,2-CGB-vpt-46.13.H,-37.64867264,144.9328016,528
CGB,Craigieburn,2-CGB-vpt-46.13.H,-37.64822236,144.93305097,529
CGB,Craigieburn,2-CGB-vpt-46.13.H,-37.64775088,144.9332736,530
CGB,Craigieburn,2-CGB-vpt-46.13.H,-37.64728164,144.93347475,531
CGB,Craigieburn,2-CGB-vpt-46.13.H,-37.64680368,144.93364112,532
CGB,Craigieburn,2-CGB-vpt-46.13.H,-37.64631741,144.93378585,533
CGB,Craigieburn,2-CGB-vpt-46.13.H,-37.64588556,144.93389902,534
CGB,Craigieburn,2-CGB-vpt-46.13.H,-37.64244431,144.93459685,535
CGB,Craigieburn,2-CGB-vpt-46.13.H,-37.64207144,144.93466599,536
CGB,Craigieburn,2-CGB-vpt-46.13.H,-37.64160415,144.93475725,537
CGB,Craigieburn,2-CGB-vpt-46.13.H,-37.64014553,144.93498214,538
CGB,Craigieburn,2-CGB-vpt-46.13.H,-37.63956347,144.935076,539
CGB,Craigieburn,2-CGB-vpt-46.13.H,-37.6392555,144.93513088,540
CGB,Craigieburn,2-CGB-vpt-46.13.H,-37.63827839,144.93532939,541
CGB,Craigieburn,2-CGB-vpt-46.13.H,-37.63729404,144.93552663,542
CGB,Craigieburn,2-CGB-vpt-46.13.H,-37.63664411,144.93566599,543
CGB,Craigieburn,2-CGB-vpt-46.13.H,-37.63624048,144.93575989,544
CGB,Craigieburn,2-CGB-vpt-46.13.H,-37.63503832,144.93606569,545
CGB,Craigieburn,2-CGB-vpt-46.13.H,-37.63449556,144.93619584,546
CGB,Craigieburn,2-CGB-vpt-46.13.H,-37.63402187,144.93629768,547
CGB,Craigieburn,2-CGB-vpt-46.13.H,-37.6336937,144.93636206,548
CGB,Craigieburn,2-CGB-vpt-46.13.H,-37.62091814,144.93894365,549
CGB,Craigieburn,2-CGB-vpt-46.13.H,-37.60905417,144.94133576,550
CGB,Craigieburn,2-CGB-vpt-46.13.H,-37.60849121,144.94149209,551
CGB,Craigieburn,2-CGB-vpt-46.13.H,-37.60752626,144.94168635,552
CGB,Craigieburn,2-CGB-vpt-46.13.H,-37.60679306,144.94183706,553
CGB,Craigieburn,2-CGB-vpt-46.13.H,-37.60514914,144.94216545,554
CGB,Craigieburn,2-CGB-vpt-46.13.H,-37.60474321,144.94226204,555
CGB,Craigieburn,2-CGB-vpt-46.13.H,-37.6042301,144.94241358,556
CGB,Craigieburn,2-CGB-vpt-46.13.H,-37.6037148,144.94259463,557
CGB,Craigieburn,2-CGB-vpt-46.13.H,-37.60320843,144.94280738,558
CGB,Craigieburn,2-CGB-vpt-46.13.H,-37.60229318,144.94320083,559
FKN,Frankston,2-FKN-vpt-1.21.H,-37.81841774,144.96663863,1
FKN,Frankston,2-FKN-vpt-1.21.H,-37.81837683,144.96679005,2
FKN,Frankston,2-FKN-vpt-1.21.H,-37.81805546,144.96792737,3
FKN,Frankston,2-FKN-vpt-1.21.H,-37.8179974,144.96812459,4
FKN,Frankston,2-FKN-vpt-1.21.H,-37.81793978,144.96839903,5
FKN,Frankston,2-FKN-vpt-1.21.H,-37.81790379,144.96859076,6
FKN,Frankston,2-FKN-vpt-1.21.H,-37.81785827,144.96880398,7
FKN,Frankston,2-FKN-vpt-1.21.H,-37.81780418,144.96901722,8
FKN,Frankston,2-FKN-vpt-1.21.H,-37.81760337,144.96970023,9
FKN,Frankston,2-FKN-vpt-1.21.H,-37.81742901,144.97042262,10
FKN,Frankston,2-FKN-vpt-1.21.H,-37.81739992,144.97052247,11
FKN,Frankston,2-FKN-vpt-1.21.H,-37.81733686,144.97081706,12
FKN,Frankston,2-FKN-vpt-1.21.H,-37.81726882,144.97109906,13
FKN,Frankston,2-FKN-vpt-1.21.H,-37.81714686,144.97152079,14
FKN,Frankston,2-FKN-vpt-1.21.H,-37.81707076,144.97181664,15
FKN,Frankston,2-FKN-vpt-1.21.H,-37.81703804,144.97196271,16
FKN,Frankston,2-FKN-vpt-1.21.H,-37.81700816,144.97211723,17
FKN,Frankston,2-FKN-vpt-1.21.H,-37.81697954,144.97229159,18
FKN,Frankston,2-FKN-vpt-1.21.H,-37.81695531,144.97248083,19
FKN,Frankston,2-FKN-vpt-1.21.H,-37.81693588,144.97264017,20
FKN,Frankston,2-FKN-vpt-1.21.H,-37.81691898,144.97283091,21
FKN,Frankston,2-FKN-vpt-1.21.H,-37.81691043,144.97296235,22
FKN,Frankston,2-FKN-vpt-1.21.H,-37.81690693,144.97309388,23
FKN,Frankston,2-FKN-vpt-1.21.H,-37.8169124,144.97339625,24
FKN,Frankston,2-FKN-vpt-1.21.H,-37.81692359,144.97364836,25
FKN,Frankston,2-FKN-vpt-1.21.H,-37.81694447,144.97387714,26
FKN,Frankston,2-FKN-vpt-1.21.H,-37.81696282,144.97402727,27
FKN,Frankston,2-FKN-vpt-1.21.H,-37.8170023,144.97428929,28
FKN,Frankston,2-FKN-vpt-1.21.H,-37.81702817,144.97442627,29
FKN,Frankston,2-FKN-vpt-1.21.H,-37.81709211,144.97470636,30
FKN,Frankston,2-FKN-vpt-1.21.H,-37.81714211,144.97489425,31
FKN,Frankston,2-FKN-vpt-1.21.H,-37.81718676,144.97504332,32
FKN,Frankston,2-FKN-vpt-1.21.H,-37.81723403,144.97518766,33
FKN,Frankston,2-FKN-vpt-1.21.H,-37.81728092,144.97531509,34
FKN,Frankston,2-FKN-vpt-1.21.H,-37.81732913,144.97544055,35
FKN,Frankston,2-FKN-vpt-1.21.H,-37.81737474,144.97555131,36
FKN,Frankston,2-FKN-vpt-1.21.H,-37.81743567,144.97568835,37
FKN,Frankston,2-FKN-vpt-1.21.H,-37.81750077,144.97582676,38
FKN,Frankston,2-FKN-vpt-1.21.H,-37.81757986,144.97598159,39
FKN,Frankston,2-FKN-vpt-1.21.H,-37.81765934,144.97612869,40
FKN,Frankston,2-FKN-vpt-1.21.H,-37.81774362,144.97627634,41
FKN,Frankston,2-FKN-vpt-1.21.H,-37.81816591,144.97699504,42
FKN,Frankston,2-FKN-vpt-1.21.H,-37.81840404,144.9774167,43
FKN,Frankston,2-FKN-vpt-1.21.H,-37.81875448,144.97806046,44
FKN,Frankston,2-FKN-vpt-1.21.H,-37.81890862,144.97833571,45
FKN,Frankston,2-FKN-vpt-1.21.H,-37.81905704,144.97859283,46
FKN,Frankston,2-FKN-vpt-1.21.H,-37.81946006,144.97927607,47
FKN,Frankston,2-FKN-vpt-1.21.H,-37.8196044,144.97958954,48
FKN,Frankston,2-FKN-vpt-1.21.H,-37.81964317,144.9796638,49
FKN,Frankston,2-FKN-vpt-1.21.H,-37.81996458,144.9802076,50
FKN,Frankston,2-FKN-vpt-1.21.H,-37.82032352,144.98082241,51
FKN,Frankston,2-FKN-vpt-1.21.H,-37.82049183,144.98108912,52
FKN,Frankston,2-FKN-vpt-1.21.H,-37.8205788,144.98121535,53
FKN,Frankston,2-FKN-vpt-1.21.H,-37.820626,144.981277,54
FKN,Frankston,2-FKN-vpt-1.21.H,-37.82080622,144.98150214,55
FKN,Frankston,2-FKN-vpt-1.21.H,-37.82101681,144.98175883,56
FKN,Frankston,2-FKN-vpt-1.21.H,-37.82112761,144.98190372,57
FKN,Frankston,2-FKN-vpt-1.21.H,-37.82120797,144.98201241,58
FKN,Frankston,2-FKN-vpt-1.21.H,-37.82130022,144.98215816,59
FKN,Frankston,2-FKN-vpt-1.21.H,-37.82138642,144.98229748,60
FKN,Frankston,2-FKN-vpt-1.21.H,-37.82165368,144.98274815,61
FKN,Frankston,2-FKN-vpt-1.21.H,-37.82181012,144.98302699,62
FKN,Frankston,2-FKN-vpt-1.21.H,-37.82197483,144.9833355,63
FKN,Frankston,2-FKN-vpt-1.21.H,-37.82205801,144.98350955,64
FKN,Frankston,2-FKN-vpt-1.21.H,-37.82219429,144.98381576,65
FKN,Frankston,2-FKN-vpt-1.21.H,-37.82246451,144.98443939,66
FKN,Frankston,2-FKN-vpt-1.21.H,-37.82261397,144.98480545,67
FKN,Frankston,2-FKN-vpt-1.21.H,-37.82303013,144.98599577,68
FKN,Frankston,2-FKN-vpt-1.21.H,-37.82307148,144.98611575,69
FKN,Frankston,2-FKN-vpt-1.21.H,-37.82313437,144.98631036,70
FKN,Frankston,2-FKN-vpt-1.21.H,-37.82318272,144.98647117,71
FKN,Frankston,2-FKN-vpt-1.21.H,-37.82323148,144.98664503,72
FKN,Frankston,2-FKN-vpt-1.21.H,-37.82331476,144.98697814,73
FKN,Frankston,2-FKN-vpt-1.21.H,-37.8234351,144.98751746,74
FKN,Frankston,2-FKN-vpt-1.21.H,-37.82351622,144.98786643,75
FKN,Frankston,2-FKN-vpt-1.21.H,-37.8236494,144.98837201,76
FKN,Frankston,2-FKN-vpt-1.21.H,-37.82399137,144.98962095,77
FKN,Frankston,2-FKN-vpt-1.21.H,-37.82418167,144.99031075,78
FKN,Frankston,2-FKN-vpt-1.21.H,-37.82425053,144.99051735,79
FKN,Frankston,2-FKN-vpt-1.21.H,-37.82432894,144.99071314,80
FKN,Frankston,2-FKN-vpt-1.21.H,-37.82442213,144.99090352,81
FKN,Frankston,2-FKN-vpt-1.21.H,-37.82457793,144.99117707,82
FKN,Frankston,2-FKN-vpt-1.21.H,-37.82473038,144.99142925,83
FKN,Frankston,2-FKN-vpt-1.21.H,-37.82487637,144.99166171,84
FKN,Frankston,2-FKN-vpt-1.21.H,-37.8251355,144.99208675,85
FKN,Frankston,2-FKN-vpt-1.21.H,-37.82524963,144.99225817,86
FKN,Frankston,2-FKN-vpt-1.21.H,-37.82551853,144.99263784,87
FKN,Frankston,2-FKN-vpt-1.21.H,-37.82577207,144.99294705,88
FKN,Frankston,2-FKN-vpt-1.21.H,-37.82597341,144.99317495,89
FKN,Frankston,2-FKN-vpt-1.21.H,-37.82617568,144.99337886,90
FKN,Frankston,2-FKN-vpt-1.21.H,-37.82637594,144.9935492,91
FKN,Frankston,2-FKN-vpt-1.21.H,-37.82660373,144.99371674,92
FKN,Frankston,2-FKN-vpt-1.21.H,-37.82683778,144.99386026,93
FKN,Frankston,2-FKN-vpt-1.21.H,-37.82701316,144.99395095,94
FKN,Frankston,2-FKN-vpt-1.21.H,-37.8271737,144.99402181,95
FKN,Frankston,2-FKN-vpt-1.21.H,-37.82727654,144.99405993,96
FKN,Frankston,2-FKN-vpt-1.21.H,-37.82745324,144.9941165,97
FKN,Frankston,2-FKN-vpt-1.21.H,-37.8275529,144.99414277,98
FKN,Frankston,2-FKN-vpt-1.21.H,-37.82765041,144.9941641,99
FKN,Frankston,2-FKN-vpt-1.21.H,-37.82787694,144.99419955,100
FKN,Frankston,2-FKN-vpt-1.21.H,-37.82809834,144.99421969,101
FKN,Frankston,2-FKN-vpt-1.21.H,-37.82841932,144.99422372,102
FKN,Frankston,2-FKN-vpt-1.21.H,-37.8285919,144.99420769,103
FKN,Frankston,2-FKN-vpt-1.21.H,-37.82900189,144.99414193,104
FKN,Frankston,2-FKN-vpt-1.21.H,-37.8302685,144.99392493,105
FKN,Frankston,2-FKN-vpt-1.21.H,-37.83112777,144.99376645,106
FKN,Frankston,2-FKN-vpt-1.21.H,-37.83249103,144.99347807,107
FKN,Frankston,2-FKN-vpt-1.21.H,-37.83281084,144.9934085,108
FKN,Frankston,2-FKN-vpt-1.21.H,-37.83421566,144.99311648,109
FKN,Frankston,2-FKN-vpt-1.21.H,-37.83449139,144.99306663,110
FKN,Frankston,2-FKN-vpt-1.21.H,-37.83478756,144.99302713,111
FKN,Frankston,2-FKN-vpt-1.21.H,-37.83522101,144.99297345,112
FKN,Frankston,2-FKN-vpt-1.21.H,-37.83554398,144.99292515,113
FKN,Frankston,2-FKN-vpt-1.21.H,-37.83568091,144.99290088,114
FKN,Frankston,2-FKN-vpt-1.21.H,-37.83626392,144.99278144,115
FKN,Frankston,2-FKN-vpt-1.21.H,-37.83717004,144.99259041,116
FKN,Frankston,2-FKN-vpt-1.21.H,-37.83855276,144.99230282,117
FKN,Frankston,2-FKN-vpt-1.21.H,-37.83872222,144.992268,118
FKN,Frankston,2-FKN-vpt-1.21.H,-37.83886626,144.99224875,119
FKN,Frankston,2-FKN-vpt-1.21.H,-37.83901836,144.99223724,120
FKN,Frankston,2-FKN-vpt-1.21.H,-37.839171,144.9922356,121
FKN,Frankston,2-FKN-vpt-1.21.H,-37.83940857,144.99225268,122
FKN,Frankston,2-FKN-vpt-1.21.H,-37.83980392,144.99229037,123
FKN,Frankston,2-FKN-vpt-1.21.H,-37.83990331,144.9923054,124
FKN,Frankston,2-FKN-vpt-1.21.H,-37.84000194,144.99232375,125
FKN,Frankston,2-FKN-vpt-1.21.H,-37.84012571,144.99235778,126
FKN,Frankston,2-FKN-vpt-1.21.H,-37.84024931,144.99240295,127
FKN,Frankston,2-FKN-vpt-1.21.H,-37.84036733,144.99245861,128
FKN,Frankston,2-FKN-vpt-1.21.H,-37.84048132,144.99252154,129
FKN,Frankston,2-FKN-vpt-1.21.H,-37.84059263,144.99259648,130
FKN,Frankston,2-FKN-vpt-1.21.H,-37.84069861,144.99267611,131
FKN,Frankston,2-FKN-vpt-1.21.H,-37.8407987,144.99276919,132
FKN,Frankston,2-FKN-vpt-1.21.H,-37.84089432,144.99286466,133
FKN,Frankston,2-FKN-vpt-1.21.H,-37.84096521,144.99294751,134
FKN,Frankston,2-FKN-vpt-1.21.H,-37.84103437,144.99303416,135
FKN,Frankston,2-FKN-vpt-1.21.H,-37.84108468,144.99310428,136
FKN,Frankston,2-FKN-vpt-1.21.H,-37.84113604,144.99318334,137
FKN,Frankston,2-FKN-vpt-1.21.H,-37.84122218,144.99333078,138
FKN,Frankston,2-FKN-vpt-1.21.H,-37.84128532,144.99346066,139
FKN,Frankston,2-FKN-vpt-1.21.H,-37.84134151,144.99359072,140
FKN,Frankston,2-FKN-vpt-1.21.H,-37.84139371,144.99373477,141
FKN,Frankston,2-FKN-vpt-1.21.H,-37.841434,144.99386208,142
FKN,Frankston,2-FKN-vpt-1.21.H,-37.84154329,144.99428378,143
FKN,Frankston,2-FKN-vpt-1.21.H,-37.84160503,144.99450086,144
FKN,Frankston,2-FKN-vpt-1.21.H,-37.84166314,144.99467986,145
FKN,Frankston,2-FKN-vpt-1.21.H,-37.84200337,144.99565611,146
FKN,Frankston,2-FKN-vpt-1.21.H,-37.84212593,144.99599996,147
FKN,Frankston,2-FKN-vpt-1.21.H,-37.8422388,144.99630952,148
FKN,Frankston,2-FKN-vpt-1.21.H,-37.84235096,144.99659854,149
FKN,Frankston,2-FKN-vpt-1.21.H,-37.84250457,144.99696166,150
FKN,Frankston,2-FKN-vpt-1.21.H,-37.8426797,144.99735545,151
FKN,Frankston,2-FKN-vpt-1.21.H,-37.84352666,144.99923886,152
FKN,Frankston,2-FKN-vpt-1.21.H,-37.84387071,145.00001175,153
FKN,Frankston,2-FKN-vpt-1.21.H,-37.84465647,145.00183357,154
FKN,Frankston,2-FKN-vpt-1.21.H,-37.84484062,145.00227123,155
FKN,Frankston,2-FKN-vpt-1.21.H,-37.8450463,145.00279912,156
FKN,Frankston,2-FKN-vpt-1.21.H,-37.84515078,145.00308223,157
FKN,Frankston,2-FKN-vpt-1.21.H,-37.84657547,145.00706649,158
FKN,Frankston,2-FKN-vpt-1.21.H,-37.84665451,145.00728495,159
FKN,Frankston,2-FKN-vpt-1.21.H,-37.84714758,145.00860235,160
FKN,Frankston,2-FKN-vpt-1.21.H,-37.84745518,145.0094087,161
FKN,Frankston,2-FKN-vpt-1.21.H,-37.84754127,145.00961811,162
FKN,Frankston,2-FKN-vpt-1.21.H,-37.84769603,145.00996114,163
FKN,Frankston,2-FKN-vpt-1.21.H,-37.84777558,145.01013015,164
FKN,Frankston,2-FKN-vpt-1.21.H,-37.84785922,145.01029621,165
FKN,Frankston,2-FKN-vpt-1.21.H,-37.84803374,145.01061894,166
FKN,Frankston,2-FKN-vpt-1.21.H,-37.84821676,145.01093348,167
FKN,Frankston,2-FKN-vpt-1.21.H,-37.84850632,145.01137654,168
FKN,Frankston,2-FKN-vpt-1.21.H,-37.84865024,145.01157406,169
FKN,Frankston,2-FKN-vpt-1.21.H,-37.8487976,145.01176706,170
FKN,Frankston,2-FKN-vpt-1.21.H,-37.84895063,145.01195479,171
FKN,Frankston,2-FKN-vpt-1.21.H,-37.8491083,145.01213921,172
FKN,Frankston,2-FKN-vpt-1.21.H,-37.84945867,145.01251211,173
FKN,Frankston,2-FKN-vpt-1.21.H,-37.84958244,145.0126321,174
FKN,Frankston,2-FKN-vpt-1.21.H,-37.84993964,145.01295573,175
FKN,Frankston,2-FKN-vpt-1.21.H,-37.8504659,145.01338689,176
FKN,Frankston,2-FKN-vpt-1.21.H,-37.85075404,145.0136343,177
FKN,Frankston,2-FKN-vpt-1.21.H,-37.8504659,145.01338689,178
FKN,Frankston,2-FKN-vpt-1.21.H,-37.84993964,145.01295573,179
FKN,Frankston,2-FKN-vpt-1.21.H,-37.84958244,145.0126321,180
FKN,Frankston,2-FKN-vpt-1.21.H,-37.84945867,145.01251211,181
FKN,Frankston,2-FKN-vpt-1.21.H,-37.8491083,145.01213921,182
FKN,Frankston,2-FKN-vpt-1.21.H,-37.84895063,145.01195479,183
FKN,Frankston,2-FKN-vpt-1.21.H,-37.8487976,145.01176706,184
FKN,Frankston,2-FKN-vpt-1.21.H,-37.84865024,145.01157406,185
FKN,Frankston,2-FKN-vpt-1.21.H,-37.84850632,145.01137654,186
FKN,Frankston,2-FKN-vpt-1.21.H,-37.84821676,145.01093348,187
FKN,Frankston,2-FKN-vpt-1.21.H,-37.84803374,145.01061894,188
FKN,Frankston,2-FKN-vpt-1.21.H,-37.84785922,145.01029621,189
FKN,Frankston,2-FKN-vpt-1.21.H,-37.84777558,145.01013015,190
FKN,Frankston,2-FKN-vpt-1.21.H,-37.84769603,145.00996114,191
FKN,Frankston,2-FKN-vpt-1.21.H,-37.84754127,145.00961811,192
FKN,Frankston,2-FKN-vpt-1.21.H,-37.84745518,145.0094087,193
FKN,Frankston,2-FKN-vpt-1.21.H,-37.84714758,145.00860235,194
FKN,Frankston,2-FKN-vpt-1.21.H,-37.84677921,145.00761923,195
FKN,Frankston,2-FKN-vpt-1.21.H,-37.84657547,145.00706649,196
FKN,Frankston,2-FKN-vpt-1.21.H,-37.84515078,145.00308223,197
FKN,Frankston,2-FKN-vpt-1.21.H,-37.8450463,145.00279912,198
FKN,Frankston,2-FKN-vpt-1.21.H,-37.84484062,145.00227123,199
FKN,Frankston,2-FKN-vpt-1.21.H,-37.8446681,145.0018603,200
FKN,Frankston,2-FKN-vpt-1.21.H,-37.84387071,145.00001175,201
FKN,Frankston,2-FKN-vpt-1.21.H,-37.84352666,144.99923886,202
FKN,Frankston,2-FKN-vpt-1.21.H,-37.8426797,144.99735545,203
FKN,Frankston,2-FKN-vpt-1.21.H,-37.84250457,144.99696166,204
FKN,Frankston,2-FKN-vpt-1.21.H,-37.84235096,144.99659854,205
FKN,Frankston,2-FKN-vpt-1.21.H,-37.8422388,144.99630952,206
FKN,Frankston,2-FKN-vpt-1.21.H,-37.84212593,144.99599996,207
FKN,Frankston,2-FKN-vpt-1.21.H,-37.84200337,144.99565611,208
FKN,Frankston,2-FKN-vpt-1.21.H,-37.84166314,144.99467986,209
FKN,Frankston,2-FKN-vpt-1.21.H,-37.84160503,144.99450086,210
FKN,Frankston,2-FKN-vpt-1.21.H,-37.84154329,144.99428378,211
FKN,Frankston,2-FKN-vpt-1.21.H,-37.841434,144.99386208,212
FKN,Frankston,2-FKN-vpt-1.21.H,-37.84139371,144.99373477,213
FKN,Frankston,2-FKN-vpt-1.21.H,-37.84134151,144.99359072,214
FKN,Frankston,2-FKN-vpt-1.21.H,-37.84128532,144.99346066,215
FKN,Frankston,2-FKN-vpt-1.21.H,-37.84122218,144.99333078,216
FKN,Frankston,2-FKN-vpt-1.21.H,-37.84113604,144.99318334,217
FKN,Frankston,2-FKN-vpt-1.21.H,-37.84108468,144.99310428,218
FKN,Frankston,2-FKN-vpt-1.21.H,-37.84103437,144.99303416,219
FKN,Frankston,2-FKN-vpt-1.21.H,-37.84096521,144.99294751,220
FKN,Frankston,2-FKN-vpt-1.21.H,-37.84089432,144.99286466,221
FKN,Frankston,2-FKN-vpt-1.21.H,-37.8407987,144.99276919,222
FKN,Frankston,2-FKN-vpt-1.21.H,-37.84069861,144.99267611,223
FKN,Frankston,2-FKN-vpt-1.21.H,-37.84059263,144.99259648,224
FKN,Frankston,2-FKN-vpt-1.21.H,-37.84048132,144.99252154,225
FKN,Frankston,2-FKN-vpt-1.21.H,-37.84036733,144.99245861,226
FKN,Frankston,2-FKN-vpt-1.21.H,-37.84024931,144.99240295,227
FKN,Frankston,2-FKN-vpt-1.21.H,-37.84012571,144.99235778,228
FKN,Frankston,2-FKN-vpt-1.21.H,-37.84000194,144.99232375,229
FKN,Frankston,2-FKN-vpt-1.21.H,-37.83990331,144.9923054,230
FKN,Frankston,2-FKN-vpt-1.21.H,-37.83980392,144.99229037,231
FKN,Frankston,2-FKN-vpt-1.21.H,-37.83940857,144.99225268,232
FKN,Frankston,2-FKN-vpt-1.21.H,-37.839171,144.9922356,233
FKN,Frankston,2-FKN-vpt-1.21.H,-37.83901836,144.99223724,234
FKN,Frankston,2-FKN-vpt-1.21.H,-37.83886626,144.99224875,235
FKN,Frankston,2-FKN-vpt-1.21.H,-37.83872222,144.992268,236
FKN,Frankston,2-FKN-vpt-1.21.H,-37.83717004,144.99259041,237
FKN,Frankston,2-FKN-vpt-1.21.H,-37.83626392,144.99278144,238
FKN,Frankston,2-FKN-vpt-1.21.H,-37.83568091,144.99290088,239
FKN,Frankston,2-FKN-vpt-1.21.H,-37.83554398,144.99292515,240
FKN,Frankston,2-FKN-vpt-1.21.H,-37.83522101,144.99297345,241
FKN,Frankston,2-FKN-vpt-1.21.H,-37.83478756,144.99302713,242
FKN,Frankston,2-FKN-vpt-1.21.H,-37.83449139,144.99306663,243
FKN,Frankston,2-FKN-vpt-1.21.H,-37.83421566,144.99311648,244
FKN,Frankston,2-FKN-vpt-1.21.H,-37.83281084,144.9934085,245
FKN,Frankston,2-FKN-vpt-1.21.H,-37.83249103,144.99347807,246
FKN,Frankston,2-FKN-vpt-1.21.H,-37.83112777,144.99376645,247
FKN,Frankston,2-FKN-vpt-1.21.H,-37.8302685,144.99392493,248
FKN,Frankston,2-FKN-vpt-1.21.H,-37.82900189,144.99414193,249
FKN,Frankston,2-FKN-vpt-1.21.H,-37.8285919,144.99420769,250
FKN,Frankston,2-FKN-vpt-1.21.H,-37.82841932,144.99422372,251
FKN,Frankston,2-FKN-vpt-1.21.H,-37.82809834,144.99421969,252
FKN,Frankston,2-FKN-vpt-1.21.H,-37.82787694,144.99419955,253
FKN,Frankston,2-FKN-vpt-1.21.H,-37.82765041,144.9941641,254
FKN,Frankston,2-FKN-vpt-1.21.H,-37.8275529,144.99414277,255
FKN,Frankston,2-FKN-vpt-1.21.H,-37.82745324,144.9941165,256
FKN,Frankston,2-FKN-vpt-1.21.H,-37.82727654,144.99405993,257
FKN,Frankston,2-FKN-vpt-1.21.H,-37.8271737,144.99402181,258
FKN,Frankston,2-FKN-vpt-1.21.H,-37.82701316,144.99395095,259
FKN,Frankston,2-FKN-vpt-1.21.H,-37.82683778,144.99386026,260
FKN,Frankston,2-FKN-vpt-1.21.H,-37.82660373,144.99371674,261
FKN,Frankston,2-FKN-vpt-1.21.H,-37.82637594,144.9935492,262
FKN,Frankston,2-FKN-vpt-1.21.H,-37.82617568,144.99337886,263
FKN,Frankston,2-FKN-vpt-1.21.H,-37.82597341,144.99317495,264
FKN,Frankston,2-FKN-vpt-1.21.H,-37.82577207,144.99294705,265
FKN,Frankston,2-FKN-vpt-1.21.H,-37.82551853,144.99263784,266
FKN,Frankston,2-FKN-vpt-1.21.H,-37.82524963,144.99225817,267
FKN,Frankston,2-FKN-vpt-1.21.H,-37.8251355,144.99208675,268
FKN,Frankston,2-FKN-vpt-1.21.H,-37.82487637,144.99166171,269
FKN,Frankston,2-FKN-vpt-1.21.H,-37.82473038,144.99142925,270
FKN,Frankston,2-FKN-vpt-1.21.H,-37.82457793,144.99117707,271
FKN,Frankston,2-FKN-vpt-1.21.H,-37.82442213,144.99090352,272
FKN,Frankston,2-FKN-vpt-1.21.H,-37.82432894,144.99071314,273
FKN,Frankston,2-FKN-vpt-1.21.H,-37.82425053,144.99051735,274
FKN,Frankston,2-FKN-vpt-1.21.H,-37.82418167,144.99031075,275
FKN,Frankston,2-FKN-vpt-1.21.H,-37.8236494,144.98837201,276
FKN,Frankston,2-FKN-vpt-1.21.H,-37.82351622,144.98786643,277
FKN,Frankston,2-FKN-vpt-1.21.H,-37.8234351,144.98751746,278
FKN,Frankston,2-FKN-vpt-1.21.H,-37.82331476,144.98697814,279
FKN,Frankston,2-FKN-vpt-1.21.H,-37.82323148,144.98664503,280
FKN,Frankston,2-FKN-vpt-1.21.H,-37.82318272,144.98647117,281
FKN,Frankston,2-FKN-vpt-1.21.H,-37.82313437,144.98631036,282
FKN,Frankston,2-FKN-vpt-1.21.H,-37.82307148,144.98611575,283
FKN,Frankston,2-FKN-vpt-1.21.H,-37.82303013,144.98599577,284
FKN,Frankston,2-FKN-vpt-1.21.H,-37.82261397,144.98480545,285
FKN,Frankston,2-FKN-vpt-1.21.H,-37.82252812,144.98459159,286
FKN,Frankston,2-FKN-vpt-1.21.H,-37.82231417,144.98409106,287
FKN,Frankston,2-FKN-vpt-1.21.H,-37.82205801,144.98350955,288
FKN,Frankston,2-FKN-vpt-1.21.H,-37.82197483,144.9833355,289
FKN,Frankston,2-FKN-vpt-1.21.H,-37.82190506,144.98320289,290
FKN,Frankston,2-FKN-vpt-1.21.H,-37.82181012,144.98302699,291
FKN,Frankston,2-FKN-vpt-1.21.H,-37.82165368,144.98274815,292
FKN,Frankston,2-FKN-vpt-1.21.H,-37.82138642,144.98229748,293
FKN,Frankston,2-FKN-vpt-1.21.H,-37.82120797,144.98201241,294
FKN,Frankston,2-FKN-vpt-1.21.H,-37.82101681,144.98175883,295
FKN,Frankston,2-FKN-vpt-1.21.H,-37.82071764,144.98139254,296
FKN,Frankston,2-FKN-vpt-1.21.H,-37.8205788,144.98121535,297
FKN,Frankston,2-FKN-vpt-1.21.H,-37.82049183,144.98108912,298
FKN,Frankston,2-FKN-vpt-1.21.H,-37.82032352,144.98082241,299
FKN,Frankston,2-FKN-vpt-1.21.H,-37.82018052,144.98057695,300
FKN,Frankston,2-FKN-vpt-1.21.H,-37.82032076,144.98087725,301
FKN,Frankston,2-FKN-vpt-1.21.H,-37.82072932,144.98157955,302
FKN,Frankston,2-FKN-vpt-1.21.H,-37.82081661,144.98172475,303
FKN,Frankston,2-FKN-vpt-1.21.H,-37.82090783,144.98189403,304
FKN,Frankston,2-FKN-vpt-1.21.H,-37.82105329,144.98219976,305
FKN,Frankston,2-FKN-vpt-1.21.H,-37.82148013,144.98292294,306
FKN,Frankston,2-FKN-vpt-1.21.H,-37.8216388,144.9831998,307
FKN,Frankston,2-FKN-vpt-1.21.H,-37.82174736,144.98339258,308
FKN,Frankston,2-FKN-vpt-1.21.H,-37.82194421,144.98376304,309
FKN,Frankston,2-FKN-vpt-1.21.H,-37.82216322,144.98420673,310
FKN,Frankston,2-FKN-vpt-1.21.H,-37.82232682,144.98456685,311
FKN,Frankston,2-FKN-vpt-1.21.H,-37.82242436,144.98479516,312
FKN,Frankston,2-FKN-vpt-1.21.H,-37.82254307,144.98508606,313
FKN,Frankston,2-FKN-vpt-1.21.H,-37.82286534,144.9858921,314
FKN,Frankston,2-FKN-vpt-1.21.H,-37.8229556,144.98613765,315
FKN,Frankston,2-FKN-vpt-1.21.H,-37.82301158,144.98630177,316
FKN,Frankston,2-FKN-vpt-1.21.H,-37.82309656,144.98656564,317
FKN,Frankston,2-FKN-vpt-1.21.H,-37.82313113,144.98669013,318
FKN,Frankston,2-FKN-vpt-1.21.H,-37.8231722,144.9868517,319
FKN,Frankston,2-FKN-vpt-1.21.H,-37.82321071,144.98701675,320
FKN,Frankston,2-FKN-vpt-1.21.H,-37.82336035,144.98773104,321
FKN,Frankston,2-FKN-vpt-1.21.H,-37.82342427,144.98800151,322
FKN,Frankston,2-FKN-vpt-1.21.H,-37.82353619,144.98841825,323
FKN,Frankston,2-FKN-vpt-1.21.H,-37.82404341,144.99026712,324
FKN,Frankston,2-FKN-vpt-1.21.H,-37.82424598,144.99087342,325
FKN,Frankston,2-FKN-vpt-1.21.H,-37.82453828,144.99145729,326
FKN,Frankston,2-FKN-vpt-1.21.H,-37.82470483,144.99171169,327
FKN,Frankston,2-FKN-vpt-1.21.H,-37.82491396,144.99198949,328
FKN,Frankston,2-FKN-vpt-1.21.H,-37.82509108,144.99221407,329
FKN,Frankston,2-FKN-vpt-1.21.H,-37.8251613,144.99230998,330
FKN,Frankston,2-FKN-vpt-1.21.H,-37.82531359,144.99249991,331
FKN,Frankston,2-FKN-vpt-1.21.H,-37.82559604,144.99286604,332
FKN,Frankston,2-FKN-vpt-1.21.H,-37.82575042,144.99305147,333
FKN,Frankston,2-FKN-vpt-1.21.H,-37.82594793,144.99327687,334
FKN,Frankston,2-FKN-vpt-1.21.H,-37.82624881,144.99356662,335
FKN,Frankston,2-FKN-vpt-1.21.H,-37.82656449,144.99380404,336
FKN,Frankston,2-FKN-vpt-1.21.H,-37.8267193,144.99390414,337
FKN,Frankston,2-FKN-vpt-1.21.H,-37.82682488,144.99396502,338
FKN,Frankston,2-FKN-vpt-1.21.H,-37.82705166,144.99407375,339
FKN,Frankston,2-FKN-vpt-1.21.H,-37.82715192,144.99411375,340
FKN,Frankston,2-FKN-vpt-1.21.H,-37.82725569,144.99415332,341
FKN,Frankston,2-FKN-vpt-1.21.H,-37.82750573,144.99423051,342
FKN,Frankston,2-FKN-vpt-1.21.H,-37.82761622,144.99425694,343
FKN,Frankston,2-FKN-vpt-1.21.H,-37.82791572,144.99432268,344
FKN,Frankston,2-FKN-vpt-1.21.H,-37.82822747,144.99434038,345
FKN,Frankston,2-FKN-vpt-1.21.H,-37.82853686,144.99432018,346
FKN,Frankston,2-FKN-vpt-1.21.H,-37.82911199,144.99422507,347
FKN,Frankston,2-FKN-vpt-1.21.H,-37.83010354,144.99404938,348
FKN,Frankston,2-FKN-vpt-1.21.H,-37.83095194,144.99390324,349
FKN,Frankston,2-FKN-vpt-1.21.H,-37.83136932,144.99381615,350
FKN,Frankston,2-FKN-vpt-1.21.H,-37.83282677,144.99350226,351
FKN,Frankston,2-FKN-vpt-1.21.H,-37.8342378,144.99320951,352
FKN,Frankston,2-FKN-vpt-1.21.H,-37.8345047,144.99316035,353
FKN,Frankston,2-FKN-vpt-1.21.H,-37.83479684,144.99311675,354
FKN,Frankston,2-FKN-vpt-1.21.H,-37.83522922,144.99306345,355
FKN,Frankston,2-FKN-vpt-1.21.H,-37.8358304,144.99299511,356
FKN,Frankston,2-FKN-vpt-1.21.H,-37.83628084,144.9929287,357
FKN,Frankston,2-FKN-vpt-1.21.H,-37.83672371,144.99284057,358
FKN,Frankston,2-FKN-vpt-1.21.H,-37.83874033,144.99241591,359
FKN,Frankston,2-FKN-vpt-1.21.H,-37.83888421,144.99239247,360
FKN,Frankston,2-FKN-vpt-1.21.H,-37.83903602,144.99237449,361
FKN,Frankston,2-FKN-vpt-1.21.H,-37.83918749,144.99236765,362
FKN,Frankston,2-FKN-vpt-1.21.H,-37.83940223,144.99237785,363
FKN,Frankston,2-FKN-vpt-1.21.H,-37.83959267,144.99240576,364
FKN,Frankston,2-FKN-vpt-1.21.H,-37.83978194,144.99245426,365
FKN,Frankston,2-FKN-vpt-1.21.H,-37.83987616,144.99248386,366
FKN,Frankston,2-FKN-vpt-1.21.H,-37.83996794,144.99251774,367
FKN,Frankston,2-FKN-vpt-1.21.H,-37.84007908,144.99256665,368
FKN,Frankston,2-FKN-vpt-1.21.H,-37.84018066,144.9926206,369
FKN,Frankston,2-FKN-vpt-1.21.H,-37.84026491,144.99267287,370
FKN,Frankston,2-FKN-vpt-1.21.H,-37.84034479,144.99272786,371
FKN,Frankston,2-FKN-vpt-1.21.H,-37.84044464,144.99280731,372
FKN,Frankston,2-FKN-vpt-1.21.H,-37.84057427,144.99292561,373
FKN,Frankston,2-FKN-vpt-1.21.H,-37.84067898,144.99304709,374
FKN,Frankston,2-FKN-vpt-1.21.H,-37.84076303,144.9931564,375
FKN,Frankston,2-FKN-vpt-1.21.H,-37.84083784,144.99326244,376
FKN,Frankston,2-FKN-vpt-1.21.H,-37.84091727,144.99338631,377
FKN,Frankston,2-FKN-vpt-1.21.H,-37.84100891,144.99352315,378
FKN,Frankston,2-FKN-vpt-1.21.H,-37.84119353,144.99382792,379
FKN,Frankston,2-FKN-vpt-1.21.H,-37.8412599,144.99394703,380
FKN,Frankston,2-FKN-vpt-1.21.H,-37.8413252,144.99407719,381
FKN,Frankston,2-FKN-vpt-1.21.H,-37.84143522,144.99433046,382
FKN,Frankston,2-FKN-vpt-1.21.H,-37.84152348,144.99454375,383
FKN,Frankston,2-FKN-vpt-1.21.H,-37.84158662,144.99470568,384
FKN,Frankston,2-FKN-vpt-1.21.H,-37.84205271,144.99603955,385
FKN,Frankston,2-FKN-vpt-1.21.H,-37.84227933,144.99664173,386
FKN,Frankston,2-FKN-vpt-1.21.H,-37.84243394,144.99700539,387
FKN,Frankston,2-FKN-vpt-1.21.H,-37.84275656,144.99772566,388
FKN,Frankston,2-FKN-vpt-1.21.H,-37.84278313,144.99777755,389
FKN,Frankston,2-FKN-vpt-1.21.H,-37.84295853,144.99809225,390
FKN,Frankston,2-FKN-vpt-1.21.H,-37.84300012,144.99817465,391
FKN,Frankston,2-FKN-vpt-1.21.H,-37.84382616,145.00002068,392
FKN,Frankston,2-FKN-vpt-1.21.H,-37.8439247,145.0002511,393
FKN,Frankston,2-FKN-vpt-1.21.H,-37.84402803,145.00049843,394
FKN,Frankston,2-FKN-vpt-1.21.H,-37.84412593,145.00075489,395
FKN,Frankston,2-FKN-vpt-1.21.H,-37.84423071,145.00106673,396
FKN,Frankston,2-FKN-vpt-1.21.H,-37.84431199,145.00133148,397
FKN,Frankston,2-FKN-vpt-1.21.H,-37.84440296,145.00160472,398
FKN,Frankston,2-FKN-vpt-1.21.H,-37.84447801,145.00181622,399
FKN,Frankston,2-FKN-vpt-1.21.H,-37.84456217,145.00203339,400
FKN,Frankston,2-FKN-vpt-1.21.H,-37.84464542,145.00222832,401
FKN,Frankston,2-FKN-vpt-1.21.H,-37.8447346,145.00242262,402
FKN,Frankston,2-FKN-vpt-1.21.H,-37.8447979,145.00255251,403
FKN,Frankston,2-FKN-vpt-1.21.H,-37.84501721,145.00297014,404
FKN,Frankston,2-FKN-vpt-1.21.H,-37.84517016,145.00330035,405
FKN,Frankston,2-FKN-vpt-1.21.H,-37.84529837,145.00362328,406
FKN,Frankston,2-FKN-vpt-1.21.H,-37.84538931,145.0038838,407
FKN,Frankston,2-FKN-vpt-1.21.H,-37.84568088,145.00468906,408
FKN,Frankston,2-FKN-vpt-1.21.H,-37.84660978,145.00729365,409
FKN,Frankston,2-FKN-vpt-1.21.H,-37.84730932,145.00915555,410
FKN,Frankston,2-FKN-vpt-1.21.H,-37.84741809,145.00943265,411
FKN,Frankston,2-FKN-vpt-1.21.H,-37.84750412,145.00964388,412
FKN,Frankston,2-FKN-vpt-1.21.H,-37.84765916,145.00998724,413
FKN,Frankston,2-FKN-vpt-1.21.H,-37.84773916,145.01015636,414
FKN,Frankston,2-FKN-vpt-1.21.H,-37.84782318,145.01032309,415
FKN,Frankston,2-FKN-vpt-1.21.H,-37.8479989,145.01064817,416
FKN,Frankston,2-FKN-vpt-1.21.H,-37.84809048,145.01080902,417
FKN,Frankston,2-FKN-vpt-1.21.H,-37.84818432,145.01096549,418
FKN,Frankston,2-FKN-vpt-1.21.H,-37.84847454,145.01141058,419
FKN,Frankston,2-FKN-vpt-1.21.H,-37.84861801,145.01160823,420
FKN,Frankston,2-FKN-vpt-1.21.H,-37.84876511,145.01180146,421
FKN,Frankston,2-FKN-vpt-1.21.H,-37.84891897,145.01199007,422
FKN,Frankston,2-FKN-vpt-1.21.H,-37.84907667,145.01217665,423
FKN,Frankston,2-FKN-vpt-1.21.H,-37.84955776,145.01268584,424
FKN,Frankston,2-FKN-vpt-1.21.H,-37.8498962,145.01302009,425
FKN,Frankston,2-FKN-vpt-1.21.H,-37.85126067,145.01438672,426
FKN,Frankston,2-FKN-vpt-1.21.H,-37.85187588,145.01499963,427
FKN,Frankston,2-FKN-vpt-1.21.H,-37.85504643,145.01807099,428
FKN,Frankston,2-FKN-vpt-1.21.H,-37.85539104,145.01840865,429
FKN,Frankston,2-FKN-vpt-1.21.H,-37.85556463,145.01859744,430
FKN,Frankston,2-FKN-vpt-1.21.H,-37.85591967,145.01901894,431
FKN,Frankston,2-FKN-vpt-1.21.H,-37.85602992,145.01913874,432
FKN,Frankston,2-FKN-vpt-1.21.H,-37.85591967,145.01901894,433
FKN,Frankston,2-FKN-vpt-1.21.H,-37.85556463,145.01859744,434
FKN,Frankston,2-FKN-vpt-1.21.H,-37.85539104,145.01840865,435
FKN,Frankston,2-FKN-vpt-1.21.H,-37.85504643,145.01807099,436
FKN,Frankston,2-FKN-vpt-1.21.H,-37.85187588,145.01499963,437
FKN,Frankston,2-FKN-vpt-1.21.H,-37.85126067,145.01438672,438
FKN,Frankston,2-FKN-vpt-1.21.H,-37.8498962,145.01302009,439
FKN,Frankston,2-FKN-vpt-1.21.H,-37.84955776,145.01268584,440
FKN,Frankston,2-FKN-vpt-1.21.H,-37.84907667,145.01217665,441
FKN,Frankston,2-FKN-vpt-1.21.H,-37.84891897,145.01199007,442
FKN,Frankston,2-FKN-vpt-1.21.H,-37.84876511,145.01180146,443
FKN,Frankston,2-FKN-vpt-1.21.H,-37.84861801,145.01160823,444
FKN,Frankston,2-FKN-vpt-1.21.H,-37.84847454,145.01141058,445
FKN,Frankston,2-FKN-vpt-1.21.H,-37.84818432,145.01096549,446
FKN,Frankston,2-FKN-vpt-1.21.H,-37.84809048,145.01080902,447
FKN,Frankston,2-FKN-vpt-1.21.H,-37.8479989,145.01064817,448
FKN,Frankston,2-FKN-vpt-1.21.H,-37.84782318,145.01032309,449
FKN,Frankston,2-FKN-vpt-1.21.H,-37.84773916,145.01015636,450
FKN,Frankston,2-FKN-vpt-1.21.H,-37.84765916,145.00998724,451
FKN,Frankston,2-FKN-vpt-1.21.H,-37.84750412,145.00964388,452
FKN,Frankston,2-FKN-vpt-1.21.H,-37.84741809,145.00943265,453
FKN,Frankston,2-FKN-vpt-1.21.H,-37.84730932,145.00915555,454
FKN,Frankston,2-FKN-vpt-1.21.H,-37.84660978,145.00729365,455
FKN,Frankston,2-FKN-vpt-1.21.H,-37.84568088,145.00468906,456
FKN,Frankston,2-FKN-vpt-1.21.H,-37.84538931,145.0038838,457
FKN,Frankston,2-FKN-vpt-1.21.H,-37.84529837,145.00362328,458
FKN,Frankston,2-FKN-vpt-1.21.H,-37.84517016,145.00330035,459
FKN,Frankston,2-FKN-vpt-1.21.H,-37.84501721,145.00297014,460
FKN,Frankston,2-FKN-vpt-1.21.H,-37.8447979,145.00255251,461
FKN,Frankston,2-FKN-vpt-1.21.H,-37.8447346,145.00242262,462
FKN,Frankston,2-FKN-vpt-1.21.H,-37.84464542,145.00222832,463
FKN,Frankston,2-FKN-vpt-1.21.H,-37.84456217,145.00203339,464
FKN,Frankston,2-FKN-vpt-1.21.H,-37.84447801,145.00181622,465
FKN,Frankston,2-FKN-vpt-1.21.H,-37.84440296,145.00160472,466
FKN,Frankston,2-FKN-vpt-1.21.H,-37.84431199,145.00133148,467
FKN,Frankston,2-FKN-vpt-1.21.H,-37.84423071,145.00106673,468
FKN,Frankston,2-FKN-vpt-1.21.H,-37.84412593,145.00075489,469
FKN,Frankston,2-FKN-vpt-1.21.H,-37.84402803,145.00049843,470
FKN,Frankston,2-FKN-vpt-1.21.H,-37.8439247,145.0002511,471
FKN,Frankston,2-FKN-vpt-1.21.H,-37.84382616,145.00002068,472
FKN,Frankston,2-FKN-vpt-1.21.H,-37.84300012,144.99817465,473
FKN,Frankston,2-FKN-vpt-1.21.H,-37.84295853,144.99809225,474
FKN,Frankston,2-FKN-vpt-1.21.H,-37.84278313,144.99777755,475
FKN,Frankston,2-FKN-vpt-1.21.H,-37.84275656,144.99772566,476
FKN,Frankston,2-FKN-vpt-1.21.H,-37.84243394,144.99700539,477
FKN,Frankston,2-FKN-vpt-1.21.H,-37.84227933,144.99664173,478
FKN,Frankston,2-FKN-vpt-1.21.H,-37.84205271,144.99603955,479
FKN,Frankston,2-FKN-vpt-1.21.H,-37.84158662,144.99470568,480
FKN,Frankston,2-FKN-vpt-1.21.H,-37.84152348,144.99454375,481
FKN,Frankston,2-FKN-vpt-1.21.H,-37.84143522,144.99433046,482
FKN,Frankston,2-FKN-vpt-1.21.H,-37.8413252,144.99407719,483
FKN,Frankston,2-FKN-vpt-1.21.H,-37.8412599,144.99394703,484
FKN,Frankston,2-FKN-vpt-1.21.H,-37.84119353,144.99382792,485
FKN,Frankston,2-FKN-vpt-1.21.H,-37.84100891,144.99352315,486
FKN,Frankston,2-FKN-vpt-1.21.H,-37.84091727,144.99338631,487
FKN,Frankston,2-FKN-vpt-1.21.H,-37.84083784,144.99326244,488
FKN,Frankston,2-FKN-vpt-1.21.H,-37.84076303,144.9931564,489
FKN,Frankston,2-FKN-vpt-1.21.H,-37.84067898,144.99304709,490
FKN,Frankston,2-FKN-vpt-1.21.H,-37.84057427,144.99292561,491
FKN,Frankston,2-FKN-vpt-1.21.H,-37.84044464,144.99280731,492
FKN,Frankston,2-FKN-vpt-1.21.H,-37.84034479,144.99272786,493
FKN,Frankston,2-FKN-vpt-1.21.H,-37.84026491,144.99267287,494
FKN,Frankston,2-FKN-vpt-1.21.H,-37.84018066,144.9926206,495
FKN,Frankston,2-FKN-vpt-1.21.H,-37.84007908,144.99256665,496
FKN,Frankston,2-FKN-vpt-1.21.H,-37.83996794,144.99251774,497
FKN,Frankston,2-FKN-vpt-1.21.H,-37.83987616,144.99248386,498
FKN,Frankston,2-FKN-vpt-1.21.H,-37.83978194,144.99245426,499
FKN,Frankston,2-FKN-vpt-1.21.H,-37.83959267,144.99240576,500
FKN,Frankston,2-FKN-vpt-1.21.H,-37.83940223,144.99237785,501
FKN,Frankston,2-FKN-vpt-1.21.H,-37.83918749,144.99236765,502
FKN,Frankston,2-FKN-vpt-1.21.H,-37.83903602,144.99237449,503
FKN,Frankston,2-FKN-vpt-1.21.H,-37.83888421,144.99239247,504
FKN,Frankston,2-FKN-vpt-1.21.H,-37.83874033,144.99241591,505
FKN,Frankston,2-FKN-vpt-1.21.H,-37.83672371,144.99284057,506
FKN,Frankston,2-FKN-vpt-1.21.H,-37.83628084,144.9929287,507
FKN,Frankston,2-FKN-vpt-1.21.H,-37.8358304,144.99299511,508
FKN,Frankston,2-FKN-vpt-1.21.H,-37.83522922,144.99306345,509
FKN,Frankston,2-FKN-vpt-1.21.H,-37.83479684,144.99311675,510
FKN,Frankston,2-FKN-vpt-1.21.H,-37.8345047,144.99316035,511
FKN,Frankston,2-FKN-vpt-1.21.H,-37.8342378,144.99320951,512
FKN,Frankston,2-FKN-vpt-1.21.H,-37.83282677,144.99350226,513
FKN,Frankston,2-FKN-vpt-1.21.H,-37.83136932,144.99381615,514
FKN,Frankston,2-FKN-vpt-1.21.H,-37.83095194,144.99390324,515
FKN,Frankston,2-FKN-vpt-1.21.H,-37.83010354,144.99404938,516
FKN,Frankston,2-FKN-vpt-1.21.H,-37.82911199,144.99422507,517
FKN,Frankston,2-FKN-vpt-1.21.H,-37.82853686,144.99432018,518
FKN,Frankston,2-FKN-vpt-1.21.H,-37.82822747,144.99434038,519
FKN,Frankston,2-FKN-vpt-1.21.H,-37.82791572,144.99432268,520
FKN,Frankston,2-FKN-vpt-1.21.H,-37.82761622,144.99425694,521
FKN,Frankston,2-FKN-vpt-1.21.H,-37.82750573,144.99423051,522
FKN,Frankston,2-FKN-vpt-1.21.H,-37.82725569,144.99415332,523
FKN,Frankston,2-FKN-vpt-1.21.H,-37.82715192,144.99411375,524
FKN,Frankston,2-FKN-vpt-1.21.H,-37.82705166,144.99407375,525
FKN,Frankston,2-FKN-vpt-1.21.H,-37.82682488,144.99396502,526
FKN,Frankston,2-FKN-vpt-1.21.H,-37.8267193,144.99390414,527
FKN,Frankston,2-FKN-vpt-1.21.H,-37.82656449,144.99380404,528
FKN,Frankston,2-FKN-vpt-1.21.H,-37.82624881,144.99356662,529
FKN,Frankston,2-FKN-vpt-1.21.H,-37.82594793,144.99327687,530
FKN,Frankston,2-FKN-vpt-1.21.H,-37.82575042,144.99305147,531
FKN,Frankston,2-FKN-vpt-1.21.H,-37.82559604,144.99286604,532
FKN,Frankston,2-FKN-vpt-1.21.H,-37.82531359,144.99249991,533
FKN,Frankston,2-FKN-vpt-1.21.H,-37.8251613,144.99230998,534
FKN,Frankston,2-FKN-vpt-1.21.H,-37.82509108,144.99221407,535
FKN,Frankston,2-FKN-vpt-1.21.H,-37.82491396,144.99198949,536
FKN,Frankston,2-FKN-vpt-1.21.H,-37.82470483,144.99171169,537
FKN,Frankston,2-FKN-vpt-1.21.H,-37.82453828,144.99145729,538
FKN,Frankston,2-FKN-vpt-1.21.H,-37.82424598,144.99087342,539
FKN,Frankston,2-FKN-vpt-1.21.H,-37.82404341,144.99026712,540
FKN,Frankston,2-FKN-vpt-1.21.H,-37.82353619,144.98841825,541
FKN,Frankston,2-FKN-vpt-1.21.H,-37.82342427,144.98800151,542
FKN,Frankston,2-FKN-vpt-1.21.H,-37.82336035,144.98773104,543
FKN,Frankston,2-FKN-vpt-1.21.H,-37.82321071,144.98701675,544
FKN,Frankston,2-FKN-vpt-1.21.H,-37.8231722,144.9868517,545
FKN,Frankston,2-FKN-vpt-1.21.H,-37.82313113,144.98669013,546
FKN,Frankston,2-FKN-vpt-1.21.H,-37.82309656,144.98656564,547
FKN,Frankston,2-FKN-vpt-1.21.H,-37.82301158,144.98630177,548
FKN,Frankston,2-FKN-vpt-1.21.H,-37.8229556,144.98613765,549
FKN,Frankston,2-FKN-vpt-1.21.H,-37.82286534,144.9858921,550
FKN,Frankston,2-FKN-vpt-1.21.H,-37.82254307,144.98508606,551
FKN,Frankston,2-FKN-vpt-1.21.H,-37.82242436,144.98479516,552
FKN,Frankston,2-FKN-vpt-1.21.H,-37.82232682,144.98456685,553
FKN,Frankston,2-FKN-vpt-1.21.H,-37.82216322,144.98420673,554
FKN,Frankston,2-FKN-vpt-1.21.H,-37.82194421,144.98376304,555
FKN,Frankston,2-FKN-vpt-1.21.H,-37.82174736,144.98339258,556
FKN,Frankston,2-FKN-vpt-1.21.H,-37.8216388,144.9831998,557
FKN,Frankston,2-FKN-vpt-1.21.H,-37.82148013,144.98292294,558
FKN,Frankston,2-FKN-vpt-1.21.H,-37.82105329,144.98219976,559
FKN,Frankston,2-FKN-vpt-1.21.H,-37.82090783,144.98189403,560
FKN,Frankston,2-FKN-vpt-1.21.H,-37.82081661,144.98172475,561
FKN,Frankston,2-FKN-vpt-1.21.H,-37.82072932,144.98157955,562
FKN,Frankston,2-FKN-vpt-1.21.H,-37.82032076,144.98087725,563
FKN,Frankston,2-FKN-vpt-1.21.H,-37.82018052,144.98057695,564
FKN,Frankston,2-FKN-vpt-1.21.H,-37.82032352,144.98082241,565
FKN,Frankston,2-FKN-vpt-1.21.H,-37.82049183,144.98108912,566
FKN,Frankston,2-FKN-vpt-1.21.H,-37.8205788,144.98121535,567
FKN,Frankston,2-FKN-vpt-1.21.H,-37.82071764,144.98139254,568
FKN,Frankston,2-FKN-vpt-1.21.H,-37.82101681,144.98175883,569
FKN,Frankston,2-FKN-vpt-1.21.H,-37.82120797,144.98201241,570
FKN,Frankston,2-FKN-vpt-1.21.H,-37.82138642,144.98229748,571
FKN,Frankston,2-FKN-vpt-1.21.H,-37.82165368,144.98274815,572
FKN,Frankston,2-FKN-vpt-1.21.H,-37.82181012,144.98302699,573
FKN,Frankston,2-FKN-vpt-1.21.H,-37.82190506,144.98320289,574
FKN,Frankston,2-FKN-vpt-1.21.H,-37.82197483,144.9833355,575
FKN,Frankston,2-FKN-vpt-1.21.H,-37.82205801,144.98350955,576
FKN,Frankston,2-FKN-vpt-1.21.H,-37.82231417,144.98409106,577
FKN,Frankston,2-FKN-vpt-1.21.H,-37.82252812,144.98459159,578
FKN,Frankston,2-FKN-vpt-1.21.H,-37.82261397,144.98480545,579
FKN,Frankston,2-FKN-vpt-1.21.H,-37.82303013,144.98599577,580
FKN,Frankston,2-FKN-vpt-1.21.H,-37.82307148,144.98611575,581
FKN,Frankston,2-FKN-vpt-1.21.H,-37.82313437,144.98631036,582
FKN,Frankston,2-FKN-vpt-1.21.H,-37.82318272,144.98647117,583
FKN,Frankston,2-FKN-vpt-1.21.H,-37.82323148,144.98664503,584
FKN,Frankston,2-FKN-vpt-1.21.H,-37.82331476,144.98697814,585
FKN,Frankston,2-FKN-vpt-1.21.H,-37.8234351,144.98751746,586
FKN,Frankston,2-FKN-vpt-1.21.H,-37.82351622,144.98786643,587
FKN,Frankston,2-FKN-vpt-1.21.H,-37.8236494,144.98837201,588
FKN,Frankston,2-FKN-vpt-1.21.H,-37.82418167,144.99031075,589
FKN,Frankston,2-FKN-vpt-1.21.H,-37.82425053,144.99051735,590
FKN,Frankston,2-FKN-vpt-1.21.H,-37.82432894,144.99071314,591
FKN,Frankston,2-FKN-vpt-1.21.H,-37.82442213,144.99090352,592
FKN,Frankston,2-FKN-vpt-1.21.H,-37.82457793,144.99117707,593
FKN,Frankston,2-FKN-vpt-1.21.H,-37.82473038,144.99142925,594
FKN,Frankston,2-FKN-vpt-1.21.H,-37.82487637,144.99166171,595
FKN,Frankston,2-FKN-vpt-1.21.H,-37.8251355,144.99208675,596
FKN,Frankston,2-FKN-vpt-1.21.H,-37.82524963,144.99225817,597
FKN,Frankston,2-FKN-vpt-1.21.H,-37.82551853,144.99263784,598
FKN,Frankston,2-FKN-vpt-1.21.H,-37.82577207,144.99294705,599
FKN,Frankston,2-FKN-vpt-1.21.H,-37.82597341,144.99317495,600
FKN,Frankston,2-FKN-vpt-1.21.H,-37.82617568,144.99337886,601
FKN,Frankston,2-FKN-vpt-1.21.H,-37.82637594,144.9935492,602
FKN,Frankston,2-FKN-vpt-1.21.H,-37.82660373,144.99371674,603
FKN,Frankston,2-FKN-vpt-1.21.H,-37.82683778,144.99386026,604
FKN,Frankston,2-FKN-vpt-1.21.H,-37.82701316,144.99395095,605
FKN,Frankston,2-FKN-vpt-1.21.H,-37.8271737,144.99402181,606
FKN,Frankston,2-FKN-vpt-1.21.H,-37.82727654,144.99405993,607
FKN,Frankston,2-FKN-vpt-1.21.H,-37.82745324,144.9941165,608
FKN,Frankston,2-FKN-vpt-1.21.H,-37.8275529,144.99414277,609
FKN,Frankston,2-FKN-vpt-1.21.H,-37.82765041,144.9941641,610
FKN,Frankston,2-FKN-vpt-1.21.H,-37.82787694,144.99419955,611
FKN,Frankston,2-FKN-vpt-1.21.H,-37.82809834,144.99421969,612
FKN,Frankston,2-FKN-vpt-1.21.H,-37.82841932,144.99422372,613
FKN,Frankston,2-FKN-vpt-1.21.H,-37.8285919,144.99420769,614
FKN,Frankston,2-FKN-vpt-1.21.H,-37.82900189,144.99414193,615
FKN,Frankston,2-FKN-vpt-1.21.H,-37.8302685,144.99392493,616
FKN,Frankston,2-FKN-vpt-1.21.H,-37.83112777,144.99376645,617
FKN,Frankston,2-FKN-vpt-1.21.H,-37.83249103,144.99347807,618
FKN,Frankston,2-FKN-vpt-1.21.H,-37.83281084,144.9934085,619
FKN,Frankston,2-FKN-vpt-1.21.H,-37.83421566,144.99311648,620
FKN,Frankston,2-FKN-vpt-1.21.H,-37.83449139,144.99306663,621
FKN,Frankston,2-FKN-vpt-1.21.H,-37.83478756,144.99302713,622
FKN,Frankston,2-FKN-vpt-1.21.H,-37.83522101,144.99297345,623
FKN,Frankston,2-FKN-vpt-1.21.H,-37.83554398,144.99292515,624
FKN,Frankston,2-FKN-vpt-1.21.H,-37.83568091,144.99290088,625
FKN,Frankston,2-FKN-vpt-1.21.H,-37.83626392,144.99278144,626
FKN,Frankston,2-FKN-vpt-1.21.H,-37.83717004,144.99259041,627
FKN,Frankston,2-FKN-vpt-1.21.H,-37.83872222,144.992268,628
FKN,Frankston,2-FKN-vpt-1.21.H,-37.83886626,144.99224875,629
FKN,Frankston,2-FKN-vpt-1.21.H,-37.83901836,144.99223724,630
FKN,Frankston,2-FKN-vpt-1.21.H,-37.839171,144.9922356,631
FKN,Frankston,2-FKN-vpt-1.21.H,-37.83940857,144.99225268,632
FKN,Frankston,2-FKN-vpt-1.21.H,-37.83980392,144.99229037,633
FKN,Frankston,2-FKN-vpt-1.21.H,-37.83990331,144.9923054,634
FKN,Frankston,2-FKN-vpt-1.21.H,-37.84000194,144.99232375,635
FKN,Frankston,2-FKN-vpt-1.21.H,-37.84012571,144.99235778,636
FKN,Frankston,2-FKN-vpt-1.21.H,-37.84024931,144.99240295,637
FKN,Frankston,2-FKN-vpt-1.21.H,-37.84036733,144.99245861,638
FKN,Frankston,2-FKN-vpt-1.21.H,-37.84048132,144.99252154,639
FKN,Frankston,2-FKN-vpt-1.21.H,-37.84059263,144.99259648,640
FKN,Frankston,2-FKN-vpt-1.21.H,-37.84069861,144.99267611,641
FKN,Frankston,2-FKN-vpt-1.21.H,-37.8407987,144.99276919,642
FKN,Frankston,2-FKN-vpt-1.21.H,-37.84089432,144.99286466,643
FKN,Frankston,2-FKN-vpt-1.21.H,-37.84096521,144.99294751,644
FKN,Frankston,2-FKN-vpt-1.21.H,-37.84103437,144.99303416,645
FKN,Frankston,2-FKN-vpt-1.21.H,-37.84108468,144.99310428,646
FKN,Frankston,2-FKN-vpt-1.21.H,-37.84113604,144.99318334,647
FKN,Frankston,2-FKN-vpt-1.21.H,-37.84122218,144.99333078,648
FKN,Frankston,2-FKN-vpt-1.21.H,-37.84128532,144.99346066,649
FKN,Frankston,2-FKN-vpt-1.21.H,-37.84134151,144.99359072,650
FKN,Frankston,2-FKN-vpt-1.21.H,-37.84139371,144.99373477,651
FKN,Frankston,2-FKN-vpt-1.21.H,-37.841434,144.99386208,652
FKN,Frankston,2-FKN-vpt-1.21.H,-37.84154329,144.99428378,653
FKN,Frankston,2-FKN-vpt-1.21.H,-37.84160503,144.99450086,654
FKN,Frankston,2-FKN-vpt-1.21.H,-37.84166314,144.99467986,655
FKN,Frankston,2-FKN-vpt-1.21.H,-37.84200337,144.99565611,656
FKN,Frankston,2-FKN-vpt-1.21.H,-37.84212593,144.99599996,657
FKN,Frankston,2-FKN-vpt-1.21.H,-37.8422388,144.99630952,658
FKN,Frankston,2-FKN-vpt-1.21.H,-37.84235096,144.99659854,659
FKN,Frankston,2-FKN-vpt-1.21.H,-37.84250457,144.99696166,660
FKN,Frankston,2-FKN-vpt-1.21.H,-37.8426797,144.99735545,661
FKN,Frankston,2-FKN-vpt-1.21.H,-37.84352666,144.99923886,662
FKN,Frankston,2-FKN-vpt-1.21.H,-37.84387071,145.00001175,663
FKN,Frankston,2-FKN-vpt-1.21.H,-37.8446681,145.0018603,664
FKN,Frankston,2-FKN-vpt-1.21.H,-37.84484062,145.00227123,665
FKN,Frankston,2-FKN-vpt-1.21.H,-37.8450463,145.00279912,666
FKN,Frankston,2-FKN-vpt-1.21.H,-37.84515078,145.00308223,667
FKN,Frankston,2-FKN-vpt-1.21.H,-37.84665451,145.00728495,668
FKN,Frankston,2-FKN-vpt-1.21.H,-37.84714758,145.00860235,669
FKN,Frankston,2-FKN-vpt-1.21.H,-37.84745518,145.0094087,670
FKN,Frankston,2-FKN-vpt-1.21.H,-37.84754127,145.00961811,671
FKN,Frankston,2-FKN-vpt-1.21.H,-37.84769603,145.00996114,672
FKN,Frankston,2-FKN-vpt-1.21.H,-37.84777558,145.01013015,673
FKN,Frankston,2-FKN-vpt-1.21.H,-37.84785922,145.01029621,674
FKN,Frankston,2-FKN-vpt-1.21.H,-37.84803374,145.01061894,675
FKN,Frankston,2-FKN-vpt-1.21.H,-37.84821676,145.01093348,676
FKN,Frankston,2-FKN-vpt-1.21.H,-37.84850632,145.01137654,677
FKN,Frankston,2-FKN-vpt-1.21.H,-37.84865024,145.01157406,678
FKN,Frankston,2-FKN-vpt-1.21.H,-37.8487976,145.01176706,679
FKN,Frankston,2-FKN-vpt-1.21.H,-37.84895063,145.01195479,680
FKN,Frankston,2-FKN-vpt-1.21.H,-37.8491083,145.01213921,681
FKN,Frankston,2-FKN-vpt-1.21.H,-37.84945867,145.01251211,682
FKN,Frankston,2-FKN-vpt-1.21.H,-37.84958244,145.0126321,683
FKN,Frankston,2-FKN-vpt-1.21.H,-37.84993964,145.01295573,684
FKN,Frankston,2-FKN-vpt-1.21.H,-37.8504659,145.01338689,685
FKN,Frankston,2-FKN-vpt-1.21.H,-37.8507577,145.0136375,686
FKN,Frankston,2-FKN-vpt-1.21.H,-37.85089157,145.01376336,687
FKN,Frankston,2-FKN-vpt-1.21.H,-37.8511717,145.01404895,688
FKN,Frankston,2-FKN-vpt-1.21.H,-37.85135861,145.01425249,689
FKN,Frankston,2-FKN-vpt-1.21.H,-37.85192329,145.01490425,690
FKN,Frankston,2-FKN-vpt-1.21.H,-37.8523183,145.01534396,691
FKN,Frankston,2-FKN-vpt-1.21.H,-37.85252399,145.01556018,692
FKN,Frankston,2-FKN-vpt-1.21.H,-37.8550358,145.01798569,693
FKN,Frankston,2-FKN-vpt-1.21.H,-37.85541479,145.01834175,694
FKN,Frankston,2-FKN-vpt-1.21.H,-37.85582792,145.01870212,695
FKN,Frankston,2-FKN-vpt-1.21.H,-37.85605569,145.01891334,696
FKN,Frankston,2-FKN-vpt-1.21.H,-37.85628199,145.01911812,697
FKN,Frankston,2-FKN-vpt-1.21.H,-37.85654436,145.01938241,698
FKN,Frankston,2-FKN-vpt-1.21.H,-37.85680883,145.01964311,699
FKN,Frankston,2-FKN-vpt-1.21.H,-37.85724115,145.02009994,700
FKN,Frankston,2-FKN-vpt-1.21.H,-37.85761269,145.02046918,701
FKN,Frankston,2-FKN-vpt-1.21.H,-37.8614751,145.02417304,702
FKN,Frankston,2-FKN-vpt-1.21.H,-37.86176197,145.02445376,703
FKN,Frankston,2-FKN-vpt-1.21.H,-37.86200534,145.02469801,704
FKN,Frankston,2-FKN-vpt-1.21.H,-37.86230856,145.02502445,705
FKN,Frankston,2-FKN-vpt-1.21.H,-37.86342749,145.02625087,706
FKN,Frankston,2-FKN-vpt-1.21.H,-37.86484722,145.0278001,707
FKN,Frankston,2-FKN-vpt-1.21.H,-37.86507052,145.02803082,708
FKN,Frankston,2-FKN-vpt-1.21.H,-37.86524009,145.02818976,709
FKN,Frankston,2-FKN-vpt-1.21.H,-37.86576186,145.02865204,710
FKN,Frankston,2-FKN-vpt-1.21.H,-37.86586903,145.02875524,711
FKN,Frankston,2-FKN-vpt-1.21.H,-37.86601926,145.02892254,712
FKN,Frankston,2-FKN-vpt-1.21.H,-37.86627462,145.02917879,713
FKN,Frankston,2-FKN-vpt-1.21.H,-37.86654164,145.02950702,714
FKN,Frankston,2-FKN-vpt-1.21.H,-37.8668984,145.03001781,715
FKN,Frankston,2-FKN-vpt-1.21.H,-37.86703519,145.03020537,716
FKN,Frankston,2-FKN-vpt-1.21.H,-37.86717648,145.03038781,717
FKN,Frankston,2-FKN-vpt-1.21.H,-37.86741406,145.03068,718
FKN,Frankston,2-FKN-vpt-1.21.H,-37.86785507,145.0311847,719
FKN,Frankston,2-FKN-vpt-1.21.H,-37.86826861,145.03164785,720
FKN,Frankston,2-FKN-vpt-1.21.H,-37.87527019,145.03944194,721
FKN,Frankston,2-FKN-vpt-1.21.H,-37.87541622,145.03961179,722
FKN,Frankston,2-FKN-vpt-1.21.H,-37.87621653,145.04056831,723
FKN,Frankston,2-FKN-vpt-1.21.H,-37.87635507,145.04075394,724
FKN,Frankston,2-FKN-vpt-1.21.H,-37.87656828,145.04105105,725
FKN,Frankston,2-FKN-vpt-1.21.H,-37.87685396,145.04149029,726
FKN,Frankston,2-FKN-vpt-1.21.H,-37.87738402,145.04229121,727
FKN,Frankston,2-FKN-vpt-1.21.H,-37.87840157,145.04382666,728
FKN,Frankston,2-FKN-vpt-1.21.H,-37.87846794,145.04391597,729
FKN,Frankston,2-FKN-vpt-1.21.H,-37.87863899,145.04412235,730
FKN,Frankston,2-FKN-vpt-1.21.H,-37.8787141,145.04422223,731
FKN,Frankston,2-FKN-vpt-1.21.H,-37.87883393,145.04440007,732
FKN,Frankston,2-FKN-vpt-1.21.H,-37.87895687,145.04459624,733
FKN,Frankston,2-FKN-vpt-1.21.H,-37.87936562,145.04521314,734
FKN,Frankston,2-FKN-vpt-1.21.H,-37.87952762,145.04540669,735
FKN,Frankston,2-FKN-vpt-1.21.H,-37.8796031,145.04549122,736
FKN,Frankston,2-FKN-vpt-1.21.H,-37.87969029,145.04558044,737
FKN,Frankston,2-FKN-vpt-1.21.H,-37.87977766,145.04565942,738
FKN,Frankston,2-FKN-vpt-1.21.H,-37.87988069,145.04574197,739
FKN,Frankston,2-FKN-vpt-1.21.H,-37.88007849,145.04587193,740
FKN,Frankston,2-FKN-vpt-1.21.H,-37.88024091,145.04595496,741
FKN,Frankston,2-FKN-vpt-1.21.H,-37.88037638,145.04601061,742
FKN,Frankston,2-FKN-vpt-1.21.H,-37.88070767,145.04613125,743
FKN,Frankston,2-FKN-vpt-1.21.H,-37.88105593,145.04624256,744
FKN,Frankston,2-FKN-vpt-1.21.H,-37.88142013,145.04633106,745
FKN,Frankston,2-FKN-vpt-1.21.H,-37.88164924,145.0463714,746
FKN,Frankston,2-FKN-vpt-1.21.H,-37.88197014,145.04638691,747
FKN,Frankston,2-FKN-vpt-1.21.H,-37.88227004,145.04636465,748
FKN,Frankston,2-FKN-vpt-1.21.H,-37.88248807,145.04632842,749
FKN,Frankston,2-FKN-vpt-1.21.H,-37.88282147,145.04625059,750
FKN,Frankston,2-FKN-vpt-1.21.H,-37.88313693,145.0461447,751
FKN,Frankston,2-FKN-vpt-1.21.H,-37.88337932,145.04603471,752
FKN,Frankston,2-FKN-vpt-1.21.H,-37.88374128,145.04582548,753
FKN,Frankston,2-FKN-vpt-1.21.H,-37.88408643,145.0455761,754
FKN,Frankston,2-FKN-vpt-1.21.H,-37.88448171,145.04522477,755
FKN,Frankston,2-FKN-vpt-1.21.H,-37.88577792,145.0439097,756
FKN,Frankston,2-FKN-vpt-1.21.H,-37.88595147,145.04372454,757
FKN,Frankston,2-FKN-vpt-1.21.H,-37.88627198,145.04340735,758
FKN,Frankston,2-FKN-vpt-1.21.H,-37.8865145,145.04320774,759
FKN,Frankston,2-FKN-vpt-1.21.H,-37.88675377,145.04303505,760
FKN,Frankston,2-FKN-vpt-1.21.H,-37.88713998,145.0428214,761
FKN,Frankston,2-FKN-vpt-1.21.H,-37.88746812,145.0426766,762
FKN,Frankston,2-FKN-vpt-1.21.H,-37.88778579,145.04257404,763
FKN,Frankston,2-FKN-vpt-1.21.H,-37.8881021,145.04250335,764
FKN,Frankston,2-FKN-vpt-1.21.H,-37.88845833,145.0424382,765
FKN,Frankston,2-FKN-vpt-1.21.H,-37.88953577,145.04223204,766
FKN,Frankston,2-FKN-vpt-1.21.H,-37.89005827,145.04213928,767
FKN,Frankston,2-FKN-vpt-1.21.H,-37.89053174,145.04204703,768
FKN,Frankston,2-FKN-vpt-1.21.H,-37.89101829,145.04194453,769
FKN,Frankston,2-FKN-vpt-1.21.H,-37.89144932,145.04186329,770
FKN,Frankston,2-FKN-vpt-1.21.H,-37.89190934,145.04176888,771
FKN,Frankston,2-FKN-vpt-1.21.H,-37.89249651,145.04167475,772
FKN,Frankston,2-FKN-vpt-1.21.H,-37.8940803,145.04137532,773
FKN,Frankston,2-FKN-vpt-1.21.H,-37.89472058,145.04125065,774
FKN,Frankston,2-FKN-vpt-1.21.H,-37.89750889,145.04070285,775
FKN,Frankston,2-FKN-vpt-1.21.H,-37.89813731,145.04056973,776
FKN,Frankston,2-FKN-vpt-1.21.H,-37.90056386,145.04009629,777
FKN,Frankston,2-FKN-vpt-1.21.H,-37.90157659,145.03989519,778
FKN,Frankston,2-FKN-vpt-1.21.H,-37.90195844,145.03981545,779
FKN,Frankston,2-FKN-vpt-1.21.H,-37.90220828,145.03977459,780
FKN,Frankston,2-FKN-vpt-1.21.H,-37.90235383,145.03975344,781
FKN,Frankston,2-FKN-vpt-1.21.H,-37.90249479,145.0397381,782
FKN,Frankston,2-FKN-vpt-1.21.H,-37.90282713,145.03970995,783
FKN,Frankston,2-FKN-vpt-1.21.H,-37.90295998,145.03969482,784
FKN,Frankston,2-FKN-vpt-1.21.H,-37.90319698,145.03966203,785
FKN,Frankston,2-FKN-vpt-1.21.H,-37.90342197,145.03962239,786
FKN,Frankston,2-FKN-vpt-1.21.H,-37.90388979,145.0395315,787
FKN,Frankston,2-FKN-vpt-1.21.H,-37.90459942,145.03938836,788
FKN,Frankston,2-FKN-vpt-1.21.H,-37.90522027,145.03925996,789
FKN,Frankston,2-FKN-vpt-1.21.H,-37.90556106,145.03918768,790
FKN,Frankston,2-FKN-vpt-1.21.H,-37.90591694,145.03910715,791
FKN,Frankston,2-FKN-vpt-1.21.H,-37.90626913,145.03903228,792
FKN,Frankston,2-FKN-vpt-1.21.H,-37.90676193,145.03893685,793
FKN,Frankston,2-FKN-vpt-1.21.H,-37.90746942,145.03880615,794
FKN,Frankston,2-FKN-vpt-1.21.H,-37.90800656,145.03871136,795
FKN,Frankston,2-FKN-vpt-1.21.H,-37.90908661,145.0385107,796
FKN,Frankston,2-FKN-vpt-1.21.H,-37.90962612,145.03842323,797
FKN,Frankston,2-FKN-vpt-1.21.H,-37.91021123,145.03834036,798
FKN,Frankston,2-FKN-vpt-1.21.H,-37.91061313,145.03827451,799
FKN,Frankston,2-FKN-vpt-1.21.H,-37.91087409,145.0382247,800
FKN,Frankston,2-FKN-vpt-1.21.H,-37.91121847,145.03815663,801
FKN,Frankston,2-FKN-vpt-1.21.H,-37.91147394,145.03810173,802
FKN,Frankston,2-FKN-vpt-1.21.H,-37.91288352,145.03781904,803
FKN,Frankston,2-FKN-vpt-1.21.H,-37.91413958,145.03758695,804
FKN,Frankston,2-FKN-vpt-1.21.H,-37.91510046,145.0374116,805
FKN,Frankston,2-FKN-vpt-1.21.H,-37.91543303,145.03735965,806
FKN,Frankston,2-FKN-vpt-1.21.H,-37.91590387,145.03729378,807
FKN,Frankston,2-FKN-vpt-1.21.H,-37.91640037,145.03720972,808
FKN,Frankston,2-FKN-vpt-1.21.H,-37.91756454,145.03699608,809
FKN,Frankston,2-FKN-vpt-1.21.H,-37.91779198,145.0369575,810
FKN,Frankston,2-FKN-vpt-1.21.H,-37.91792273,145.03693525,811
FKN,Frankston,2-FKN-vpt-1.21.H,-37.91812459,145.03689701,812
FKN,Frankston,2-FKN-vpt-1.21.H,-37.91831104,145.03685895,813
FKN,Frankston,2-FKN-vpt-1.21.H,-37.91890787,145.03670725,814
FKN,Frankston,2-FKN-vpt-1.21.H,-37.9193594,145.03659639,815
FKN,Frankston,2-FKN-vpt-1.21.H,-37.91953663,145.03655641,816
FKN,Frankston,2-FKN-vpt-1.21.H,-37.92301733,145.03591504,817
FKN,Frankston,2-FKN-vpt-1.21.H,-37.92372558,145.03578664,818
FKN,Frankston,2-FKN-vpt-1.21.H,-37.9239774,145.03574547,819
FKN,Frankston,2-FKN-vpt-1.21.H,-37.92431932,145.03569791,820
FKN,Frankston,2-FKN-vpt-1.21.H,-37.9249451,145.03559571,821
FKN,Frankston,2-FKN-vpt-1.21.H,-37.92520877,145.03554648,822
FKN,Frankston,2-FKN-vpt-1.21.H,-37.92533702,145.03552055,823
FKN,Frankston,2-FKN-vpt-1.21.H,-37.92572956,145.03544935,824
FKN,Frankston,2-FKN-vpt-1.21.H,-37.92595099,145.03541228,825
FKN,Frankston,2-FKN-vpt-1.21.H,-37.92608479,145.03539484,826
FKN,Frankston,2-FKN-vpt-1.21.H,-37.92619339,145.03538467,827
FKN,Frankston,2-FKN-vpt-1.21.H,-37.92644722,145.035372,828
FKN,Frankston,2-FKN-vpt-1.21.H,-37.92663019,145.03537406,829
FKN,Frankston,2-FKN-vpt-1.21.H,-37.92690813,145.03539693,830
FKN,Frankston,2-FKN-vpt-1.21.H,-37.92697768,145.03540634,831
FKN,Frankston,2-FKN-vpt-1.21.H,-37.92713231,145.03543249,832
FKN,Frankston,2-FKN-vpt-1.21.H,-37.92733963,145.03547885,833
FKN,Frankston,2-FKN-vpt-1.21.H,-37.92751315,145.03552975,834
FKN,Frankston,2-FKN-vpt-1.21.H,-37.92771911,145.03560288,835
FKN,Frankston,2-FKN-vpt-1.21.H,-37.92797682,145.035709,836
FKN,Frankston,2-FKN-vpt-1.21.H,-37.92904163,145.03619446,837
FKN,Frankston,2-FKN-vpt-1.21.H,-37.92946402,145.0363838,838
FKN,Frankston,2-FKN-vpt-1.21.H,-37.92968481,145.03649192,839
FKN,Frankston,2-FKN-vpt-1.21.H,-37.93003531,145.03665042,840
FKN,Frankston,2-FKN-vpt-1.21.H,-37.93026618,145.03674735,841
FKN,Frankston,2-FKN-vpt-1.21.H,-37.93052761,145.03684985,842
FKN,Frankston,2-FKN-vpt-1.21.H,-37.93073367,145.03692299,843
FKN,Frankston,2-FKN-vpt-1.21.H,-37.93098687,145.03700249,844
FKN,Frankston,2-FKN-vpt-1.21.H,-37.9311965,145.03705745,845
FKN,Frankston,2-FKN-vpt-1.21.H,-37.93140638,145.0371009,846
FKN,Frankston,2-FKN-vpt-1.21.H,-37.93161786,145.03713169,847
FKN,Frankston,2-FKN-vpt-1.21.H,-37.93173752,145.03714159,848
FKN,Frankston,2-FKN-vpt-1.21.H,-37.93192933,145.03714934,849
FKN,Frankston,2-FKN-vpt-1.21.H,-37.93207349,145.0371479,850
FKN,Frankston,2-FKN-vpt-1.21.H,-37.93223023,145.03713849,851
FKN,Frankston,2-FKN-vpt-1.21.H,-37.93239583,145.03712032,852
FKN,Frankston,2-FKN-vpt-1.21.H,-37.93257561,145.0370929,853
FKN,Frankston,2-FKN-vpt-1.21.H,-37.93276109,145.03706145,854
FKN,Frankston,2-FKN-vpt-1.21.H,-37.93452486,145.03673793,855
FKN,Frankston,2-FKN-vpt-1.21.H,-37.93527671,145.03660278,856
FKN,Frankston,2-FKN-vpt-1.21.H,-37.93561277,145.03653933,857
FKN,Frankston,2-FKN-vpt-1.21.H,-37.93594711,145.03650142,858
FKN,Frankston,2-FKN-vpt-1.21.H,-37.93604759,145.03649636,859
FKN,Frankston,2-FKN-vpt-1.21.H,-37.93614477,145.03648751,860
FKN,Frankston,2-FKN-vpt-1.21.H,-37.93653439,145.03646861,861
FKN,Frankston,2-FKN-vpt-1.21.H,-37.93692293,145.03647671,862
FKN,Frankston,2-FKN-vpt-1.21.H,-37.93726359,145.03647777,863
FKN,Frankston,2-FKN-vpt-1.21.H,-37.93773683,145.03645834,864
FKN,Frankston,2-FKN-vpt-1.21.H,-37.93792932,145.03645834,865
FKN,Frankston,2-FKN-vpt-1.21.H,-37.93814164,145.03646942,866
FKN,Frankston,2-FKN-vpt-1.21.H,-37.93851111,145.03650692,867
FKN,Frankston,2-FKN-vpt-1.21.H,-37.93866771,145.03652665,868
FKN,Frankston,2-FKN-vpt-1.21.H,-37.93898386,145.03657649,869
FKN,Frankston,2-FKN-vpt-1.21.H,-37.93925423,145.03662665,870
FKN,Frankston,2-FKN-vpt-1.21.H,-37.93947897,145.03667437,871
FKN,Frankston,2-FKN-vpt-1.21.H,-37.93979289,145.03675773,872
FKN,Frankston,2-FKN-vpt-1.21.H,-37.94009751,145.03685079,873
FKN,Frankston,2-FKN-vpt-1.21.H,-37.94064047,145.03702978,874
FKN,Frankston,2-FKN-vpt-1.21.H,-37.94082262,145.03709583,875
FKN,Frankston,2-FKN-vpt-1.21.H,-37.941298,145.0372748,876
FKN,Frankston,2-FKN-vpt-1.21.H,-37.94151319,145.03736045,877
FKN,Frankston,2-FKN-vpt-1.21.H,-37.94166981,145.03742536,878
FKN,Frankston,2-FKN-vpt-1.21.H,-37.94208469,145.0376188,879
FKN,Frankston,2-FKN-vpt-1.21.H,-37.94247603,145.03783223,880
FKN,Frankston,2-FKN-vpt-1.21.H,-37.94264517,145.03792912,881
FKN,Frankston,2-FKN-vpt-1.21.H,-37.94310338,145.0382137,882
FKN,Frankston,2-FKN-vpt-1.21.H,-37.94333176,145.03836615,883
FKN,Frankston,2-FKN-vpt-1.21.H,-37.94395829,145.03879522,884
FKN,Frankston,2-FKN-vpt-1.21.H,-37.94445489,145.0391448,885
FKN,Frankston,2-FKN-vpt-1.21.H,-37.94532611,145.03974855,886
FKN,Frankston,2-FKN-vpt-1.21.H,-37.94668419,145.04069603,887
FKN,Frankston,2-FKN-vpt-1.21.H,-37.94733703,145.04114675,888
FKN,Frankston,2-FKN-vpt-1.21.H,-37.9480446,145.04164348,889
FKN,Frankston,2-FKN-vpt-1.21.H,-37.948439,145.04191695,890
FKN,Frankston,2-FKN-vpt-1.21.H,-37.94801971,145.04162593,891
FKN,Frankston,2-FKN-vpt-1.21.H,-37.94939078,145.04257541,892
FKN,Frankston,2-FKN-vpt-1.21.H,-37.94966219,145.04276862,893
FKN,Frankston,2-FKN-vpt-1.21.H,-37.95030443,145.0432118,894
FKN,Frankston,2-FKN-vpt-1.21.H,-37.95185314,145.04429285,895
FKN,Frankston,2-FKN-vpt-1.21.H,-37.95330746,145.04530225,896
FKN,Frankston,2-FKN-vpt-1.21.H,-37.95424239,145.04595646,897
FKN,Frankston,2-FKN-vpt-1.21.H,-37.9553025,145.04669285,898
FKN,Frankston,2-FKN-vpt-1.21.H,-37.95559521,145.04689952,899
FKN,Frankston,2-FKN-vpt-1.21.H,-37.95640832,145.04746299,900
FKN,Frankston,2-FKN-vpt-1.21.H,-37.95680621,145.04774144,901
FKN,Frankston,2-FKN-vpt-1.21.H,-37.95708363,145.0479393,902
FKN,Frankston,2-FKN-vpt-1.21.H,-37.95783443,145.04845698,903
FKN,Frankston,2-FKN-vpt-1.21.H,-37.95895883,145.04924045,904
FKN,Frankston,2-FKN-vpt-1.21.H,-37.95975071,145.04977927,905
FKN,Frankston,2-FKN-vpt-1.21.H,-37.96137366,145.05090723,906
FKN,Frankston,2-FKN-vpt-1.21.H,-37.96174151,145.05117819,907
FKN,Frankston,2-FKN-vpt-1.21.H,-37.96440033,145.05302919,908
FKN,Frankston,2-FKN-vpt-1.21.H,-37.96496423,145.05341815,909
FKN,Frankston,2-FKN-vpt-1.21.H,-37.96592221,145.05411158,910
FKN,Frankston,2-FKN-vpt-1.21.H,-37.96637249,145.05442046,911
FKN,Frankston,2-FKN-vpt-1.21.H,-37.96677978,145.05470123,912
FKN,Frankston,2-FKN-vpt-1.21.H,-37.96728766,145.05505949,913
FKN,Frankston,2-FKN-vpt-1.21.H,-37.96765271,145.05530951,914
FKN,Frankston,2-FKN-vpt-1.21.H,-37.96842697,145.05585836,915
FKN,Frankston,2-FKN-vpt-1.21.H,-37.96902727,145.05626405,916
FKN,Frankston,2-FKN-vpt-1.21.H,-37.96937709,145.05650845,917
FKN,Frankston,2-FKN-vpt-1.21.H,-37.96966297,145.05670138,918
FKN,Frankston,2-FKN-vpt-1.21.H,-37.96999917,145.05692337,919
FKN,Frankston,2-FKN-vpt-1.21.H,-37.97017829,145.05705764,920
FKN,Frankston,2-FKN-vpt-1.21.H,-37.97085451,145.05751475,921
FKN,Frankston,2-FKN-vpt-1.21.H,-37.97143812,145.05793013,922
FKN,Frankston,2-FKN-vpt-1.21.H,-37.97345859,145.05934156,923
FKN,Frankston,2-FKN-vpt-1.21.H,-37.97518529,145.06053653,924
FKN,Frankston,2-FKN-vpt-1.21.H,-37.97676553,145.06163761,925
FKN,Frankston,2-FKN-vpt-1.21.H,-37.97747158,145.06213978,926
FKN,Frankston,2-FKN-vpt-1.21.H,-37.97756976,145.06221313,927
FKN,Frankston,2-FKN-vpt-1.21.H,-37.97774554,145.06233135,928
FKN,Frankston,2-FKN-vpt-1.21.H,-37.97887463,145.06311989,929
FKN,Frankston,2-FKN-vpt-1.21.H,-37.97979087,145.06375056,930
FKN,Frankston,2-FKN-vpt-1.21.H,-37.98029592,145.06410332,931
FKN,Frankston,2-FKN-vpt-1.21.H,-37.98111799,145.06466317,932
FKN,Frankston,2-FKN-vpt-1.21.H,-37.98131627,145.06480153,933
FKN,Frankston,2-FKN-vpt-1.21.H,-37.98206574,145.06534144,934
FKN,Frankston,2-FKN-vpt-1.21.H,-37.98320883,145.06614451,935
FKN,Frankston,2-FKN-vpt-1.21.H,-37.98360131,145.06641987,936
FKN,Frankston,2-FKN-vpt-1.21.H,-37.98447627,145.06701846,937
FKN,Frankston,2-FKN-vpt-1.21.H,-37.98484574,145.06728635,938
FKN,Frankston,2-FKN-vpt-1.21.H,-37.98520842,145.06759097,939
FKN,Frankston,2-FKN-vpt-1.21.H,-37.98541966,145.06777797,940
FKN,Frankston,2-FKN-vpt-1.21.H,-37.9855354,145.06788355,941
FKN,Frankston,2-FKN-vpt-1.21.H,-37.98621042,145.06852305,942
FKN,Frankston,2-FKN-vpt-1.21.H,-37.98663276,145.06894841,943
FKN,Frankston,2-FKN-vpt-1.21.H,-37.98708926,145.06943493,944
FKN,Frankston,2-FKN-vpt-1.21.H,-37.98755148,145.06996276,945
FKN,Frankston,2-FKN-vpt-1.21.H,-37.9880904,145.07058992,946
FKN,Frankston,2-FKN-vpt-1.21.H,-37.98870359,145.07128984,947
FKN,Frankston,2-FKN-vpt-1.21.H,-37.98962131,145.07234834,948
FKN,Frankston,2-FKN-vpt-1.21.H,-37.99000201,145.07279122,949
FKN,Frankston,2-FKN-vpt-1.21.H,-37.99057116,145.07344394,950
FKN,Frankston,2-FKN-vpt-1.21.H,-37.99161768,145.07465934,951
FKN,Frankston,2-FKN-vpt-1.21.H,-37.99279492,145.07600526,952
FKN,Frankston,2-FKN-vpt-1.21.H,-37.99287178,145.07609299,953
FKN,Frankston,2-FKN-vpt-1.21.H,-37.9930627,145.07631085,954
FKN,Frankston,2-FKN-vpt-1.21.H,-37.99328628,145.07657511,955
FKN,Frankston,2-FKN-vpt-1.21.H,-37.99409348,145.0774969,956
FKN,Frankston,2-FKN-vpt-1.21.H,-37.99465412,145.07814866,957
FKN,Frankston,2-FKN-vpt-1.21.H,-37.99582602,145.07947935,958
FKN,Frankston,2-FKN-vpt-1.21.H,-37.99614873,145.07985481,959
FKN,Frankston,2-FKN-vpt-1.21.H,-37.99645166,145.08019936,960
FKN,Frankston,2-FKN-vpt-1.21.H,-37.9967866,145.08057371,961
FKN,Frankston,2-FKN-vpt-1.21.H,-37.99720041,145.08099259,962
FKN,Frankston,2-FKN-vpt-1.21.H,-37.99746423,145.08124946,963
FKN,Frankston,2-FKN-vpt-1.21.H,-37.99762024,145.081394,964
FKN,Frankston,2-FKN-vpt-1.21.H,-37.99778316,145.08153712,965
FKN,Frankston,2-FKN-vpt-1.21.H,-37.9979463,145.08168786,966
FKN,Frankston,2-FKN-vpt-1.21.H,-37.99813416,145.08184604,967
FKN,Frankston,2-FKN-vpt-1.21.H,-37.99839864,145.08205541,968
FKN,Frankston,2-FKN-vpt-1.21.H,-37.99865254,145.08225104,969
FKN,Frankston,2-FKN-vpt-1.21.H,-37.99917191,145.08261173,970
FKN,Frankston,2-FKN-vpt-1.21.H,-37.99998137,145.08316633,971
FKN,Frankston,2-FKN-vpt-1.21.H,-38.00135549,145.08409094,972
FKN,Frankston,2-FKN-vpt-1.21.H,-38.00462819,145.08630588,973
FKN,Frankston,2-FKN-vpt-1.21.H,-38.00472522,145.08636497,974
FKN,Frankston,2-FKN-vpt-1.21.H,-38.00482631,145.08641348,975
FKN,Frankston,2-FKN-vpt-1.21.H,-38.00500031,145.08650656,976
FKN,Frankston,2-FKN-vpt-1.21.H,-38.00537121,145.08675465,977
FKN,Frankston,2-FKN-vpt-1.21.H,-38.00646634,145.08749872,978
FKN,Frankston,2-FKN-vpt-1.21.H,-38.00737869,145.08811954,979
FKN,Frankston,2-FKN-vpt-1.21.H,-38.0076342,145.08833227,980
FKN,Frankston,2-FKN-vpt-1.21.H,-38.00776531,145.08842579,981
FKN,Frankston,2-FKN-vpt-1.21.H,-38.00827776,145.08877797,982
FKN,Frankston,2-FKN-vpt-1.21.H,-38.00863352,145.08900951,983
FKN,Frankston,2-FKN-vpt-1.21.H,-38.00923921,145.08941508,984
FKN,Frankston,2-FKN-vpt-1.21.H,-38.0098743,145.08986638,985
FKN,Frankston,2-FKN-vpt-1.21.H,-38.01079504,145.09048909,986
FKN,Frankston,2-FKN-vpt-1.21.H,-38.01153498,145.09093779,987
FKN,Frankston,2-FKN-vpt-1.21.H,-38.01181242,145.09111352,988
FKN,Frankston,2-FKN-vpt-1.21.H,-38.01189564,145.09117184,989
FKN,Frankston,2-FKN-vpt-1.21.H,-38.01314787,145.09200821,990
FKN,Frankston,2-FKN-vpt-1.21.H,-38.01446188,145.09289814,991
FKN,Frankston,2-FKN-vpt-1.21.H,-38.01491833,145.09320388,992
FKN,Frankston,2-FKN-vpt-1.21.H,-38.01560187,145.0936934,993
FKN,Frankston,2-FKN-vpt-1.21.H,-38.0163109,145.09428751,994
FKN,Frankston,2-FKN-vpt-1.21.H,-38.01742768,145.09533629,995
FKN,Frankston,2-FKN-vpt-1.21.H,-38.0178817,145.09570955,996
FKN,Frankston,2-FKN-vpt-1.21.H,-38.01953756,145.09694833,997
FKN,Frankston,2-FKN-vpt-1.21.H,-38.02184182,145.09866765,998
FKN,Frankston,2-FKN-vpt-1.21.H,-38.02239958,145.09907655,999
FKN,Frankston,2-FKN-vpt-1.21.H,-38.02315292,145.09963716,1000
FKN,Frankston,2-FKN-vpt-1.21.H,-38.02395046,145.10019515,1001
FKN,Frankston,2-FKN-vpt-1.21.H,-38.02454134,145.10056244,1002
FKN,Frankston,2-FKN-vpt-1.21.H,-38.0254303,145.10108973,1003
FKN,Frankston,2-FKN-vpt-1.21.H,-38.02709718,145.10206028,1004
FKN,Frankston,2-FKN-vpt-1.21.H,-38.0272381,145.10214209,1005
FKN,Frankston,2-FKN-vpt-1.21.H,-38.02753596,145.10232831,1006
FKN,Frankston,2-FKN-vpt-1.21.H,-38.02768791,145.10241838,1007
FKN,Frankston,2-FKN-vpt-1.21.H,-38.02973124,145.10361466,1008
FKN,Frankston,2-FKN-vpt-1.21.H,-38.03166366,145.104752,1009
FKN,Frankston,2-FKN-vpt-1.21.H,-38.03355914,145.10586278,1010
FKN,Frankston,2-FKN-vpt-1.21.H,-38.03492067,145.10666548,1011
FKN,Frankston,2-FKN-vpt-1.21.H,-38.03565799,145.1070953,1012
FKN,Frankston,2-FKN-vpt-1.21.H,-38.03593791,145.10726436,1013
FKN,Frankston,2-FKN-vpt-1.21.H,-38.03629847,145.1074776,1014
FKN,Frankston,2-FKN-vpt-1.21.H,-38.03739126,145.10811785,1015
FKN,Frankston,2-FKN-vpt-1.21.H,-38.03853962,145.10879588,1016
FKN,Frankston,2-FKN-vpt-1.21.H,-38.04591167,145.11313361,1017
FKN,Frankston,2-FKN-vpt-1.21.H,-38.04610766,145.11324561,1018
FKN,Frankston,2-FKN-vpt-1.21.H,-38.04644988,145.1134334,1019
FKN,Frankston,2-FKN-vpt-1.21.H,-38.0467355,145.11358219,1020
FKN,Frankston,2-FKN-vpt-1.21.H,-38.04704336,145.11373508,1021
FKN,Frankston,2-FKN-vpt-1.21.H,-38.04848183,145.11441097,1022
FKN,Frankston,2-FKN-vpt-1.21.H,-38.04869414,145.11450626,1023
FKN,Frankston,2-FKN-vpt-1.21.H,-38.04918254,145.11474034,1024
FKN,Frankston,2-FKN-vpt-1.21.H,-38.05004331,145.11514333,1025
FKN,Frankston,2-FKN-vpt-1.21.H,-38.05075224,145.11547957,1026
FKN,Frankston,2-FKN-vpt-1.21.H,-38.05105184,145.11561742,1027
FKN,Frankston,2-FKN-vpt-1.21.H,-38.05211472,145.11611485,1028
FKN,Frankston,2-FKN-vpt-1.21.H,-38.05272621,145.1164046,1029
FKN,Frankston,2-FKN-vpt-1.21.H,-38.05316166,145.11660803,1030
FKN,Frankston,2-FKN-vpt-1.21.H,-38.05460118,145.11728298,1031
FKN,Frankston,2-FKN-vpt-1.21.H,-38.0549951,145.11746413,1032
FKN,Frankston,2-FKN-vpt-1.21.H,-38.05520363,145.11755395,1033
FKN,Frankston,2-FKN-vpt-1.21.H,-38.05543487,145.1176498,1034
FKN,Frankston,2-FKN-vpt-1.21.H,-38.05583908,145.11779866,1035
FKN,Frankston,2-FKN-vpt-1.21.H,-38.05895607,145.11887051,1036
FKN,Frankston,2-FKN-vpt-1.21.H,-38.05972434,145.11913111,1037
FKN,Frankston,2-FKN-vpt-1.21.H,-38.06018152,145.11926791,1038
FKN,Frankston,2-FKN-vpt-1.21.H,-38.06058171,145.11937381,1039
FKN,Frankston,2-FKN-vpt-1.21.H,-38.060777,145.11941942,1040
FKN,Frankston,2-FKN-vpt-1.21.H,-38.06118459,145.11950324,1041
FKN,Frankston,2-FKN-vpt-1.21.H,-38.06140113,145.11954215,1042
FKN,Frankston,2-FKN-vpt-1.21.H,-38.06188997,145.11961854,1043
FKN,Frankston,2-FKN-vpt-1.21.H,-38.06288358,145.11976373,1044
FKN,Frankston,2-FKN-vpt-1.21.H,-38.06555842,145.12014755,1045
FKN,Frankston,2-FKN-vpt-1.21.H,-38.06619,145.12024024,1046
FKN,Frankston,2-FKN-vpt-1.21.H,-38.06705796,145.12036221,1047
FKN,Frankston,2-FKN-vpt-1.21.H,-38.06733932,145.12040779,1048
FKN,Frankston,2-FKN-vpt-1.21.H,-38.06749447,145.12043459,1049
FKN,Frankston,2-FKN-vpt-1.21.H,-38.06785746,145.12050772,1050
FKN,Frankston,2-FKN-vpt-1.21.H,-38.06797809,145.12053393,1051
FKN,Frankston,2-FKN-vpt-1.21.H,-38.0683434,145.12062238,1052
FKN,Frankston,2-FKN-vpt-1.21.H,-38.06859887,145.12068937,1053
FKN,Frankston,2-FKN-vpt-1.21.H,-38.06957195,145.12095434,1054
FKN,Frankston,2-FKN-vpt-1.21.H,-38.07107332,145.12139059,1055
FKN,Frankston,2-FKN-vpt-1.21.H,-38.07170983,145.1215779,1056
FKN,Frankston,2-FKN-vpt-1.21.H,-38.07229116,145.12174064,1057
FKN,Frankston,2-FKN-vpt-1.21.H,-38.07463236,145.12237124,1058
FKN,Frankston,2-FKN-vpt-1.21.H,-38.0749264,145.12245503,1059
FKN,Frankston,2-FKN-vpt-1.21.H,-38.07602663,145.12278258,1060
FKN,Frankston,2-FKN-vpt-1.21.H,-38.07633712,145.12286379,1061
FKN,Frankston,2-FKN-vpt-1.21.H,-38.07740467,145.12311398,1062
FKN,Frankston,2-FKN-vpt-1.21.H,-38.07867394,145.12340633,1063
FKN,Frankston,2-FKN-vpt-1.21.H,-38.07913001,145.12350229,1064
FKN,Frankston,2-FKN-vpt-1.21.H,-38.08001721,145.12366043,1065
FKN,Frankston,2-FKN-vpt-1.21.H,-38.08030392,145.12371443,1066
FKN,Frankston,2-FKN-vpt-1.21.H,-38.08052943,145.12376225,1067
FKN,Frankston,2-FKN-vpt-1.21.H,-38.08095944,145.12387918,1068
FKN,Frankston,2-FKN-vpt-1.21.H,-38.08134301,145.12400562,1069
FKN,Frankston,2-FKN-vpt-1.21.H,-38.08163984,145.12411751,1070
FKN,Frankston,2-FKN-vpt-1.21.H,-38.08196967,145.12425297,1071
FKN,Frankston,2-FKN-vpt-1.21.H,-38.08235017,145.12443547,1072
FKN,Frankston,2-FKN-vpt-1.21.H,-38.08400141,145.12526867,1073
FKN,Frankston,2-FKN-vpt-1.21.H,-38.08432827,145.12541606,1074
FKN,Frankston,2-FKN-vpt-1.21.H,-38.08597114,145.12622136,1075
FKN,Frankston,2-FKN-vpt-1.21.H,-38.08696116,145.12671316,1076
FKN,Frankston,2-FKN-vpt-1.21.H,-38.08750354,145.12697695,1077
FKN,Frankston,2-FKN-vpt-1.21.H,-38.08804579,145.12724964,1078
FKN,Frankston,2-FKN-vpt-1.21.H,-38.08829546,145.12737143,1079
FKN,Frankston,2-FKN-vpt-1.21.H,-38.08857259,145.12749765,1080
FKN,Frankston,2-FKN-vpt-1.21.H,-38.08900007,145.1276653,1081
FKN,Frankston,2-FKN-vpt-1.21.H,-38.08944657,145.12782198,1082
FKN,Frankston,2-FKN-vpt-1.21.H,-38.0896351,145.12787908,1083
FKN,Frankston,2-FKN-vpt-1.21.H,-38.08976814,145.12791457,1084
FKN,Frankston,2-FKN-vpt-1.21.H,-38.0900283,145.12798227,1085
FKN,Frankston,2-FKN-vpt-1.21.H,-38.09036498,145.12806205,1086
FKN,Frankston,2-FKN-vpt-1.21.H,-38.09110021,145.12817351,1087
FKN,Frankston,2-FKN-vpt-1.21.H,-38.09161163,145.12821372,1088
FKN,Frankston,2-FKN-vpt-1.21.H,-38.09191289,145.12822507,1089
FKN,Frankston,2-FKN-vpt-1.21.H,-38.09314466,145.12822923,1090
FKN,Frankston,2-FKN-vpt-1.21.H,-38.09676927,145.12823276,1091
FKN,Frankston,2-FKN-vpt-1.21.H,-38.10112881,145.12824388,1092
FKN,Frankston,2-FKN-vpt-1.21.H,-38.10336809,145.12824387,1093
FKN,Frankston,2-FKN-vpt-1.21.H,-38.10350548,145.12824675,1094
FKN,Frankston,2-FKN-vpt-1.21.H,-38.1040532,145.12824646,1095
FKN,Frankston,2-FKN-vpt-1.21.H,-38.10566204,145.12824703,1096
FKN,Frankston,2-FKN-vpt-1.21.H,-38.10604776,145.12826558,1097
FKN,Frankston,2-FKN-vpt-1.21.H,-38.10626882,145.1282824,1098
FKN,Frankston,2-FKN-vpt-1.21.H,-38.10652139,145.12831485,1099
FKN,Frankston,2-FKN-vpt-1.21.H,-38.10673523,145.12834851,1100
FKN,Frankston,2-FKN-vpt-1.21.H,-38.10692943,145.12838837,1101
FKN,Frankston,2-FKN-vpt-1.21.H,-38.10731887,145.12848735,1102
FKN,Frankston,2-FKN-vpt-1.21.H,-38.10769407,145.12860962,1103
FKN,Frankston,2-FKN-vpt-1.21.H,-38.10803783,145.12874296,1104
FKN,Frankston,2-FKN-vpt-1.21.H,-38.10842542,145.12892445,1105
FKN,Frankston,2-FKN-vpt-1.21.H,-38.10861994,145.12902897,1106
FKN,Frankston,2-FKN-vpt-1.21.H,-38.10921316,145.12939078,1107
FKN,Frankston,2-FKN-vpt-1.21.H,-38.10945707,145.12956956,1108
FKN,Frankston,2-FKN-vpt-1.21.H,-38.10969059,145.12974688,1109
FKN,Frankston,2-FKN-vpt-1.21.H,-38.10997507,145.13000036,1110
FKN,Frankston,2-FKN-vpt-1.21.H,-38.11083916,145.13074592,1111
FKN,Frankston,2-FKN-vpt-1.21.H,-38.11122721,145.13106405,1112
FKN,Frankston,2-FKN-vpt-1.21.H,-38.11291436,145.13249149,1113
FKN,Frankston,2-FKN-vpt-1.21.H,-38.11331339,145.13284324,1114
FKN,Frankston,2-FKN-vpt-1.21.H,-38.11574251,145.13490478,1115
FKN,Frankston,2-FKN-vpt-1.21.H,-38.11619768,145.13527384,1116
FKN,Frankston,2-FKN-vpt-1.21.H,-38.11646732,145.13546191,1117
FKN,Frankston,2-FKN-vpt-1.21.H,-38.11680706,145.13565517,1118
FKN,Frankston,2-FKN-vpt-1.21.H,-38.11726539,145.13587621,1119
FKN,Frankston,2-FKN-vpt-1.21.H,-38.11765127,145.1360132,1120
FKN,Frankston,2-FKN-vpt-1.21.H,-38.11784242,145.13606492,1121
FKN,Frankston,2-FKN-vpt-1.21.H,-38.11813808,145.1361328,1122
FKN,Frankston,2-FKN-vpt-1.21.H,-38.11852483,145.13618205,1123
FKN,Frankston,2-FKN-vpt-1.21.H,-38.11884844,145.13619914,1124
FKN,Frankston,2-FKN-vpt-1.21.H,-38.11921561,145.13619038,1125
FKN,Frankston,2-FKN-vpt-1.21.H,-38.11938199,145.13617531,1126
FKN,Frankston,2-FKN-vpt-1.21.H,-38.11961398,145.13614295,1127
FKN,Frankston,2-FKN-vpt-1.21.H,-38.11981213,145.13610825,1128
FKN,Frankston,2-FKN-vpt-1.21.H,-38.11997385,145.13607186,1129
FKN,Frankston,2-FKN-vpt-1.21.H,-38.12019939,145.13600817,1130
FKN,Frankston,2-FKN-vpt-1.21.H,-38.12038142,145.13595084,1131
FKN,Frankston,2-FKN-vpt-1.21.H,-38.12066064,145.13585112,1132
FKN,Frankston,2-FKN-vpt-1.21.H,-38.12109427,145.13568655,1133
FKN,Frankston,2-FKN-vpt-1.21.H,-38.12178026,145.13541551,1134
FKN,Frankston,2-FKN-vpt-1.21.H,-38.12191053,145.13536189,1135
FKN,Frankston,2-FKN-vpt-1.21.H,-38.1222479,145.13519612,1136
FKN,Frankston,2-FKN-vpt-1.21.H,-38.12242712,145.13509824,1137
FKN,Frankston,2-FKN-vpt-1.21.H,-38.12279893,145.13491664,1138
FKN,Frankston,2-FKN-vpt-1.21.H,-38.12309768,145.13478105,1139
FKN,Frankston,2-FKN-vpt-1.21.H,-38.12349101,145.13460939,1140
FKN,Frankston,2-FKN-vpt-1.21.H,-38.12406791,145.1343588,1141
FKN,Frankston,2-FKN-vpt-1.21.H,-38.12469448,145.13409154,1142
FKN,Frankston,2-FKN-vpt-1.21.H,-38.12534971,145.13375726,1143
FKN,Frankston,2-FKN-vpt-1.21.H,-38.12669749,145.13316793,1144
FKN,Frankston,2-FKN-vpt-1.21.H,-38.12699069,145.13303554,1145
FKN,Frankston,2-FKN-vpt-1.21.H,-38.12724293,145.13291675,1146
FKN,Frankston,2-FKN-vpt-1.21.H,-38.12792634,145.13258663,1147
FKN,Frankston,2-FKN-vpt-1.21.H,-38.12815721,145.1324783,1148
FKN,Frankston,2-FKN-vpt-1.21.H,-38.13088083,145.13129254,1149
FKN,Frankston,2-FKN-vpt-1.21.H,-38.13198774,145.13080658,1150
FKN,Frankston,2-FKN-vpt-1.21.H,-38.13233066,145.13066754,1151
FKN,Frankston,2-FKN-vpt-1.21.H,-38.13312874,145.13036287,1152
FKN,Frankston,2-FKN-vpt-1.21.H,-38.13347316,145.13022116,1153
FKN,Frankston,2-FKN-vpt-1.21.H,-38.13612394,145.12906903,1154
FKN,Frankston,2-FKN-vpt-1.21.H,-38.13714302,145.12863168,1155
FKN,Frankston,2-FKN-vpt-1.21.H,-38.13889857,145.12786892,1156
FKN,Frankston,2-FKN-vpt-1.21.H,-38.13984789,145.12745945,1157
FKN,Frankston,2-FKN-vpt-1.21.H,-38.14088172,145.12700867,1158
FKN,Frankston,2-FKN-vpt-1.21.H,-38.14115249,145.12684907,1159
FKN,Frankston,2-FKN-vpt-1.21.H,-38.14147012,145.12669478,1160
FKN,Frankston,2-FKN-vpt-1.21.H,-38.14156459,145.12664615,1161
FKN,Frankston,2-FKN-vpt-1.21.H,-38.14177976,145.12649734,1162
FKN,Frankston,2-FKN-vpt-1.21.H,-38.14207088,145.12630823,1163
FKN,Frankston,2-FKN-vpt-1.21.H,-38.14234303,145.12614461,1164
FKN,Frankston,2-FKN-vpt-1.21.H,-38.14259934,145.12601048,1165
FKN,Frankston,2-FKN-vpt-1.21.H,-38.14266607,145.12597979,1166
GWY,Glen Waverley,2-GWY-vpt-1.10.H,-37.81812143,144.9664867,1
GWY,Glen Waverley,2-GWY-vpt-1.10.H,-37.8184701,144.96528216,2
GWY,Glen Waverley,2-GWY-vpt-1.10.H,-37.81854391,144.96504236,3
GWY,Glen Waverley,2-GWY-vpt-1.10.H,-37.81862789,144.96481751,4
GWY,Glen Waverley,2-GWY-vpt-1.10.H,-37.81880903,144.9643696,5
GWY,Glen Waverley,2-GWY-vpt-1.10.H,-37.81893359,144.96405264,6
GWY,Glen Waverley,2-GWY-vpt-1.10.H,-37.81897358,144.96394214,7
GWY,Glen Waverley,2-GWY-vpt-1.10.H,-37.81901284,144.9638153,8
GWY,Glen Waverley,2-GWY-vpt-1.10.H,-37.81907091,144.96360843,9
GWY,Glen Waverley,2-GWY-vpt-1.10.H,-37.81919961,144.96317673,10
GWY,Glen Waverley,2-GWY-vpt-1.10.H,-37.81925417,144.96297097,11
GWY,Glen Waverley,2-GWY-vpt-1.10.H,-37.81929249,144.96281064,12
GWY,Glen Waverley,2-GWY-vpt-1.10.H,-37.81932183,144.96267283,13
GWY,Glen Waverley,2-GWY-vpt-1.10.H,-37.81940712,144.96223244,14
GWY,Glen Waverley,2-GWY-vpt-1.10.H,-37.81942793,144.96210179,15
GWY,Glen Waverley,2-GWY-vpt-1.10.H,-37.81944599,144.96185932,16
GWY,Glen Waverley,2-GWY-vpt-1.10.H,-37.81944927,144.96174188,17
GWY,Glen Waverley,2-GWY-vpt-1.10.H,-37.81945579,144.96164991,18
GWY,Glen Waverley,2-GWY-vpt-1.10.H,-37.81945829,144.96149772,19
GWY,Glen Waverley,2-GWY-vpt-1.10.H,-37.81946797,144.96134375,20
GWY,Glen Waverley,2-GWY-vpt-1.10.H,-37.81947932,144.96122893,21
GWY,Glen Waverley,2-GWY-vpt-1.10.H,-37.81950067,144.96105646,22
GWY,Glen Waverley,2-GWY-vpt-1.10.H,-37.81952139,144.96091536,23
GWY,Glen Waverley,2-GWY-vpt-1.10.H,-37.81954426,144.96078466,24
GWY,Glen Waverley,2-GWY-vpt-1.10.H,-37.81960274,144.96050813,25
GWY,Glen Waverley,2-GWY-vpt-1.10.H,-37.8196652,144.96026432,26
GWY,Glen Waverley,2-GWY-vpt-1.10.H,-37.81985989,144.95959007,27
GWY,Glen Waverley,2-GWY-vpt-1.10.H,-37.81994529,144.95930257,28
GWY,Glen Waverley,2-GWY-vpt-1.10.H,-37.81997626,144.95920175,29
GWY,Glen Waverley,2-GWY-vpt-1.10.H,-37.82002151,144.95906713,30
GWY,Glen Waverley,2-GWY-vpt-1.10.H,-37.8201062,144.95883736,31
GWY,Glen Waverley,2-GWY-vpt-1.10.H,-37.82019916,144.95861668,32
GWY,Glen Waverley,2-GWY-vpt-1.10.H,-37.82026547,144.95847546,33
GWY,Glen Waverley,2-GWY-vpt-1.10.H,-37.82030607,144.95839516,34
GWY,Glen Waverley,2-GWY-vpt-1.10.H,-37.82042053,144.95818763,35
GWY,Glen Waverley,2-GWY-vpt-1.10.H,-37.82051917,144.95802428,36
GWY,Glen Waverley,2-GWY-vpt-1.10.H,-37.82080351,144.95758906,37
GWY,Glen Waverley,2-GWY-vpt-1.10.H,-37.82086596,144.9574851,38
GWY,Glen Waverley,2-GWY-vpt-1.10.H,-37.82095527,144.95731938,39
GWY,Glen Waverley,2-GWY-vpt-1.10.H,-37.82100248,144.95721993,40
GWY,Glen Waverley,2-GWY-vpt-1.10.H,-37.82107394,144.95704834,41
GWY,Glen Waverley,2-GWY-vpt-1.10.H,-37.82114459,144.95684054,42
GWY,Glen Waverley,2-GWY-vpt-1.10.H,-37.82118551,144.95669559,43
GWY,Glen Waverley,2-GWY-vpt-1.10.H,-37.82122891,144.95649615,44
GWY,Glen Waverley,2-GWY-vpt-1.10.H,-37.82124548,144.95639675,45
GWY,Glen Waverley,2-GWY-vpt-1.10.H,-37.82126561,144.95622703,46
GWY,Glen Waverley,2-GWY-vpt-1.10.H,-37.82128101,144.95601882,47
GWY,Glen Waverley,2-GWY-vpt-1.10.H,-37.82128408,144.95588446,48
GWY,Glen Waverley,2-GWY-vpt-1.10.H,-37.82127749,144.95566595,49
GWY,Glen Waverley,2-GWY-vpt-1.10.H,-37.82126971,144.95556551,50
GWY,Glen Waverley,2-GWY-vpt-1.10.H,-37.82125042,144.95539893,51
GWY,Glen Waverley,2-GWY-vpt-1.10.H,-37.82123518,144.95530006,52
GWY,Glen Waverley,2-GWY-vpt-1.10.H,-37.82118721,144.95508564,53
GWY,Glen Waverley,2-GWY-vpt-1.10.H,-37.82115496,144.9549618,54
GWY,Glen Waverley,2-GWY-vpt-1.10.H,-37.8210875,144.95475656,55
GWY,Glen Waverley,2-GWY-vpt-1.10.H,-37.82105581,144.95466995,56
GWY,Glen Waverley,2-GWY-vpt-1.10.H,-37.8209654,144.95447148,57
GWY,Glen Waverley,2-GWY-vpt-1.10.H,-37.82088354,144.95431935,58
GWY,Glen Waverley,2-GWY-vpt-1.10.H,-37.82083611,144.95423978,59
GWY,Glen Waverley,2-GWY-vpt-1.10.H,-37.82070413,144.95403984,60
GWY,Glen Waverley,2-GWY-vpt-1.10.H,-37.82054478,144.95382078,61
GWY,Glen Waverley,2-GWY-vpt-1.10.H,-37.82045473,144.95370535,62
GWY,Glen Waverley,2-GWY-vpt-1.10.H,-37.82033224,144.95356968,63
GWY,Glen Waverley,2-GWY-vpt-1.10.H,-37.82018557,144.95338015,64
GWY,Glen Waverley,2-GWY-vpt-1.10.H,-37.820137,144.95331288,65
GWY,Glen Waverley,2-GWY-vpt-1.10.H,-37.81998401,144.95317464,66
GWY,Glen Waverley,2-GWY-vpt-1.10.H,-37.8198604,144.95307775,67
GWY,Glen Waverley,2-GWY-vpt-1.10.H,-37.81975173,144.95300043,68
GWY,Glen Waverley,2-GWY-vpt-1.10.H,-37.81941137,144.95276843,69
GWY,Glen Waverley,2-GWY-vpt-1.10.H,-37.8192285,144.95265795,70
GWY,Glen Waverley,2-GWY-vpt-1.10.H,-37.81913511,144.95259441,71
GWY,Glen Waverley,2-GWY-vpt-1.10.H,-37.81902181,144.95251019,72
GWY,Glen Waverley,2-GWY-vpt-1.10.H,-37.8183531,144.95197929,73
GWY,Glen Waverley,2-GWY-vpt-1.10.H,-37.81800824,144.95170573,74
GWY,Glen Waverley,2-GWY-vpt-1.10.H,-37.81788329,144.9516099,75
GWY,Glen Waverley,2-GWY-vpt-1.10.H,-37.81770409,144.95147762,76
GWY,Glen Waverley,2-GWY-vpt-1.10.H,-37.81651369,144.9505019,77
GWY,Glen Waverley,2-GWY-vpt-1.10.H,-37.81627214,144.95031353,78
GWY,Glen Waverley,2-GWY-vpt-1.10.H,-37.81604506,144.95016918,79
GWY,Glen Waverley,2-GWY-vpt-1.10.H,-37.81585539,144.95007764,80
GWY,Glen Waverley,2-GWY-vpt-1.10.H,-37.81570968,144.95001636,81
GWY,Glen Waverley,2-GWY-vpt-1.10.H,-37.81552007,144.94996412,82
GWY,Glen Waverley,2-GWY-vpt-1.10.H,-37.81535367,144.9499359,83
GWY,Glen Waverley,2-GWY-vpt-1.10.H,-37.81513588,144.94992193,84
GWY,Glen Waverley,2-GWY-vpt-1.10.H,-37.81493126,144.94992929,85
GWY,Glen Waverley,2-GWY-vpt-1.10.H,-37.81473111,144.94996516,86
GWY,Glen Waverley,2-GWY-vpt-1.10.H,-37.81450064,144.95003061,87
GWY,Glen Waverley,2-GWY-vpt-1.10.H,-37.8143072,144.95011559,88
GWY,Glen Waverley,2-GWY-vpt-1.10.H,-37.8141178,144.95022056,89
GWY,Glen Waverley,2-GWY-vpt-1.10.H,-37.81395628,144.95033294,90
GWY,Glen Waverley,2-GWY-vpt-1.10.H,-37.81377729,144.95048182,91
GWY,Glen Waverley,2-GWY-vpt-1.10.H,-37.81362997,144.95063334,92
GWY,Glen Waverley,2-GWY-vpt-1.10.H,-37.81347319,144.95082646,93
GWY,Glen Waverley,2-GWY-vpt-1.10.H,-37.81333227,144.95104505,94
GWY,Glen Waverley,2-GWY-vpt-1.10.H,-37.81320192,144.95128107,95
GWY,Glen Waverley,2-GWY-vpt-1.10.H,-37.81310774,144.95149836,96
GWY,Glen Waverley,2-GWY-vpt-1.10.H,-37.81298212,144.95181467,97
GWY,Glen Waverley,2-GWY-vpt-1.10.H,-37.81278112,144.95239261,98
GWY,Glen Waverley,2-GWY-vpt-1.10.H,-37.81272533,144.95257374,99
GWY,Glen Waverley,2-GWY-vpt-1.10.H,-37.81226553,144.95420592,100
GWY,Glen Waverley,2-GWY-vpt-1.10.H,-37.81199681,144.95514036,101
GWY,Glen Waverley,2-GWY-vpt-1.10.H,-37.8105657,144.96016696,102
GWY,Glen Waverley,2-GWY-vpt-1.10.H,-37.81017086,144.96153907,103
GWY,Glen Waverley,2-GWY-vpt-1.10.H,-37.80990601,144.96248675,104
GWY,Glen Waverley,2-GWY-vpt-1.10.H,-37.80867589,144.96669316,105
GWY,Glen Waverley,2-GWY-vpt-1.10.H,-37.80823661,144.96818387,106
GWY,Glen Waverley,2-GWY-vpt-1.10.H,-37.80813263,144.96860267,107
GWY,Glen Waverley,2-GWY-vpt-1.10.H,-37.80808979,144.96888269,108
GWY,Glen Waverley,2-GWY-vpt-1.10.H,-37.80806749,144.96910525,109
GWY,Glen Waverley,2-GWY-vpt-1.10.H,-37.80805596,144.96938748,110
GWY,Glen Waverley,2-GWY-vpt-1.10.H,-37.80806295,144.96963116,111
GWY,Glen Waverley,2-GWY-vpt-1.10.H,-37.80807133,144.96972998,112
GWY,Glen Waverley,2-GWY-vpt-1.10.H,-37.80809134,144.96991321,113
GWY,Glen Waverley,2-GWY-vpt-1.10.H,-37.80812909,144.97015843,114
GWY,Glen Waverley,2-GWY-vpt-1.10.H,-37.80819009,144.97044004,115
GWY,Glen Waverley,2-GWY-vpt-1.10.H,-37.80826217,144.970685,116
GWY,Glen Waverley,2-GWY-vpt-1.10.H,-37.80836254,144.97094043,117
GWY,Glen Waverley,2-GWY-vpt-1.10.H,-37.80848607,144.97121591,118
GWY,Glen Waverley,2-GWY-vpt-1.10.H,-37.80865331,144.97150824,119
GWY,Glen Waverley,2-GWY-vpt-1.10.H,-37.80879723,144.97170183,120
GWY,Glen Waverley,2-GWY-vpt-1.10.H,-37.80898189,144.97192702,121
GWY,Glen Waverley,2-GWY-vpt-1.10.H,-37.80919889,144.97214144,122
GWY,Glen Waverley,2-GWY-vpt-1.10.H,-37.80942859,144.97232383,123
GWY,Glen Waverley,2-GWY-vpt-1.10.H,-37.80972417,144.97249634,124
GWY,Glen Waverley,2-GWY-vpt-1.10.H,-37.81022728,144.97276735,125
GWY,Glen Waverley,2-GWY-vpt-1.10.H,-37.81091872,144.97309,126
GWY,Glen Waverley,2-GWY-vpt-1.10.H,-37.81156392,144.97339132,127
GWY,Glen Waverley,2-GWY-vpt-1.10.H,-37.81197582,144.97356794,128
GWY,Glen Waverley,2-GWY-vpt-1.10.H,-37.81274642,144.97393444,129
GWY,Glen Waverley,2-GWY-vpt-1.10.H,-37.81559533,144.97529764,130
GWY,Glen Waverley,2-GWY-vpt-1.10.H,-37.81605208,144.97551997,131
GWY,Glen Waverley,2-GWY-vpt-1.10.H,-37.81628819,144.97565097,132
GWY,Glen Waverley,2-GWY-vpt-1.10.H,-37.81653498,144.97581088,133
GWY,Glen Waverley,2-GWY-vpt-1.10.H,-37.81674371,144.97596399,134
GWY,Glen Waverley,2-GWY-vpt-1.10.H,-37.81699069,144.97616627,135
GWY,Glen Waverley,2-GWY-vpt-1.10.H,-37.81726073,144.97642608,136
GWY,Glen Waverley,2-GWY-vpt-1.10.H,-37.8174859,144.97668109,137
GWY,Glen Waverley,2-GWY-vpt-1.10.H,-37.81769058,144.9769444,138
GWY,Glen Waverley,2-GWY-vpt-1.10.H,-37.8178188,144.97712197,139
GWY,Glen Waverley,2-GWY-vpt-1.10.H,-37.81795646,144.97732417,140
GWY,Glen Waverley,2-GWY-vpt-1.10.H,-37.81808258,144.97752635,141
GWY,Glen Waverley,2-GWY-vpt-1.10.H,-37.81825757,144.97781909,142
GWY,Glen Waverley,2-GWY-vpt-1.10.H,-37.81907092,144.97920159,143
GWY,Glen Waverley,2-GWY-vpt-1.10.H,-37.81938481,144.97981694,144
GWY,Glen Waverley,2-GWY-vpt-1.10.H,-37.81949137,144.98000295,145
GWY,Glen Waverley,2-GWY-vpt-1.10.H,-37.82021636,144.98122658,146
GWY,Glen Waverley,2-GWY-vpt-1.10.H,-37.82052108,144.98169667,147
GWY,Glen Waverley,2-GWY-vpt-1.10.H,-37.82110214,144.98262615,148
GWY,Glen Waverley,2-GWY-vpt-1.10.H,-37.82133772,144.98304735,149
GWY,Glen Waverley,2-GWY-vpt-1.10.H,-37.82163082,144.98359695,150
GWY,Glen Waverley,2-GWY-vpt-1.10.H,-37.82181463,144.98397435,151
GWY,Glen Waverley,2-GWY-vpt-1.10.H,-37.82203863,144.98446142,152
GWY,Glen Waverley,2-GWY-vpt-1.10.H,-37.8222555,144.98495926,153
GWY,Glen Waverley,2-GWY-vpt-1.10.H,-37.82254202,144.98563005,154
GWY,Glen Waverley,2-GWY-vpt-1.10.H,-37.82285008,144.98640136,155
GWY,Glen Waverley,2-GWY-vpt-1.10.H,-37.82295996,144.98673545,156
GWY,Glen Waverley,2-GWY-vpt-1.10.H,-37.82306548,144.98717725,157
GWY,Glen Waverley,2-GWY-vpt-1.10.H,-37.82320909,144.98780285,158
GWY,Glen Waverley,2-GWY-vpt-1.10.H,-37.82326947,144.98805047,159
GWY,Glen Waverley,2-GWY-vpt-1.10.H,-37.82338853,144.98847861,160
GWY,Glen Waverley,2-GWY-vpt-1.10.H,-37.82371683,144.9896868,161
GWY,Glen Waverley,2-GWY-vpt-1.10.H,-37.82390996,144.99039458,162
GWY,Glen Waverley,2-GWY-vpt-1.10.H,-37.82399331,144.99065805,163
GWY,Glen Waverley,2-GWY-vpt-1.10.H,-37.82408594,144.99090059,164
GWY,Glen Waverley,2-GWY-vpt-1.10.H,-37.82422729,144.99122021,165
GWY,Glen Waverley,2-GWY-vpt-1.10.H,-37.82435868,144.99146284,166
GWY,Glen Waverley,2-GWY-vpt-1.10.H,-37.82449241,144.99168451,167
GWY,Glen Waverley,2-GWY-vpt-1.10.H,-37.82465611,144.9919199,168
GWY,Glen Waverley,2-GWY-vpt-1.10.H,-37.8249474,144.99228579,169
GWY,Glen Waverley,2-GWY-vpt-1.10.H,-37.82536343,144.99281758,170
GWY,Glen Waverley,2-GWY-vpt-1.10.H,-37.82552479,144.99303157,171
GWY,Glen Waverley,2-GWY-vpt-1.10.H,-37.82561677,144.99316723,172
GWY,Glen Waverley,2-GWY-vpt-1.10.H,-37.82569471,144.99329362,173
GWY,Glen Waverley,2-GWY-vpt-1.10.H,-37.82574124,144.99337438,174
GWY,Glen Waverley,2-GWY-vpt-1.10.H,-37.82581958,144.99352405,175
GWY,Glen Waverley,2-GWY-vpt-1.10.H,-37.82584563,144.9935772,176
GWY,Glen Waverley,2-GWY-vpt-1.10.H,-37.82591814,144.99374452,177
GWY,Glen Waverley,2-GWY-vpt-1.10.H,-37.82596714,144.99387566,178
GWY,Glen Waverley,2-GWY-vpt-1.10.H,-37.82601692,144.99402576,179
GWY,Glen Waverley,2-GWY-vpt-1.10.H,-37.82606169,144.9941886,180
GWY,Glen Waverley,2-GWY-vpt-1.10.H,-37.8261217,144.99446295,181
GWY,Glen Waverley,2-GWY-vpt-1.10.H,-37.82615679,144.9946715,182
GWY,Glen Waverley,2-GWY-vpt-1.10.H,-37.82618403,144.99488947,183
GWY,Glen Waverley,2-GWY-vpt-1.10.H,-37.82620116,144.99504375,184
GWY,Glen Waverley,2-GWY-vpt-1.10.H,-37.82620702,144.99511812,185
GWY,Glen Waverley,2-GWY-vpt-1.10.H,-37.82621541,144.99527218,186
GWY,Glen Waverley,2-GWY-vpt-1.10.H,-37.8262226,144.99550898,187
GWY,Glen Waverley,2-GWY-vpt-1.10.H,-37.82623326,144.99565855,188
GWY,Glen Waverley,2-GWY-vpt-1.10.H,-37.82625814,144.99591305,189
GWY,Glen Waverley,2-GWY-vpt-1.10.H,-37.8263572,144.9967777,190
GWY,Glen Waverley,2-GWY-vpt-1.10.H,-37.82639476,144.9971365,191
GWY,Glen Waverley,2-GWY-vpt-1.10.H,-37.8265632,144.99864756,192
GWY,Glen Waverley,2-GWY-vpt-1.10.H,-37.82662888,144.99927248,193
GWY,Glen Waverley,2-GWY-vpt-1.10.H,-37.82683262,145.00108038,194
GWY,Glen Waverley,2-GWY-vpt-1.10.H,-37.82719231,145.00432803,195
GWY,Glen Waverley,2-GWY-vpt-1.10.H,-37.82724123,145.00480594,196
GWY,Glen Waverley,2-GWY-vpt-1.10.H,-37.82729974,145.00555707,197
GWY,Glen Waverley,2-GWY-vpt-1.10.H,-37.82732592,145.00593777,198
GWY,Glen Waverley,2-GWY-vpt-1.10.H,-37.82736514,145.00645514,199
GWY,Glen Waverley,2-GWY-vpt-1.10.H,-37.82740958,145.0071528,200
GWY,Glen Waverley,2-GWY-vpt-1.10.H,-37.82745305,145.00768198,201
GWY,Glen Waverley,2-GWY-vpt-1.10.H,-37.82745363,145.00768947,202
GWY,Glen Waverley,2-GWY-vpt-1.10.H,-37.82749432,145.00813988,203
GWY,Glen Waverley,2-GWY-vpt-1.10.H,-37.82760561,145.00926373,204
GWY,Glen Waverley,2-GWY-vpt-1.10.H,-37.82766703,145.0095601,205
GWY,Glen Waverley,2-GWY-vpt-1.10.H,-37.82772183,145.00986925,206
GWY,Glen Waverley,2-GWY-vpt-1.10.H,-37.82775491,145.01008855,207
GWY,Glen Waverley,2-GWY-vpt-1.10.H,-37.82777929,145.01034206,208
GWY,Glen Waverley,2-GWY-vpt-1.10.H,-37.82779217,145.01052316,209
GWY,Glen Waverley,2-GWY-vpt-1.10.H,-37.82780074,145.01079004,210
GWY,Glen Waverley,2-GWY-vpt-1.10.H,-37.82780388,145.01109842,211
GWY,Glen Waverley,2-GWY-vpt-1.10.H,-37.82779222,145.01137414,212
GWY,Glen Waverley,2-GWY-vpt-1.10.H,-37.82776782,145.01180245,213
GWY,Glen Waverley,2-GWY-vpt-1.10.H,-37.82769336,145.01258567,214
GWY,Glen Waverley,2-GWY-vpt-1.10.H,-37.82763908,145.01311794,215
GWY,Glen Waverley,2-GWY-vpt-1.10.H,-37.8276256,145.01330668,216
GWY,Glen Waverley,2-GWY-vpt-1.10.H,-37.82762528,145.01421744,217
GWY,Glen Waverley,2-GWY-vpt-1.10.H,-37.82765374,145.0153976,218
GWY,Glen Waverley,2-GWY-vpt-1.10.H,-37.82767439,145.01639266,219
GWY,Glen Waverley,2-GWY-vpt-1.10.H,-37.82769026,145.01667696,220
GWY,Glen Waverley,2-GWY-vpt-1.10.H,-37.82771364,145.0169038,221
GWY,Glen Waverley,2-GWY-vpt-1.10.H,-37.82775811,145.01724902,222
GWY,Glen Waverley,2-GWY-vpt-1.10.H,-37.82785178,145.01773847,223
GWY,Glen Waverley,2-GWY-vpt-1.10.H,-37.82793706,145.01803955,224
GWY,Glen Waverley,2-GWY-vpt-1.10.H,-37.82801706,145.01826282,225
GWY,Glen Waverley,2-GWY-vpt-1.10.H,-37.8281214,145.01850829,226
GWY,Glen Waverley,2-GWY-vpt-1.10.H,-37.828195,145.0186564,227
GWY,Glen Waverley,2-GWY-vpt-1.10.H,-37.82827608,145.01879989,228
GWY,Glen Waverley,2-GWY-vpt-1.10.H,-37.82840261,145.01899784,229
GWY,Glen Waverley,2-GWY-vpt-1.10.H,-37.8285462,145.01920362,230
GWY,Glen Waverley,2-GWY-vpt-1.10.H,-37.82867653,145.01937056,231
GWY,Glen Waverley,2-GWY-vpt-1.10.H,-37.82883531,145.01955765,232
GWY,Glen Waverley,2-GWY-vpt-1.10.H,-37.8290144,145.01974681,233
GWY,Glen Waverley,2-GWY-vpt-1.10.H,-37.82917267,145.0198929,234
GWY,Glen Waverley,2-GWY-vpt-1.10.H,-37.82932951,145.02001834,235
GWY,Glen Waverley,2-GWY-vpt-1.10.H,-37.82950431,145.02013967,236
GWY,Glen Waverley,2-GWY-vpt-1.10.H,-37.82967476,145.02024362,237
GWY,Glen Waverley,2-GWY-vpt-1.10.H,-37.82988718,145.02035156,238
GWY,Glen Waverley,2-GWY-vpt-1.10.H,-37.83006886,145.02043215,239
GWY,Glen Waverley,2-GWY-vpt-1.10.H,-37.83284879,145.02151829,240
GWY,Glen Waverley,2-GWY-vpt-1.10.H,-37.83303986,145.02160545,241
GWY,Glen Waverley,2-GWY-vpt-1.10.H,-37.83321207,145.02169073,242
GWY,Glen Waverley,2-GWY-vpt-1.10.H,-37.83340522,145.02180499,243
GWY,Glen Waverley,2-GWY-vpt-1.10.H,-37.83356096,145.02190229,244
GWY,Glen Waverley,2-GWY-vpt-1.10.H,-37.83399695,145.02219755,245
GWY,Glen Waverley,2-GWY-vpt-1.10.H,-37.83418907,145.0223415,246
GWY,Glen Waverley,2-GWY-vpt-1.10.H,-37.83431903,145.0224437,247
GWY,Glen Waverley,2-GWY-vpt-1.10.H,-37.83446018,145.02256344,248
GWY,Glen Waverley,2-GWY-vpt-1.10.H,-37.83463501,145.0227191,249
GWY,Glen Waverley,2-GWY-vpt-1.10.H,-37.83466346,145.02274436,250
GWY,Glen Waverley,2-GWY-vpt-1.10.H,-37.83485909,145.02294197,251
GWY,Glen Waverley,2-GWY-vpt-1.10.H,-37.83502064,145.02311707,252
GWY,Glen Waverley,2-GWY-vpt-1.10.H,-37.83527098,145.02341707,253
GWY,Glen Waverley,2-GWY-vpt-1.10.H,-37.83552047,145.02373096,254
GWY,Glen Waverley,2-GWY-vpt-1.10.H,-37.83570841,145.02395899,255
GWY,Glen Waverley,2-GWY-vpt-1.10.H,-37.83587252,145.02415278,256
GWY,Glen Waverley,2-GWY-vpt-1.10.H,-37.83602623,145.02431185,257
GWY,Glen Waverley,2-GWY-vpt-1.10.H,-37.83614434,145.0244229,258
GWY,Glen Waverley,2-GWY-vpt-1.10.H,-37.83626078,145.02452501,259
GWY,Glen Waverley,2-GWY-vpt-1.10.H,-37.83639209,145.02462764,260
GWY,Glen Waverley,2-GWY-vpt-1.10.H,-37.83656416,145.02475304,261
GWY,Glen Waverley,2-GWY-vpt-1.10.H,-37.83686448,145.02492264,262
GWY,Glen Waverley,2-GWY-vpt-1.10.H,-37.83707264,145.02503458,263
GWY,Glen Waverley,2-GWY-vpt-1.10.H,-37.83725482,145.02513994,264
GWY,Glen Waverley,2-GWY-vpt-1.10.H,-37.83742687,145.02525319,265
GWY,Glen Waverley,2-GWY-vpt-1.10.H,-37.83759263,145.02536785,266
GWY,Glen Waverley,2-GWY-vpt-1.10.H,-37.83775791,145.02550799,267
GWY,Glen Waverley,2-GWY-vpt-1.10.H,-37.83790622,145.02564084,268
GWY,Glen Waverley,2-GWY-vpt-1.10.H,-37.83801052,145.02575011,269
GWY,Glen Waverley,2-GWY-vpt-1.10.H,-37.83813763,145.02589285,270
GWY,Glen Waverley,2-GWY-vpt-1.10.H,-37.83828159,145.02607264,271
GWY,Glen Waverley,2-GWY-vpt-1.10.H,-37.83850936,145.0263919,272
GWY,Glen Waverley,2-GWY-vpt-1.10.H,-37.83869204,145.02670429,273
GWY,Glen Waverley,2-GWY-vpt-1.10.H,-37.83883451,145.02700004,274
GWY,Glen Waverley,2-GWY-vpt-1.10.H,-37.83891663,145.02719455,275
GWY,Glen Waverley,2-GWY-vpt-1.10.H,-37.83898806,145.02738094,276
GWY,Glen Waverley,2-GWY-vpt-1.10.H,-37.83906744,145.02762245,277
GWY,Glen Waverley,2-GWY-vpt-1.10.H,-37.83910772,145.0277616,278
GWY,Glen Waverley,2-GWY-vpt-1.10.H,-37.83914846,145.02791801,279
GWY,Glen Waverley,2-GWY-vpt-1.10.H,-37.83922738,145.02829886,280
GWY,Glen Waverley,2-GWY-vpt-1.10.H,-37.83927031,145.02861328,281
GWY,Glen Waverley,2-GWY-vpt-1.10.H,-37.83931321,145.02901167,282
GWY,Glen Waverley,2-GWY-vpt-1.10.H,-37.83934873,145.02938379,283
GWY,Glen Waverley,2-GWY-vpt-1.10.H,-37.8394255,145.03011537,284
GWY,Glen Waverley,2-GWY-vpt-1.10.H,-37.83963319,145.03216675,285
GWY,Glen Waverley,2-GWY-vpt-1.10.H,-37.83967148,145.03251607,286
GWY,Glen Waverley,2-GWY-vpt-1.10.H,-37.83969238,145.03267233,287
GWY,Glen Waverley,2-GWY-vpt-1.10.H,-37.83975521,145.03302907,288
GWY,Glen Waverley,2-GWY-vpt-1.10.H,-37.83981423,145.03333068,289
GWY,Glen Waverley,2-GWY-vpt-1.10.H,-37.8398293,145.0333913,290
GWY,Glen Waverley,2-GWY-vpt-1.10.H,-37.83977609,145.0331409,291
GWY,Glen Waverley,2-GWY-vpt-1.10.H,-37.83982445,145.03335495,292
GWY,Glen Waverley,2-GWY-vpt-1.10.H,-37.83988854,145.03359859,293
GWY,Glen Waverley,2-GWY-vpt-1.10.H,-37.83995822,145.03383696,294
GWY,Glen Waverley,2-GWY-vpt-1.10.H,-37.84003479,145.03407231,295
GWY,Glen Waverley,2-GWY-vpt-1.10.H,-37.84013423,145.03433376,296
GWY,Glen Waverley,2-GWY-vpt-1.10.H,-37.8402251,145.03455703,297
GWY,Glen Waverley,2-GWY-vpt-1.10.H,-37.84032439,145.03478235,298
GWY,Glen Waverley,2-GWY-vpt-1.10.H,-37.84040769,145.03495741,299
GWY,Glen Waverley,2-GWY-vpt-1.10.H,-37.84050386,145.03514724,300
GWY,Glen Waverley,2-GWY-vpt-1.10.H,-37.84059314,145.03531294,301
GWY,Glen Waverley,2-GWY-vpt-1.10.H,-37.8407562,145.03560123,302
GWY,Glen Waverley,2-GWY-vpt-1.10.H,-37.84085578,145.03575745,303
GWY,Glen Waverley,2-GWY-vpt-1.10.H,-37.84099511,145.03595785,304
GWY,Glen Waverley,2-GWY-vpt-1.10.H,-37.84127629,145.03632619,305
GWY,Glen Waverley,2-GWY-vpt-1.10.H,-37.84149519,145.03657459,306
GWY,Glen Waverley,2-GWY-vpt-1.10.H,-37.84183843,145.03691924,307
GWY,Glen Waverley,2-GWY-vpt-1.10.H,-37.84218908,145.03721132,308
GWY,Glen Waverley,2-GWY-vpt-1.10.H,-37.84260323,145.03752819,309
GWY,Glen Waverley,2-GWY-vpt-1.10.H,-37.84301621,145.03781816,310
GWY,Glen Waverley,2-GWY-vpt-1.10.H,-37.8433724,145.03804236,311
GWY,Glen Waverley,2-GWY-vpt-1.10.H,-37.84379112,145.03828196,312
GWY,Glen Waverley,2-GWY-vpt-1.10.H,-37.84401813,145.03840118,313
GWY,Glen Waverley,2-GWY-vpt-1.10.H,-37.84478822,145.03879784,314
GWY,Glen Waverley,2-GWY-vpt-1.10.H,-37.84596019,145.03939752,315
GWY,Glen Waverley,2-GWY-vpt-1.10.H,-37.84619197,145.03950025,316
GWY,Glen Waverley,2-GWY-vpt-1.10.H,-37.84669557,145.03971784,317
GWY,Glen Waverley,2-GWY-vpt-1.10.H,-37.84718462,145.03993832,318
GWY,Glen Waverley,2-GWY-vpt-1.10.H,-37.84744644,145.04007526,319
GWY,Glen Waverley,2-GWY-vpt-1.10.H,-37.84771922,145.04022635,320
GWY,Glen Waverley,2-GWY-vpt-1.10.H,-37.84808977,145.04050134,321
GWY,Glen Waverley,2-GWY-vpt-1.10.H,-37.8483186,145.04069178,322
GWY,Glen Waverley,2-GWY-vpt-1.10.H,-37.84853282,145.04088204,323
GWY,Glen Waverley,2-GWY-vpt-1.10.H,-37.84872948,145.04106186,324
GWY,Glen Waverley,2-GWY-vpt-1.10.H,-37.84898568,145.04133284,325
GWY,Glen Waverley,2-GWY-vpt-1.10.H,-37.84915117,145.04151848,326
GWY,Glen Waverley,2-GWY-vpt-1.10.H,-37.84932663,145.04173011,327
GWY,Glen Waverley,2-GWY-vpt-1.10.H,-37.84950544,145.04195859,328
GWY,Glen Waverley,2-GWY-vpt-1.10.H,-37.84971009,145.04223935,329
GWY,Glen Waverley,2-GWY-vpt-1.10.H,-37.8499252,145.04257564,330
GWY,Glen Waverley,2-GWY-vpt-1.10.H,-37.85005838,145.04279703,331
GWY,Glen Waverley,2-GWY-vpt-1.10.H,-37.85025548,145.04315005,332
GWY,Glen Waverley,2-GWY-vpt-1.10.H,-37.85044498,145.04352816,333
GWY,Glen Waverley,2-GWY-vpt-1.10.H,-37.85064091,145.04395201,334
GWY,Glen Waverley,2-GWY-vpt-1.10.H,-37.85079453,145.0443463,335
GWY,Glen Waverley,2-GWY-vpt-1.10.H,-37.85091309,145.04468561,336
GWY,Glen Waverley,2-GWY-vpt-1.10.H,-37.85111211,145.0452743,337
GWY,Glen Waverley,2-GWY-vpt-1.10.H,-37.85163523,145.04696142,338
GWY,Glen Waverley,2-GWY-vpt-1.10.H,-37.85184459,145.04766896,339
GWY,Glen Waverley,2-GWY-vpt-1.10.H,-37.85193788,145.04806645,340
GWY,Glen Waverley,2-GWY-vpt-1.10.H,-37.85197512,145.04824163,341
GWY,Glen Waverley,2-GWY-vpt-1.10.H,-37.85207026,145.04861543,342
GWY,Glen Waverley,2-GWY-vpt-1.10.H,-37.85216802,145.04894586,343
GWY,Glen Waverley,2-GWY-vpt-1.10.H,-37.85234687,145.04949305,344
GWY,Glen Waverley,2-GWY-vpt-1.10.H,-37.85282343,145.05090266,345
GWY,Glen Waverley,2-GWY-vpt-1.10.H,-37.85325446,145.05218745,346
GWY,Glen Waverley,2-GWY-vpt-1.10.H,-37.85333571,145.05240307,347
GWY,Glen Waverley,2-GWY-vpt-1.10.H,-37.85341774,145.05258947,348
GWY,Glen Waverley,2-GWY-vpt-1.10.H,-37.8535522,145.05286212,349
GWY,Glen Waverley,2-GWY-vpt-1.10.H,-37.85370294,145.05314911,350
GWY,Glen Waverley,2-GWY-vpt-1.10.H,-37.85382442,145.05336209,351
GWY,Glen Waverley,2-GWY-vpt-1.10.H,-37.85400683,145.05365155,352
GWY,Glen Waverley,2-GWY-vpt-1.10.H,-37.85414042,145.05384955,353
GWY,Glen Waverley,2-GWY-vpt-1.10.H,-37.85431648,145.05408736,354
GWY,Glen Waverley,2-GWY-vpt-1.10.H,-37.85452592,145.05434951,355
GWY,Glen Waverley,2-GWY-vpt-1.10.H,-37.85470422,145.05454884,356
GWY,Glen Waverley,2-GWY-vpt-1.10.H,-37.85486887,145.05472319,357
GWY,Glen Waverley,2-GWY-vpt-1.10.H,-37.855154,145.05499597,358
GWY,Glen Waverley,2-GWY-vpt-1.10.H,-37.85543362,145.05522936,359
GWY,Glen Waverley,2-GWY-vpt-1.10.H,-37.85631561,145.05587837,360
GWY,Glen Waverley,2-GWY-vpt-1.10.H,-37.85649557,145.05601981,361
GWY,Glen Waverley,2-GWY-vpt-1.10.H,-37.85686994,145.05629947,362
GWY,Glen Waverley,2-GWY-vpt-1.10.H,-37.85747131,145.05676947,363
GWY,Glen Waverley,2-GWY-vpt-1.10.H,-37.85791499,145.05714768,364
GWY,Glen Waverley,2-GWY-vpt-1.10.H,-37.85859194,145.05776381,365
GWY,Glen Waverley,2-GWY-vpt-1.10.H,-37.8586701,145.05783098,366
GWY,Glen Waverley,2-GWY-vpt-1.10.H,-37.85881522,145.05795311,367
GWY,Glen Waverley,2-GWY-vpt-1.10.H,-37.85917739,145.05822504,368
GWY,Glen Waverley,2-GWY-vpt-1.10.H,-37.85923185,145.05826521,369
GWY,Glen Waverley,2-GWY-vpt-1.10.H,-37.85938037,145.05837464,370
GWY,Glen Waverley,2-GWY-vpt-1.10.H,-37.85954049,145.05848854,371
GWY,Glen Waverley,2-GWY-vpt-1.10.H,-37.85970124,145.05859605,372
GWY,Glen Waverley,2-GWY-vpt-1.10.H,-37.85984221,145.05868533,373
GWY,Glen Waverley,2-GWY-vpt-1.10.H,-37.85990811,145.05871918,374
GWY,Glen Waverley,2-GWY-vpt-1.10.H,-37.86000453,145.05877348,375
GWY,Glen Waverley,2-GWY-vpt-1.10.H,-37.860264,145.05890058,376
GWY,Glen Waverley,2-GWY-vpt-1.10.H,-37.86049147,145.05900532,377
GWY,Glen Waverley,2-GWY-vpt-1.10.H,-37.86092557,145.05919637,378
GWY,Glen Waverley,2-GWY-vpt-1.10.H,-37.8614456,145.05937438,379
GWY,Glen Waverley,2-GWY-vpt-1.10.H,-37.86549588,145.06061563,380
GWY,Glen Waverley,2-GWY-vpt-1.10.H,-37.86577002,145.06070348,381
GWY,Glen Waverley,2-GWY-vpt-1.10.H,-37.86615327,145.06084428,382
GWY,Glen Waverley,2-GWY-vpt-1.10.H,-37.86645934,145.0609771,383
GWY,Glen Waverley,2-GWY-vpt-1.10.H,-37.8669685,145.06128819,384
GWY,Glen Waverley,2-GWY-vpt-1.10.H,-37.86721843,145.06145988,385
GWY,Glen Waverley,2-GWY-vpt-1.10.H,-37.8674936,145.06168651,386
GWY,Glen Waverley,2-GWY-vpt-1.10.H,-37.86787692,145.06201784,387
GWY,Glen Waverley,2-GWY-vpt-1.10.H,-37.86812041,145.06223097,388
GWY,Glen Waverley,2-GWY-vpt-1.10.H,-37.86832921,145.06242194,389
GWY,Glen Waverley,2-GWY-vpt-1.10.H,-37.86847836,145.06255366,390
GWY,Glen Waverley,2-GWY-vpt-1.10.H,-37.86865512,145.06270943,391
GWY,Glen Waverley,2-GWY-vpt-1.10.H,-37.86893284,145.06294895,392
GWY,Glen Waverley,2-GWY-vpt-1.10.H,-37.86939831,145.06335988,393
GWY,Glen Waverley,2-GWY-vpt-1.10.H,-37.86951447,145.06345847,394
GWY,Glen Waverley,2-GWY-vpt-1.10.H,-37.86966781,145.06358224,395
GWY,Glen Waverley,2-GWY-vpt-1.10.H,-37.8700085,145.06384229,396
GWY,Glen Waverley,2-GWY-vpt-1.10.H,-37.87038754,145.06409952,397
GWY,Glen Waverley,2-GWY-vpt-1.10.H,-37.87076073,145.0643253,398
GWY,Glen Waverley,2-GWY-vpt-1.10.H,-37.87089754,145.06440244,399
GWY,Glen Waverley,2-GWY-vpt-1.10.H,-37.87109998,145.06450832,400
GWY,Glen Waverley,2-GWY-vpt-1.10.H,-37.8712896,145.06460261,401
GWY,Glen Waverley,2-GWY-vpt-1.10.H,-37.87160097,145.06474555,402
GWY,Glen Waverley,2-GWY-vpt-1.10.H,-37.87355598,145.06556705,403
GWY,Glen Waverley,2-GWY-vpt-1.10.H,-37.87374111,145.065651,404
GWY,Glen Waverley,2-GWY-vpt-1.10.H,-37.8739687,145.06576328,405
GWY,Glen Waverley,2-GWY-vpt-1.10.H,-37.87415474,145.06586381,406
GWY,Glen Waverley,2-GWY-vpt-1.10.H,-37.87427794,145.06593573,407
GWY,Glen Waverley,2-GWY-vpt-1.10.H,-37.87447757,145.06606341,408
GWY,Glen Waverley,2-GWY-vpt-1.10.H,-37.87468764,145.06621117,409
GWY,Glen Waverley,2-GWY-vpt-1.10.H,-37.87485001,145.0663363,410
GWY,Glen Waverley,2-GWY-vpt-1.10.H,-37.87500716,145.06646714,411
GWY,Glen Waverley,2-GWY-vpt-1.10.H,-37.87521688,145.06665994,412
GWY,Glen Waverley,2-GWY-vpt-1.10.H,-37.87537621,145.06682415,413
GWY,Glen Waverley,2-GWY-vpt-1.10.H,-37.87553334,145.06700308,414
GWY,Glen Waverley,2-GWY-vpt-1.10.H,-37.87560601,145.06709293,415
GWY,Glen Waverley,2-GWY-vpt-1.10.H,-37.87569351,145.06720809,416
GWY,Glen Waverley,2-GWY-vpt-1.10.H,-37.87586122,145.06743847,417
GWY,Glen Waverley,2-GWY-vpt-1.10.H,-37.87616543,145.06788165,418
GWY,Glen Waverley,2-GWY-vpt-1.10.H,-37.87633753,145.06814353,419
GWY,Glen Waverley,2-GWY-vpt-1.10.H,-37.87644702,145.06832986,420
GWY,Glen Waverley,2-GWY-vpt-1.10.H,-37.87652713,145.06848318,421
GWY,Glen Waverley,2-GWY-vpt-1.10.H,-37.87660591,145.06864359,422
GWY,Glen Waverley,2-GWY-vpt-1.10.H,-37.87668636,145.0688176,423
GWY,Glen Waverley,2-GWY-vpt-1.10.H,-37.87683263,145.06918101,424
GWY,Glen Waverley,2-GWY-vpt-1.10.H,-37.87711424,145.0699055,425
GWY,Glen Waverley,2-GWY-vpt-1.10.H,-37.87718624,145.07010269,426
GWY,Glen Waverley,2-GWY-vpt-1.10.H,-37.87724774,145.07029778,427
GWY,Glen Waverley,2-GWY-vpt-1.10.H,-37.87730186,145.07049294,428
GWY,Glen Waverley,2-GWY-vpt-1.10.H,-37.87733617,145.07062882,429
GWY,Glen Waverley,2-GWY-vpt-1.10.H,-37.87738021,145.07083084,430
GWY,Glen Waverley,2-GWY-vpt-1.10.H,-37.87741637,145.07103023,431
GWY,Glen Waverley,2-GWY-vpt-1.10.H,-37.87743901,145.07117994,432
GWY,Glen Waverley,2-GWY-vpt-1.10.H,-37.87746261,145.07138772,433
GWY,Glen Waverley,2-GWY-vpt-1.10.H,-37.87747632,145.07157041,434
GWY,Glen Waverley,2-GWY-vpt-1.10.H,-37.877484,145.07181318,435
GWY,Glen Waverley,2-GWY-vpt-1.10.H,-37.87748364,145.07197281,436
GWY,Glen Waverley,2-GWY-vpt-1.10.H,-37.87747529,145.07218359,437
GWY,Glen Waverley,2-GWY-vpt-1.10.H,-37.87745624,145.07246775,438
GWY,Glen Waverley,2-GWY-vpt-1.10.H,-37.87743648,145.07269725,439
GWY,Glen Waverley,2-GWY-vpt-1.10.H,-37.87729802,145.07417023,440
GWY,Glen Waverley,2-GWY-vpt-1.10.H,-37.8772659,145.07456467,441
GWY,Glen Waverley,2-GWY-vpt-1.10.H,-37.87724143,145.07502475,442
GWY,Glen Waverley,2-GWY-vpt-1.10.H,-37.87720934,145.07592785,443
GWY,Glen Waverley,2-GWY-vpt-1.10.H,-37.87719482,145.07624669,444
GWY,Glen Waverley,2-GWY-vpt-1.10.H,-37.87716486,145.07669644,445
GWY,Glen Waverley,2-GWY-vpt-1.10.H,-37.87702254,145.07851002,446
GWY,Glen Waverley,2-GWY-vpt-1.10.H,-37.87692837,145.07976389,447
GWY,Glen Waverley,2-GWY-vpt-1.10.H,-37.87684929,145.08044571,448
GWY,Glen Waverley,2-GWY-vpt-1.10.H,-37.87682541,145.08062313,449
GWY,Glen Waverley,2-GWY-vpt-1.10.H,-37.87679664,145.08080908,450
GWY,Glen Waverley,2-GWY-vpt-1.10.H,-37.87674306,145.08112119,451
GWY,Glen Waverley,2-GWY-vpt-1.10.H,-37.87669507,145.08137267,452
GWY,Glen Waverley,2-GWY-vpt-1.10.H,-37.87663659,145.08165535,453
GWY,Glen Waverley,2-GWY-vpt-1.10.H,-37.87658588,145.08188349,454
GWY,Glen Waverley,2-GWY-vpt-1.10.H,-37.87628366,145.08312454,455
GWY,Glen Waverley,2-GWY-vpt-1.10.H,-37.87501977,145.08824494,456
GWY,Glen Waverley,2-GWY-vpt-1.10.H,-37.87493787,145.08856255,457
GWY,Glen Waverley,2-GWY-vpt-1.10.H,-37.87482844,145.08894385,458
GWY,Glen Waverley,2-GWY-vpt-1.10.H,-37.87471572,145.08931683,459
GWY,Glen Waverley,2-GWY-vpt-1.10.H,-37.87456439,145.08980415,460
GWY,Glen Waverley,2-GWY-vpt-1.10.H,-37.87444154,145.0902473,461
GWY,Glen Waverley,2-GWY-vpt-1.10.H,-37.87441943,145.09033996,462
GWY,Glen Waverley,2-GWY-vpt-1.10.H,-37.87439539,145.09044096,463
GWY,Glen Waverley,2-GWY-vpt-1.10.H,-37.87435754,145.09061884,464
GWY,Glen Waverley,2-GWY-vpt-1.10.H,-37.87433729,145.09072578,465
GWY,Glen Waverley,2-GWY-vpt-1.10.H,-37.87430262,145.09093836,466
GWY,Glen Waverley,2-GWY-vpt-1.10.H,-37.87426997,145.09115931,467
GWY,Glen Waverley,2-GWY-vpt-1.10.H,-37.87425612,145.09126085,468
GWY,Glen Waverley,2-GWY-vpt-1.10.H,-37.87422214,145.09158824,469
GWY,Glen Waverley,2-GWY-vpt-1.10.H,-37.87420512,145.09179514,470
GWY,Glen Waverley,2-GWY-vpt-1.10.H,-37.87412703,145.09283695,471
GWY,Glen Waverley,2-GWY-vpt-1.10.H,-37.87411346,145.0929785,472
GWY,Glen Waverley,2-GWY-vpt-1.10.H,-37.87408837,145.09337149,473
GWY,Glen Waverley,2-GWY-vpt-1.10.H,-37.87403239,145.09413238,474
GWY,Glen Waverley,2-GWY-vpt-1.10.H,-37.87390409,145.09583215,475
GWY,Glen Waverley,2-GWY-vpt-1.10.H,-37.87385707,145.09649104,476
GWY,Glen Waverley,2-GWY-vpt-1.10.H,-37.87352378,145.10095199,477
GWY,Glen Waverley,2-GWY-vpt-1.10.H,-37.87333358,145.10353066,478
GWY,Glen Waverley,2-GWY-vpt-1.10.H,-37.87304039,145.10744232,479
GWY,Glen Waverley,2-GWY-vpt-1.10.H,-37.87299148,145.10816094,480
GWY,Glen Waverley,2-GWY-vpt-1.10.H,-37.87298164,145.10838458,481
GWY,Glen Waverley,2-GWY-vpt-1.10.H,-37.87297733,145.10856477,482
GWY,Glen Waverley,2-GWY-vpt-1.10.H,-37.87297669,145.10877761,483
GWY,Glen Waverley,2-GWY-vpt-1.10.H,-37.87298066,145.10900739,484
GWY,Glen Waverley,2-GWY-vpt-1.10.H,-37.87299502,145.10931239,485
GWY,Glen Waverley,2-GWY-vpt-1.10.H,-37.87301273,145.10953965,486
GWY,Glen Waverley,2-GWY-vpt-1.10.H,-37.87302963,145.109711,487
GWY,Glen Waverley,2-GWY-vpt-1.10.H,-37.8730591,145.109969,488
GWY,Glen Waverley,2-GWY-vpt-1.10.H,-37.87309817,145.11025847,489
GWY,Glen Waverley,2-GWY-vpt-1.10.H,-37.87313742,145.11051418,490
GWY,Glen Waverley,2-GWY-vpt-1.10.H,-37.87315836,145.11062824,491
GWY,Glen Waverley,2-GWY-vpt-1.10.H,-37.87320693,145.11088086,492
GWY,Glen Waverley,2-GWY-vpt-1.10.H,-37.87326106,145.11113164,493
GWY,Glen Waverley,2-GWY-vpt-1.10.H,-37.8733285,145.11140265,494
GWY,Glen Waverley,2-GWY-vpt-1.10.H,-37.87336697,145.11153685,495
GWY,Glen Waverley,2-GWY-vpt-1.10.H,-37.87338166,145.11159911,496
GWY,Glen Waverley,2-GWY-vpt-1.10.H,-37.8735079,145.11201358,497
GWY,Glen Waverley,2-GWY-vpt-1.10.H,-37.87358294,145.112242,498
GWY,Glen Waverley,2-GWY-vpt-1.10.H,-37.87376496,145.11273519,499
GWY,Glen Waverley,2-GWY-vpt-1.10.H,-37.8739854,145.1133203,500
GWY,Glen Waverley,2-GWY-vpt-1.10.H,-37.87405632,145.11349471,501
GWY,Glen Waverley,2-GWY-vpt-1.10.H,-37.87423098,145.11395615,502
GWY,Glen Waverley,2-GWY-vpt-1.10.H,-37.87442569,145.11455021,503
GWY,Glen Waverley,2-GWY-vpt-1.10.H,-37.87456873,145.11506374,504
GWY,Glen Waverley,2-GWY-vpt-1.10.H,-37.87469986,145.11563783,505
GWY,Glen Waverley,2-GWY-vpt-1.10.H,-37.87480163,145.11625337,506
GWY,Glen Waverley,2-GWY-vpt-1.10.H,-37.87486821,145.11676431,507
GWY,Glen Waverley,2-GWY-vpt-1.10.H,-37.87491587,145.1172257,508
GWY,Glen Waverley,2-GWY-vpt-1.10.H,-37.87511696,145.11965709,509
GWY,Glen Waverley,2-GWY-vpt-1.10.H,-37.8752345,145.12111492,510
GWY,Glen Waverley,2-GWY-vpt-1.10.H,-37.87529911,145.12206306,511
GWY,Glen Waverley,2-GWY-vpt-1.10.H,-37.87530023,145.12262478,512
GWY,Glen Waverley,2-GWY-vpt-1.10.H,-37.87529829,145.12280241,513
GWY,Glen Waverley,2-GWY-vpt-1.10.H,-37.87528323,145.12325926,514
GWY,Glen Waverley,2-GWY-vpt-1.10.H,-37.87528,145.12426654,515
GWY,Glen Waverley,2-GWY-vpt-1.10.H,-37.87526633,145.1261695,516
GWY,Glen Waverley,2-GWY-vpt-1.10.H,-37.87525568,145.12709079,517
GWY,Glen Waverley,2-GWY-vpt-1.10.H,-37.87525164,145.12771483,518
GWY,Glen Waverley,2-GWY-vpt-1.10.H,-37.87523914,145.12945087,519
GWY,Glen Waverley,2-GWY-vpt-1.10.H,-37.87524782,145.13083677,520
GWY,Glen Waverley,2-GWY-vpt-1.10.H,-37.87520774,145.13864554,521
GWY,Glen Waverley,2-GWY-vpt-1.10.H,-37.87520783,145.13903322,522
GWY,Glen Waverley,2-GWY-vpt-1.10.H,-37.87521144,145.13935272,523
GWY,Glen Waverley,2-GWY-vpt-1.10.H,-37.8752254,145.13985931,524
GWY,Glen Waverley,2-GWY-vpt-1.10.H,-37.87523944,145.14013182,525
GWY,Glen Waverley,2-GWY-vpt-1.10.H,-37.87525943,145.1404276,526
GWY,Glen Waverley,2-GWY-vpt-1.10.H,-37.87529546,145.14084826,527
GWY,Glen Waverley,2-GWY-vpt-1.10.H,-37.87534671,145.1413604,528
GWY,Glen Waverley,2-GWY-vpt-1.10.H,-37.87537941,145.141662,529
GWY,Glen Waverley,2-GWY-vpt-1.10.H,-37.87549043,145.14254089,530
GWY,Glen Waverley,2-GWY-vpt-1.10.H,-37.87554591,145.14301257,531
GWY,Glen Waverley,2-GWY-vpt-1.10.H,-37.87593206,145.14641922,532
GWY,Glen Waverley,2-GWY-vpt-1.10.H,-37.87598858,145.14692965,533
GWY,Glen Waverley,2-GWY-vpt-1.10.H,-37.87602,145.14723663,534
GWY,Glen Waverley,2-GWY-vpt-1.10.H,-37.8760678,145.14779969,535
GWY,Glen Waverley,2-GWY-vpt-1.10.H,-37.87615894,145.14903313,536
GWY,Glen Waverley,2-GWY-vpt-1.10.H,-37.8761873,145.14936975,537
GWY,Glen Waverley,2-GWY-vpt-1.10.H,-37.87621492,145.14964204,538
GWY,Glen Waverley,2-GWY-vpt-1.10.H,-37.87625343,145.14995885,539
GWY,Glen Waverley,2-GWY-vpt-1.10.H,-37.87629368,145.15022661,540
GWY,Glen Waverley,2-GWY-vpt-1.10.H,-37.87632066,145.1503834,541
GWY,Glen Waverley,2-GWY-vpt-1.10.H,-37.87637681,145.15067646,542
GWY,Glen Waverley,2-GWY-vpt-1.10.H,-37.876451,145.15101,543
GWY,Glen Waverley,2-GWY-vpt-1.10.H,-37.8764833,145.1511446,544
GWY,Glen Waverley,2-GWY-vpt-1.10.H,-37.87667154,145.15185503,545
GWY,Glen Waverley,2-GWY-vpt-1.10.H,-37.87822311,145.1575786,546
GWY,Glen Waverley,2-GWY-vpt-1.10.H,-37.87876899,145.15958517,547
GWY,Glen Waverley,2-GWY-vpt-1.10.H,-37.87903872,145.16056501,548
GWY,Glen Waverley,2-GWY-vpt-1.10.H,-37.87911736,145.16079375,549
GWY,Glen Waverley,2-GWY-vpt-1.10.H,-37.87922766,145.1610815,550
GWY,Glen Waverley,2-GWY-vpt-1.10.H,-37.87929883,145.16127632,551
GWY,Glen Waverley,2-GWY-vpt-1.10.H,-37.87935619,145.16144055,552
GWY,Glen Waverley,2-GWY-vpt-1.10.H,-37.87944433,145.16171203,553
GWY,Glen Waverley,2-GWY-vpt-1.10.H,-37.87952886,145.1620002,554
GWY,Glen Waverley,2-GWY-vpt-1.10.H,-37.87977324,145.16288188,555
HBE,Hurstbridge,2-HBE-vpt-1.6.H,-37.81811612,144.9662735,1
HBE,Hurstbridge,2-HBE-vpt-1.6.H,-37.8183872,144.96532987,2
HBE,Hurstbridge,2-HBE-vpt-1.6.H,-37.81847604,144.96503173,3
HBE,Hurstbridge,2-HBE-vpt-1.6.H,-37.81851639,144.96490487,4
HBE,Hurstbridge,2-HBE-vpt-1.6.H,-37.81856219,144.96477581,5
HBE,Hurstbridge,2-HBE-vpt-1.6.H,-37.81859826,144.96468325,6
HBE,Hurstbridge,2-HBE-vpt-1.6.H,-37.81869583,144.96445246,7
HBE,Hurstbridge,2-HBE-vpt-1.6.H,-37.81873873,144.96432768,8
HBE,Hurstbridge,2-HBE-vpt-1.6.H,-37.81888171,144.96388241,9
HBE,Hurstbridge,2-HBE-vpt-1.6.H,-37.81894489,144.96370573,10
HBE,Hurstbridge,2-HBE-vpt-1.6.H,-37.81901293,144.96354936,11
HBE,Hurstbridge,2-HBE-vpt-1.6.H,-37.8190843,144.96336177,12
HBE,Hurstbridge,2-HBE-vpt-1.6.H,-37.81918068,144.9630516,13
HBE,Hurstbridge,2-HBE-vpt-1.6.H,-37.81922018,144.96291272,14
HBE,Hurstbridge,2-HBE-vpt-1.6.H,-37.81924467,144.96280696,15
HBE,Hurstbridge,2-HBE-vpt-1.6.H,-37.81931971,144.9624358,16
HBE,Hurstbridge,2-HBE-vpt-1.6.H,-37.81937006,144.96216382,17
HBE,Hurstbridge,2-HBE-vpt-1.6.H,-37.81943589,144.96177564,18
HBE,Hurstbridge,2-HBE-vpt-1.6.H,-37.81945002,144.96164984,19
HBE,Hurstbridge,2-HBE-vpt-1.6.H,-37.81946797,144.96134375,20
HBE,Hurstbridge,2-HBE-vpt-1.6.H,-37.81947932,144.96122893,21
HBE,Hurstbridge,2-HBE-vpt-1.6.H,-37.81950067,144.96105646,22
HBE,Hurstbridge,2-HBE-vpt-1.6.H,-37.81952139,144.96091536,23
HBE,Hurstbridge,2-HBE-vpt-1.6.H,-37.81955653,144.96072286,24
HBE,Hurstbridge,2-HBE-vpt-1.6.H,-37.81960274,144.96050813,25
HBE,Hurstbridge,2-HBE-vpt-1.6.H,-37.8196652,144.96026432,26
HBE,Hurstbridge,2-HBE-vpt-1.6.H,-37.81985989,144.95959007,27
HBE,Hurstbridge,2-HBE-vpt-1.6.H,-37.81994529,144.95930257,28
HBE,Hurstbridge,2-HBE-vpt-1.6.H,-37.81997626,144.95920175,29
HBE,Hurstbridge,2-HBE-vpt-1.6.H,-37.82002151,144.95906713,30
HBE,Hurstbridge,2-HBE-vpt-1.6.H,-37.8201062,144.95883736,31
HBE,Hurstbridge,2-HBE-vpt-1.6.H,-37.82019916,144.95861668,32
HBE,Hurstbridge,2-HBE-vpt-1.6.H,-37.82026547,144.95847546,33
HBE,Hurstbridge,2-HBE-vpt-1.6.H,-37.82030607,144.95839516,34
HBE,Hurstbridge,2-HBE-vpt-1.6.H,-37.82042053,144.95818763,35
HBE,Hurstbridge,2-HBE-vpt-1.6.H,-37.82051917,144.95802428,36
HBE,Hurstbridge,2-HBE-vpt-1.6.H,-37.82080351,144.95758906,37
HBE,Hurstbridge,2-HBE-vpt-1.6.H,-37.82086596,144.9574851,38
HBE,Hurstbridge,2-HBE-vpt-1.6.H,-37.82095527,144.95731938,39
HBE,Hurstbridge,2-HBE-vpt-1.6.H,-37.82100248,144.95721993,40
HBE,Hurstbridge,2-HBE-vpt-1.6.H,-37.82107394,144.95704834,41
HBE,Hurstbridge,2-HBE-vpt-1.6.H,-37.82114459,144.95684054,42
HBE,Hurstbridge,2-HBE-vpt-1.6.H,-37.82118551,144.95669559,43
HBE,Hurstbridge,2-HBE-vpt-1.6.H,-37.82122891,144.95649615,44
HBE,Hurstbridge,2-HBE-vpt-1.6.H,-37.82124548,144.95639675,45
HBE,Hurstbridge,2-HBE-vpt-1.6.H,-37.82126561,144.95622703,46
HBE,Hurstbridge,2-HBE-vpt-1.6.H,-37.82128101,144.95601882,47
HBE,Hurstbridge,2-HBE-vpt-1.6.H,-37.82128408,144.95588446,48
HBE,Hurstbridge,2-HBE-vpt-1.6.H,-37.82127749,144.95566595,49
HBE,Hurstbridge,2-HBE-vpt-1.6.H,-37.82126971,144.95556551,50
HBE,Hurstbridge,2-HBE-vpt-1.6.H,-37.82125042,144.95539893,51
HBE,Hurstbridge,2-HBE-vpt-1.6.H,-37.82123518,144.95530006,52
HBE,Hurstbridge,2-HBE-vpt-1.6.H,-37.82118721,144.95508564,53
HBE,Hurstbridge,2-HBE-vpt-1.6.H,-37.82115496,144.9549618,54
HBE,Hurstbridge,2-HBE-vpt-1.6.H,-37.82112614,144.95486955,55
HBE,Hurstbridge,2-HBE-vpt-1.6.H,-37.82105581,144.95466995,56
HBE,Hurstbridge,2-HBE-vpt-1.6.H,-37.8209654,144.95447148,57
HBE,Hurstbridge,2-HBE-vpt-1.6.H,-37.82088354,144.95431935,58
HBE,Hurstbridge,2-HBE-vpt-1.6.H,-37.82083611,144.95423978,59
HBE,Hurstbridge,2-HBE-vpt-1.6.H,-37.82070413,144.95403984,60
HBE,Hurstbridge,2-HBE-vpt-1.6.H,-37.82054478,144.95382078,61
HBE,Hurstbridge,2-HBE-vpt-1.6.H,-37.82045473,144.95370535,62
HBE,Hurstbridge,2-HBE-vpt-1.6.H,-37.82033224,144.95356968,63
HBE,Hurstbridge,2-HBE-vpt-1.6.H,-37.82017068,144.95340487,64
HBE,Hurstbridge,2-HBE-vpt-1.6.H,-37.81997692,144.95323857,65
HBE,Hurstbridge,2-HBE-vpt-1.6.H,-37.8198445,144.95314317,66
HBE,Hurstbridge,2-HBE-vpt-1.6.H,-37.8195639,144.95296279,67
HBE,Hurstbridge,2-HBE-vpt-1.6.H,-37.81915588,144.95271608,68
HBE,Hurstbridge,2-HBE-vpt-1.6.H,-37.81899743,144.95263173,69
HBE,Hurstbridge,2-HBE-vpt-1.6.H,-37.8189343,144.95259269,70
HBE,Hurstbridge,2-HBE-vpt-1.6.H,-37.81888331,144.95255741,71
HBE,Hurstbridge,2-HBE-vpt-1.6.H,-37.81872489,144.95243853,72
HBE,Hurstbridge,2-HBE-vpt-1.6.H,-37.81849021,144.95227688,73
HBE,Hurstbridge,2-HBE-vpt-1.6.H,-37.81829963,144.95212754,74
HBE,Hurstbridge,2-HBE-vpt-1.6.H,-37.8177827,144.95171753,75
HBE,Hurstbridge,2-HBE-vpt-1.6.H,-37.81765034,144.95160998,76
HBE,Hurstbridge,2-HBE-vpt-1.6.H,-37.81722109,144.9511996,77
HBE,Hurstbridge,2-HBE-vpt-1.6.H,-37.81712529,144.95111148,78
HBE,Hurstbridge,2-HBE-vpt-1.6.H,-37.81698699,144.95099375,79
HBE,Hurstbridge,2-HBE-vpt-1.6.H,-37.8168019,144.95084472,80
HBE,Hurstbridge,2-HBE-vpt-1.6.H,-37.81665642,144.95072356,81
HBE,Hurstbridge,2-HBE-vpt-1.6.H,-37.81623494,144.95039726,82
HBE,Hurstbridge,2-HBE-vpt-1.6.H,-37.81603628,144.95027098,83
HBE,Hurstbridge,2-HBE-vpt-1.6.H,-37.81584162,144.95018242,84
HBE,Hurstbridge,2-HBE-vpt-1.6.H,-37.81563979,144.95010633,85
HBE,Hurstbridge,2-HBE-vpt-1.6.H,-37.81549147,144.95007135,86
HBE,Hurstbridge,2-HBE-vpt-1.6.H,-37.81534956,144.95005211,87
HBE,Hurstbridge,2-HBE-vpt-1.6.H,-37.81514207,144.95003933,88
HBE,Hurstbridge,2-HBE-vpt-1.6.H,-37.81494447,144.95005604,89
HBE,Hurstbridge,2-HBE-vpt-1.6.H,-37.81475918,144.95008661,90
HBE,Hurstbridge,2-HBE-vpt-1.6.H,-37.81454194,144.9501509,91
HBE,Hurstbridge,2-HBE-vpt-1.6.H,-37.81432722,144.95024555,92
HBE,Hurstbridge,2-HBE-vpt-1.6.H,-37.81415143,144.95035106,93
HBE,Hurstbridge,2-HBE-vpt-1.6.H,-37.81402938,144.95043225,94
HBE,Hurstbridge,2-HBE-vpt-1.6.H,-37.81392026,144.95052069,95
HBE,Hurstbridge,2-HBE-vpt-1.6.H,-37.8137459,144.95068727,96
HBE,Hurstbridge,2-HBE-vpt-1.6.H,-37.81363209,144.95081707,97
HBE,Hurstbridge,2-HBE-vpt-1.6.H,-37.81352998,144.95094667,98
HBE,Hurstbridge,2-HBE-vpt-1.6.H,-37.81339117,144.95116224,99
HBE,Hurstbridge,2-HBE-vpt-1.6.H,-37.81325701,144.95140722,100
HBE,Hurstbridge,2-HBE-vpt-1.6.H,-37.81312896,144.95173393,101
HBE,Hurstbridge,2-HBE-vpt-1.6.H,-37.81304858,144.95196198,102
HBE,Hurstbridge,2-HBE-vpt-1.6.H,-37.81201818,144.95560765,103
HBE,Hurstbridge,2-HBE-vpt-1.6.H,-37.81189821,144.95603204,104
HBE,Hurstbridge,2-HBE-vpt-1.6.H,-37.81098849,144.95914529,105
HBE,Hurstbridge,2-HBE-vpt-1.6.H,-37.81027134,144.96161696,106
HBE,Hurstbridge,2-HBE-vpt-1.6.H,-37.81000236,144.96252943,107
HBE,Hurstbridge,2-HBE-vpt-1.6.H,-37.80974891,144.96340739,108
HBE,Hurstbridge,2-HBE-vpt-1.6.H,-37.80830678,144.96835425,109
HBE,Hurstbridge,2-HBE-vpt-1.6.H,-37.80823881,144.96865098,110
HBE,Hurstbridge,2-HBE-vpt-1.6.H,-37.80820523,144.96888816,111
HBE,Hurstbridge,2-HBE-vpt-1.6.H,-37.8081828,144.96913389,112
HBE,Hurstbridge,2-HBE-vpt-1.6.H,-37.80817471,144.96940161,113
HBE,Hurstbridge,2-HBE-vpt-1.6.H,-37.8081833,144.96963354,114
HBE,Hurstbridge,2-HBE-vpt-1.6.H,-37.808209,144.96989556,115
HBE,Hurstbridge,2-HBE-vpt-1.6.H,-37.80825009,144.97014114,116
HBE,Hurstbridge,2-HBE-vpt-1.6.H,-37.80830559,144.97037554,117
HBE,Hurstbridge,2-HBE-vpt-1.6.H,-37.80838771,144.97063863,118
HBE,Hurstbridge,2-HBE-vpt-1.6.H,-37.80848186,144.97087788,119
HBE,Hurstbridge,2-HBE-vpt-1.6.H,-37.80860252,144.97113332,120
HBE,Hurstbridge,2-HBE-vpt-1.6.H,-37.80874867,144.97138307,121
HBE,Hurstbridge,2-HBE-vpt-1.6.H,-37.80889021,144.97157991,122
HBE,Hurstbridge,2-HBE-vpt-1.6.H,-37.80906612,144.97177898,123
HBE,Hurstbridge,2-HBE-vpt-1.6.H,-37.80924567,144.97195365,124
HBE,Hurstbridge,2-HBE-vpt-1.6.H,-37.809467,144.97213172,125
HBE,Hurstbridge,2-HBE-vpt-1.6.H,-37.80972267,144.97228375,126
HBE,Hurstbridge,2-HBE-vpt-1.6.H,-37.8102994,144.97251798,127
HBE,Hurstbridge,2-HBE-vpt-1.6.H,-37.81103078,144.97285703,128
HBE,Hurstbridge,2-HBE-vpt-1.6.H,-37.81208732,144.97334372,129
HBE,Hurstbridge,2-HBE-vpt-1.6.H,-37.81240472,144.97352202,130
HBE,Hurstbridge,2-HBE-vpt-1.6.H,-37.81347769,144.97418389,131
HBE,Hurstbridge,2-HBE-vpt-1.6.H,-37.81374342,144.97432885,132
HBE,Hurstbridge,2-HBE-vpt-1.6.H,-37.81425611,144.97461768,133
HBE,Hurstbridge,2-HBE-vpt-1.6.H,-37.8145157,144.97479324,134
HBE,Hurstbridge,2-HBE-vpt-1.6.H,-37.81472966,144.97497256,135
HBE,Hurstbridge,2-HBE-vpt-1.6.H,-37.81491774,144.97516678,136
HBE,Hurstbridge,2-HBE-vpt-1.6.H,-37.81509784,144.97537917,137
HBE,Hurstbridge,2-HBE-vpt-1.6.H,-37.81528282,144.97565538,138
HBE,Hurstbridge,2-HBE-vpt-1.6.H,-37.8153897,144.97585443,139
HBE,Hurstbridge,2-HBE-vpt-1.6.H,-37.81544423,144.97596495,140
HBE,Hurstbridge,2-HBE-vpt-1.6.H,-37.81551358,144.97614606,141
HBE,Hurstbridge,2-HBE-vpt-1.6.H,-37.81556497,144.97629415,142
HBE,Hurstbridge,2-HBE-vpt-1.6.H,-37.8156089,144.97644903,143
HBE,Hurstbridge,2-HBE-vpt-1.6.H,-37.81564774,144.97661133,144
HBE,Hurstbridge,2-HBE-vpt-1.6.H,-37.81566378,144.97669506,145
HBE,Hurstbridge,2-HBE-vpt-1.6.H,-37.81569061,144.97686132,146
HBE,Hurstbridge,2-HBE-vpt-1.6.H,-37.81571443,144.9770364,147
HBE,Hurstbridge,2-HBE-vpt-1.6.H,-37.8162061,144.98145171,148
HBE,Hurstbridge,2-HBE-vpt-1.6.H,-37.81625587,144.98192111,149
HBE,Hurstbridge,2-HBE-vpt-1.6.H,-37.81648272,144.98394244,150
HBE,Hurstbridge,2-HBE-vpt-1.6.H,-37.81678829,144.98669583,151
HBE,Hurstbridge,2-HBE-vpt-1.6.H,-37.81681072,144.9869323,152
HBE,Hurstbridge,2-HBE-vpt-1.6.H,-37.8168272,144.98720585,153
HBE,Hurstbridge,2-HBE-vpt-1.6.H,-37.81683079,144.98744738,154
HBE,Hurstbridge,2-HBE-vpt-1.6.H,-37.81682688,144.98779908,155
HBE,Hurstbridge,2-HBE-vpt-1.6.H,-37.81680332,144.98807633,156
HBE,Hurstbridge,2-HBE-vpt-1.6.H,-37.81676143,144.98839373,157
HBE,Hurstbridge,2-HBE-vpt-1.6.H,-37.81670831,144.98863895,158
HBE,Hurstbridge,2-HBE-vpt-1.6.H,-37.81662903,144.98891488,159
HBE,Hurstbridge,2-HBE-vpt-1.6.H,-37.81654162,144.98917898,160
HBE,Hurstbridge,2-HBE-vpt-1.6.H,-37.81642906,144.98947932,161
HBE,Hurstbridge,2-HBE-vpt-1.6.H,-37.81632808,144.98971937,162
HBE,Hurstbridge,2-HBE-vpt-1.6.H,-37.81626852,144.98984651,163
HBE,Hurstbridge,2-HBE-vpt-1.6.H,-37.81621716,144.98994208,164
HBE,Hurstbridge,2-HBE-vpt-1.6.H,-37.81586228,144.990544,165
HBE,Hurstbridge,2-HBE-vpt-1.6.H,-37.81547594,144.99096104,166
HBE,Hurstbridge,2-HBE-vpt-1.6.H,-37.81533384,144.99109962,167
HBE,Hurstbridge,2-HBE-vpt-1.6.H,-37.81516161,144.99124651,168
HBE,Hurstbridge,2-HBE-vpt-1.6.H,-37.81507918,144.99131145,169
HBE,Hurstbridge,2-HBE-vpt-1.6.H,-37.81485932,144.99146645,170
HBE,Hurstbridge,2-HBE-vpt-1.6.H,-37.81478035,144.99151255,171
HBE,Hurstbridge,2-HBE-vpt-1.6.H,-37.81470144,144.99156195,172
HBE,Hurstbridge,2-HBE-vpt-1.6.H,-37.81457776,144.99162857,173
HBE,Hurstbridge,2-HBE-vpt-1.6.H,-37.81439984,144.99171132,174
HBE,Hurstbridge,2-HBE-vpt-1.6.H,-37.81417761,144.99179595,175
HBE,Hurstbridge,2-HBE-vpt-1.6.H,-37.81405266,144.99183569,176
HBE,Hurstbridge,2-HBE-vpt-1.6.H,-37.81384843,144.99188688,177
HBE,Hurstbridge,2-HBE-vpt-1.6.H,-37.81306353,144.99203152,178
HBE,Hurstbridge,2-HBE-vpt-1.6.H,-37.81295513,144.99204786,179
HBE,Hurstbridge,2-HBE-vpt-1.6.H,-37.81178596,144.99224958,180
HBE,Hurstbridge,2-HBE-vpt-1.6.H,-37.81096392,144.9923935,181
HBE,Hurstbridge,2-HBE-vpt-1.6.H,-37.81038357,144.99249964,182
HBE,Hurstbridge,2-HBE-vpt-1.6.H,-37.81017992,144.99253253,183
HBE,Hurstbridge,2-HBE-vpt-1.6.H,-37.80983689,144.99258805,184
HBE,Hurstbridge,2-HBE-vpt-1.6.H,-37.80918211,144.99270063,185
HBE,Hurstbridge,2-HBE-vpt-1.6.H,-37.80897992,144.99273961,186
HBE,Hurstbridge,2-HBE-vpt-1.6.H,-37.80877347,144.9927928,187
HBE,Hurstbridge,2-HBE-vpt-1.6.H,-37.80858376,144.99285541,188
HBE,Hurstbridge,2-HBE-vpt-1.6.H,-37.80821429,144.99300467,189
HBE,Hurstbridge,2-HBE-vpt-1.6.H,-37.80795859,144.99310315,190
HBE,Hurstbridge,2-HBE-vpt-1.6.H,-37.80774456,144.99316619,191
HBE,Hurstbridge,2-HBE-vpt-1.6.H,-37.80761833,144.99319425,192
HBE,Hurstbridge,2-HBE-vpt-1.6.H,-37.80739324,144.99323794,193
HBE,Hurstbridge,2-HBE-vpt-1.6.H,-37.80667544,144.99336471,194
HBE,Hurstbridge,2-HBE-vpt-1.6.H,-37.80614251,144.99345592,195
HBE,Hurstbridge,2-HBE-vpt-1.6.H,-37.8057155,144.99352302,196
HBE,Hurstbridge,2-HBE-vpt-1.6.H,-37.80522492,144.99360388,197
HBE,Hurstbridge,2-HBE-vpt-1.6.H,-37.80446088,144.99374018,198
HBE,Hurstbridge,2-HBE-vpt-1.6.H,-37.80428249,144.9937692,199
HBE,Hurstbridge,2-HBE-vpt-1.6.H,-37.8027157,144.99403387,200
HBE,Hurstbridge,2-HBE-vpt-1.6.H,-37.80252182,144.99406876,201
HBE,Hurstbridge,2-HBE-vpt-1.6.H,-37.80203539,144.99413917,202
HBE,Hurstbridge,2-HBE-vpt-1.6.H,-37.80193602,144.99415162,203
HBE,Hurstbridge,2-HBE-vpt-1.6.H,-37.80156873,144.99417462,204
HBE,Hurstbridge,2-HBE-vpt-1.6.H,-37.80141933,144.9941706,205
HBE,Hurstbridge,2-HBE-vpt-1.6.H,-37.80126084,144.99416126,206
HBE,Hurstbridge,2-HBE-vpt-1.6.H,-37.8007108,144.9941532,207
HBE,Hurstbridge,2-HBE-vpt-1.6.H,-37.80060381,144.99416256,208
HBE,Hurstbridge,2-HBE-vpt-1.6.H,-37.79977617,144.99430614,209
HBE,Hurstbridge,2-HBE-vpt-1.6.H,-37.79904767,144.9944284,210
HBE,Hurstbridge,2-HBE-vpt-1.6.H,-37.7973634,144.99471143,211
HBE,Hurstbridge,2-HBE-vpt-1.6.H,-37.79609539,144.99493083,212
HBE,Hurstbridge,2-HBE-vpt-1.6.H,-37.79464378,144.99516995,213
HBE,Hurstbridge,2-HBE-vpt-1.6.H,-37.7939478,144.99528144,214
HBE,Hurstbridge,2-HBE-vpt-1.6.H,-37.7937451,144.99530145,215
HBE,Hurstbridge,2-HBE-vpt-1.6.H,-37.79341052,144.99531356,216
HBE,Hurstbridge,2-HBE-vpt-1.6.H,-37.7931964,144.99530822,217
HBE,Hurstbridge,2-HBE-vpt-1.6.H,-37.79297698,144.99528814,218
HBE,Hurstbridge,2-HBE-vpt-1.6.H,-37.79277899,144.9952667,219
HBE,Hurstbridge,2-HBE-vpt-1.6.H,-37.79260633,144.99523559,220
HBE,Hurstbridge,2-HBE-vpt-1.6.H,-37.79236246,144.99518722,221
HBE,Hurstbridge,2-HBE-vpt-1.6.H,-37.79222432,144.99515609,222
HBE,Hurstbridge,2-HBE-vpt-1.6.H,-37.79184827,144.99508267,223
HBE,Hurstbridge,2-HBE-vpt-1.6.H,-37.79163198,144.99504537,224
HBE,Hurstbridge,2-HBE-vpt-1.6.H,-37.79137053,144.99503915,225
HBE,Hurstbridge,2-HBE-vpt-1.6.H,-37.79110397,144.99506078,226
HBE,Hurstbridge,2-HBE-vpt-1.6.H,-37.79103319,144.99505906,227
HBE,Hurstbridge,2-HBE-vpt-1.6.H,-37.79092523,144.99506402,228
HBE,Hurstbridge,2-HBE-vpt-1.6.H,-37.79071611,144.9950565,229
HBE,Hurstbridge,2-HBE-vpt-1.6.H,-37.79045559,144.99505707,230
HBE,Hurstbridge,2-HBE-vpt-1.6.H,-37.7902204,144.99509499,231
HBE,Hurstbridge,2-HBE-vpt-1.6.H,-37.7893272,144.99525688,232
HBE,Hurstbridge,2-HBE-vpt-1.6.H,-37.78841665,144.99541606,233
HBE,Hurstbridge,2-HBE-vpt-1.6.H,-37.78773328,144.99553286,234
HBE,Hurstbridge,2-HBE-vpt-1.6.H,-37.78730453,144.9956513,235
HBE,Hurstbridge,2-HBE-vpt-1.6.H,-37.78680859,144.99573476,236
HBE,Hurstbridge,2-HBE-vpt-1.6.H,-37.78657836,144.99577857,237
HBE,Hurstbridge,2-HBE-vpt-1.6.H,-37.78645269,144.99580729,238
HBE,Hurstbridge,2-HBE-vpt-1.6.H,-37.7863109,144.99585313,239
HBE,Hurstbridge,2-HBE-vpt-1.6.H,-37.78616593,144.99591303,240
HBE,Hurstbridge,2-HBE-vpt-1.6.H,-37.78602759,144.9959765,241
HBE,Hurstbridge,2-HBE-vpt-1.6.H,-37.78591184,144.99603776,242
HBE,Hurstbridge,2-HBE-vpt-1.6.H,-37.78566176,144.99618578,243
HBE,Hurstbridge,2-HBE-vpt-1.6.H,-37.78558844,144.9962359,244
HBE,Hurstbridge,2-HBE-vpt-1.6.H,-37.78378283,144.99735952,245
HBE,Hurstbridge,2-HBE-vpt-1.6.H,-37.78354371,144.99751075,246
HBE,Hurstbridge,2-HBE-vpt-1.6.H,-37.78332493,144.99764474,247
HBE,Hurstbridge,2-HBE-vpt-1.6.H,-37.78300292,144.99783499,248
HBE,Hurstbridge,2-HBE-vpt-1.6.H,-37.78273083,144.99798745,249
HBE,Hurstbridge,2-HBE-vpt-1.6.H,-37.78247583,144.99812695,250
HBE,Hurstbridge,2-HBE-vpt-1.6.H,-37.78183369,144.99844812,251
HBE,Hurstbridge,2-HBE-vpt-1.6.H,-37.78127044,144.99874991,252
HBE,Hurstbridge,2-HBE-vpt-1.6.H,-37.78108464,144.99887334,253
HBE,Hurstbridge,2-HBE-vpt-1.6.H,-37.78092139,144.99899231,254
HBE,Hurstbridge,2-HBE-vpt-1.6.H,-37.78080388,144.99908268,255
HBE,Hurstbridge,2-HBE-vpt-1.6.H,-37.78065116,144.9992067,256
HBE,Hurstbridge,2-HBE-vpt-1.6.H,-37.78053071,144.9993101,257
HBE,Hurstbridge,2-HBE-vpt-1.6.H,-37.7803751,144.99945463,258
HBE,Hurstbridge,2-HBE-vpt-1.6.H,-37.78025056,144.99958187,259
HBE,Hurstbridge,2-HBE-vpt-1.6.H,-37.78013149,144.99970804,260
HBE,Hurstbridge,2-HBE-vpt-1.6.H,-37.78002043,144.99983866,261
HBE,Hurstbridge,2-HBE-vpt-1.6.H,-37.77992461,144.99995955,262
HBE,Hurstbridge,2-HBE-vpt-1.6.H,-37.77979458,145.00015097,263
HBE,Hurstbridge,2-HBE-vpt-1.6.H,-37.77968472,145.00033117,264
HBE,Hurstbridge,2-HBE-vpt-1.6.H,-37.77954566,145.00060685,265
HBE,Hurstbridge,2-HBE-vpt-1.6.H,-37.77946652,145.00079713,266
HBE,Hurstbridge,2-HBE-vpt-1.6.H,-37.77941424,145.00093467,267
HBE,Hurstbridge,2-HBE-vpt-1.6.H,-37.7793529,145.00112776,268
HBE,Hurstbridge,2-HBE-vpt-1.6.H,-37.77930691,145.0013009,269
HBE,Hurstbridge,2-HBE-vpt-1.6.H,-37.77926776,145.00147408,270
HBE,Hurstbridge,2-HBE-vpt-1.6.H,-37.77921679,145.00176805,271
HBE,Hurstbridge,2-HBE-vpt-1.6.H,-37.77919558,145.00197334,272
HBE,Hurstbridge,2-HBE-vpt-1.6.H,-37.77917638,145.00250489,273
HBE,Hurstbridge,2-HBE-vpt-1.6.H,-37.77918167,145.00488537,274
HBE,Hurstbridge,2-HBE-vpt-1.6.H,-37.77917641,145.00825929,275
HBE,Hurstbridge,2-HBE-vpt-1.6.H,-37.77917413,145.01021454,276
HBE,Hurstbridge,2-HBE-vpt-1.6.H,-37.77917126,145.01035405,277
HBE,Hurstbridge,2-HBE-vpt-1.6.H,-37.77917319,145.01067634,278
HBE,Hurstbridge,2-HBE-vpt-1.6.H,-37.77917209,145.0123728,279
HBE,Hurstbridge,2-HBE-vpt-1.6.H,-37.77915937,145.01557865,280
HBE,Hurstbridge,2-HBE-vpt-1.6.H,-37.77915612,145.01695396,281
HBE,Hurstbridge,2-HBE-vpt-1.6.H,-37.77915386,145.01821672,282
HBE,Hurstbridge,2-HBE-vpt-1.6.H,-37.77915498,145.01972475,283
HBE,Hurstbridge,2-HBE-vpt-1.6.H,-37.77914905,145.02319736,284
HBE,Hurstbridge,2-HBE-vpt-1.6.H,-37.7791387,145.02506211,285
HBE,Hurstbridge,2-HBE-vpt-1.6.H,-37.77911809,145.02805949,286
HBE,Hurstbridge,2-HBE-vpt-1.6.H,-37.77909474,145.02858138,287
HBE,Hurstbridge,2-HBE-vpt-1.6.H,-37.77902802,145.02903198,288
HBE,Hurstbridge,2-HBE-vpt-1.6.H,-37.77894418,145.02943433,289
HBE,Hurstbridge,2-HBE-vpt-1.6.H,-37.77883926,145.02983133,290
HBE,Hurstbridge,2-HBE-vpt-1.6.H,-37.77876347,145.0300577,291
HBE,Hurstbridge,2-HBE-vpt-1.6.H,-37.77837889,145.03125192,292
HBE,Hurstbridge,2-HBE-vpt-1.6.H,-37.77799176,145.03244482,293
HBE,Hurstbridge,2-HBE-vpt-1.6.H,-37.77794321,145.03259201,294
HBE,Hurstbridge,2-HBE-vpt-1.6.H,-37.77788856,145.03274118,295
HBE,Hurstbridge,2-HBE-vpt-1.6.H,-37.77767007,145.03345091,296
HBE,Hurstbridge,2-HBE-vpt-1.6.H,-37.77757048,145.03374728,297
HBE,Hurstbridge,2-HBE-vpt-1.6.H,-37.7772938,145.03453451,298
HBE,Hurstbridge,2-HBE-vpt-1.6.H,-37.77690901,145.03571336,299
HBE,Hurstbridge,2-HBE-vpt-1.6.H,-37.77676492,145.03617337,300
HBE,Hurstbridge,2-HBE-vpt-1.6.H,-37.77670657,145.0363383,301
HBE,Hurstbridge,2-HBE-vpt-1.6.H,-37.77656127,145.03666152,302
HBE,Hurstbridge,2-HBE-vpt-1.6.H,-37.77639278,145.03697129,303
HBE,Hurstbridge,2-HBE-vpt-1.6.H,-37.77624024,145.03720069,304
HBE,Hurstbridge,2-HBE-vpt-1.6.H,-37.77606306,145.03743268,305
HBE,Hurstbridge,2-HBE-vpt-1.6.H,-37.77584901,145.03768074,306
HBE,Hurstbridge,2-HBE-vpt-1.6.H,-37.77563593,145.03788927,307
HBE,Hurstbridge,2-HBE-vpt-1.6.H,-37.77503335,145.03840612,308
HBE,Hurstbridge,2-HBE-vpt-1.6.H,-37.77362817,145.03961062,309
HBE,Hurstbridge,2-HBE-vpt-1.6.H,-37.77280027,145.04030528,310
HBE,Hurstbridge,2-HBE-vpt-1.6.H,-37.77231691,145.04071426,311
HBE,Hurstbridge,2-HBE-vpt-1.6.H,-37.77197768,145.04101613,312
HBE,Hurstbridge,2-HBE-vpt-1.6.H,-37.77121763,145.04166787,313
HBE,Hurstbridge,2-HBE-vpt-1.6.H,-37.77068117,145.04212388,314
HBE,Hurstbridge,2-HBE-vpt-1.6.H,-37.77043418,145.04232635,315
HBE,Hurstbridge,2-HBE-vpt-1.6.H,-37.77025501,145.04249944,316
HBE,Hurstbridge,2-HBE-vpt-1.6.H,-37.77009178,145.04267642,317
HBE,Hurstbridge,2-HBE-vpt-1.6.H,-37.76994805,145.04285118,318
HBE,Hurstbridge,2-HBE-vpt-1.6.H,-37.76976627,145.04312697,319
HBE,Hurstbridge,2-HBE-vpt-1.6.H,-37.76963587,145.04337642,320
HBE,Hurstbridge,2-HBE-vpt-1.6.H,-37.7694981,145.04368759,321
HBE,Hurstbridge,2-HBE-vpt-1.6.H,-37.76939633,145.04395707,322
HBE,Hurstbridge,2-HBE-vpt-1.6.H,-37.76886646,145.04543053,323
HBE,Hurstbridge,2-HBE-vpt-1.6.H,-37.76832983,145.04692095,324
HBE,Hurstbridge,2-HBE-vpt-1.6.H,-37.76821481,145.04722345,325
HBE,Hurstbridge,2-HBE-vpt-1.6.H,-37.76818039,145.04732165,326
HBE,Hurstbridge,2-HBE-vpt-1.6.H,-37.76807201,145.04757925,327
HBE,Hurstbridge,2-HBE-vpt-1.6.H,-37.76793097,145.04787302,328
HBE,Hurstbridge,2-HBE-vpt-1.6.H,-37.7676977,145.04824595,329
HBE,Hurstbridge,2-HBE-vpt-1.6.H,-37.76653261,145.04986057,330
HBE,Hurstbridge,2-HBE-vpt-1.6.H,-37.76598984,145.05061829,331
HBE,Hurstbridge,2-HBE-vpt-1.6.H,-37.76563778,145.05110512,332
HBE,Hurstbridge,2-HBE-vpt-1.6.H,-37.7655117,145.05127405,333
HBE,Hurstbridge,2-HBE-vpt-1.6.H,-37.76439209,145.05284595,334
HBE,Hurstbridge,2-HBE-vpt-1.6.H,-37.76374224,145.05374571,335
HBE,Hurstbridge,2-HBE-vpt-1.6.H,-37.7634104,145.05420837,336
HBE,Hurstbridge,2-HBE-vpt-1.6.H,-37.76316337,145.05451817,337
HBE,Hurstbridge,2-HBE-vpt-1.6.H,-37.76290998,145.05481462,338
HBE,Hurstbridge,2-HBE-vpt-1.6.H,-37.76268306,145.05505475,339
HBE,Hurstbridge,2-HBE-vpt-1.6.H,-37.76240324,145.05533895,340
HBE,Hurstbridge,2-HBE-vpt-1.6.H,-37.76207033,145.05562204,341
HBE,Hurstbridge,2-HBE-vpt-1.6.H,-37.76158264,145.05601758,342
HBE,Hurstbridge,2-HBE-vpt-1.6.H,-37.76064113,145.05679142,343
HBE,Hurstbridge,2-HBE-vpt-1.6.H,-37.76028174,145.05707031,344
HBE,Hurstbridge,2-HBE-vpt-1.6.H,-37.76001022,145.05731715,345
HBE,Hurstbridge,2-HBE-vpt-1.6.H,-37.75974523,145.05757189,346
HBE,Hurstbridge,2-HBE-vpt-1.6.H,-37.75944296,145.05789377,347
HBE,Hurstbridge,2-HBE-vpt-1.6.H,-37.75916518,145.058225,348
HBE,Hurstbridge,2-HBE-vpt-1.6.H,-37.75839061,145.05922133,349
HBE,Hurstbridge,2-HBE-vpt-1.6.H,-37.75819148,145.05946933,350
HBE,Hurstbridge,2-HBE-vpt-1.6.H,-37.7581282,145.05953966,351
HBE,Hurstbridge,2-HBE-vpt-1.6.H,-37.75794158,145.05973784,352
HBE,Hurstbridge,2-HBE-vpt-1.6.H,-37.75780852,145.05986073,353
HBE,Hurstbridge,2-HBE-vpt-1.6.H,-37.75765978,145.06000628,354
HBE,Hurstbridge,2-HBE-vpt-1.6.H,-37.75748684,145.06018651,355
HBE,Hurstbridge,2-HBE-vpt-1.6.H,-37.75704235,145.06074909,356
HBE,Hurstbridge,2-HBE-vpt-1.6.H,-37.7567016,145.06119795,357
HBE,Hurstbridge,2-HBE-vpt-1.6.H,-37.7565303,145.06147246,358
HBE,Hurstbridge,2-HBE-vpt-1.6.H,-37.7563137,145.06185382,359
HBE,Hurstbridge,2-HBE-vpt-1.6.H,-37.756235,145.06198357,360
HBE,Hurstbridge,2-HBE-vpt-1.6.H,-37.75615583,145.06210663,361
HBE,Hurstbridge,2-HBE-vpt-1.6.H,-37.75605527,145.06224978,362
HBE,Hurstbridge,2-HBE-vpt-1.6.H,-37.75597634,145.06235502,363
HBE,Hurstbridge,2-HBE-vpt-1.6.H,-37.75591973,145.06242551,364
HBE,Hurstbridge,2-HBE-vpt-1.6.H,-37.75545603,145.06302602,365
HBE,Hurstbridge,2-HBE-vpt-1.6.H,-37.75536556,145.06314768,366
HBE,Hurstbridge,2-HBE-vpt-1.6.H,-37.75497257,145.06365338,367
HBE,Hurstbridge,2-HBE-vpt-1.6.H,-37.75481186,145.06386517,368
HBE,Hurstbridge,2-HBE-vpt-1.6.H,-37.75415192,145.06471606,369
HBE,Hurstbridge,2-HBE-vpt-1.6.H,-37.75400259,145.0649296,370
HBE,Hurstbridge,2-HBE-vpt-1.6.H,-37.75385896,145.06509576,371
HBE,Hurstbridge,2-HBE-vpt-1.6.H,-37.75372256,145.06526276,372
HBE,Hurstbridge,2-HBE-vpt-1.6.H,-37.75357081,145.06542812,373
HBE,Hurstbridge,2-HBE-vpt-1.6.H,-37.75345894,145.06554181,374
HBE,Hurstbridge,2-HBE-vpt-1.6.H,-37.75333828,145.06565199,375
HBE,Hurstbridge,2-HBE-vpt-1.6.H,-37.75325343,145.0657257,376
HBE,Hurstbridge,2-HBE-vpt-1.6.H,-37.75306391,145.06587445,377
HBE,Hurstbridge,2-HBE-vpt-1.6.H,-37.75289189,145.06599061,378
HBE,Hurstbridge,2-HBE-vpt-1.6.H,-37.7527258,145.06608982,379
HBE,Hurstbridge,2-HBE-vpt-1.6.H,-37.75262721,145.06614449,380
HBE,Hurstbridge,2-HBE-vpt-1.6.H,-37.75249408,145.06620925,381
HBE,Hurstbridge,2-HBE-vpt-1.6.H,-37.75227339,145.06630296,382
HBE,Hurstbridge,2-HBE-vpt-1.6.H,-37.75218591,145.06633259,383
HBE,Hurstbridge,2-HBE-vpt-1.6.H,-37.75198934,145.06639173,384
HBE,Hurstbridge,2-HBE-vpt-1.6.H,-37.75180539,145.06643454,385
HBE,Hurstbridge,2-HBE-vpt-1.6.H,-37.75165749,145.06646121,386
HBE,Hurstbridge,2-HBE-vpt-1.6.H,-37.75155768,145.06647493,387
HBE,Hurstbridge,2-HBE-vpt-1.6.H,-37.75133757,145.06649995,388
HBE,Hurstbridge,2-HBE-vpt-1.6.H,-37.74986866,145.06662354,389
HBE,Hurstbridge,2-HBE-vpt-1.6.H,-37.74947229,145.06665485,390
HBE,Hurstbridge,2-HBE-vpt-1.6.H,-37.74762964,145.06681097,391
HBE,Hurstbridge,2-HBE-vpt-1.6.H,-37.74732547,145.06683171,392
HBE,Hurstbridge,2-HBE-vpt-1.6.H,-37.74705448,145.06684262,393
HBE,Hurstbridge,2-HBE-vpt-1.6.H,-37.74691378,145.06684707,394
HBE,Hurstbridge,2-HBE-vpt-1.6.H,-37.7466389,145.06684571,395
HBE,Hurstbridge,2-HBE-vpt-1.6.H,-37.74652061,145.06684266,396
HBE,Hurstbridge,2-HBE-vpt-1.6.H,-37.74625498,145.06682881,397
HBE,Hurstbridge,2-HBE-vpt-1.6.H,-37.74601561,145.06681166,398
HBE,Hurstbridge,2-HBE-vpt-1.6.H,-37.7458565,145.06679775,399
HBE,Hurstbridge,2-HBE-vpt-1.6.H,-37.74556131,145.0667623,400
HBE,Hurstbridge,2-HBE-vpt-1.6.H,-37.74517986,145.066703,401
HBE,Hurstbridge,2-HBE-vpt-1.6.H,-37.74488737,145.06664524,402
HBE,Hurstbridge,2-HBE-vpt-1.6.H,-37.74473217,145.06661137,403
HBE,Hurstbridge,2-HBE-vpt-1.6.H,-37.74446781,145.06654891,404
HBE,Hurstbridge,2-HBE-vpt-1.6.H,-37.74319174,145.06623224,405
HBE,Hurstbridge,2-HBE-vpt-1.6.H,-37.74147828,145.0658087,406
HBE,Hurstbridge,2-HBE-vpt-1.6.H,-37.74134103,145.06577607,407
HBE,Hurstbridge,2-HBE-vpt-1.6.H,-37.74103771,145.06571145,408
HBE,Hurstbridge,2-HBE-vpt-1.6.H,-37.7407696,145.06566748,409
HBE,Hurstbridge,2-HBE-vpt-1.6.H,-37.74061114,145.06564391,410
HBE,Hurstbridge,2-HBE-vpt-1.6.H,-37.73902717,145.065423,411
HBE,Hurstbridge,2-HBE-vpt-1.6.H,-37.73858598,145.06535948,412
HBE,Hurstbridge,2-HBE-vpt-1.6.H,-37.73830633,145.06532591,413
HBE,Hurstbridge,2-HBE-vpt-1.6.H,-37.73808184,145.06530361,414
HBE,Hurstbridge,2-HBE-vpt-1.6.H,-37.73781864,145.06528969,415
HBE,Hurstbridge,2-HBE-vpt-1.6.H,-37.73769207,145.06528731,416
HBE,Hurstbridge,2-HBE-vpt-1.6.H,-37.73755242,145.06528936,417
HBE,Hurstbridge,2-HBE-vpt-1.6.H,-37.73739012,145.06529552,418
HBE,Hurstbridge,2-HBE-vpt-1.6.H,-37.73714946,145.0653095,419
HBE,Hurstbridge,2-HBE-vpt-1.6.H,-37.73699897,145.06532635,420
HBE,Hurstbridge,2-HBE-vpt-1.6.H,-37.73672237,145.06536385,421
HBE,Hurstbridge,2-HBE-vpt-1.6.H,-37.73661546,145.06538377,422
HBE,Hurstbridge,2-HBE-vpt-1.6.H,-37.7363436,145.06544089,423
HBE,Hurstbridge,2-HBE-vpt-1.6.H,-37.73609064,145.06550671,424
HBE,Hurstbridge,2-HBE-vpt-1.6.H,-37.73590598,145.06556167,425
HBE,Hurstbridge,2-HBE-vpt-1.6.H,-37.73580628,145.06559298,426
HBE,Hurstbridge,2-HBE-vpt-1.6.H,-37.73567528,145.06563905,427
HBE,Hurstbridge,2-HBE-vpt-1.6.H,-37.73539844,145.06574929,428
HBE,Hurstbridge,2-HBE-vpt-1.6.H,-37.73524574,145.06581318,429
HBE,Hurstbridge,2-HBE-vpt-1.6.H,-37.73469864,145.06605539,430
HBE,Hurstbridge,2-HBE-vpt-1.6.H,-37.73431277,145.06623315,431
HBE,Hurstbridge,2-HBE-vpt-1.6.H,-37.73414758,145.06630405,432
HBE,Hurstbridge,2-HBE-vpt-1.6.H,-37.7335113,145.06658761,433
HBE,Hurstbridge,2-HBE-vpt-1.6.H,-37.73342119,145.06663228,434
HBE,Hurstbridge,2-HBE-vpt-1.6.H,-37.73279333,145.06691289,435
HBE,Hurstbridge,2-HBE-vpt-1.6.H,-37.73244938,145.06706923,436
HBE,Hurstbridge,2-HBE-vpt-1.6.H,-37.73231989,145.06712514,437
HBE,Hurstbridge,2-HBE-vpt-1.6.H,-37.73202552,145.06725999,438
HBE,Hurstbridge,2-HBE-vpt-1.6.H,-37.73138896,145.06754342,439
HBE,Hurstbridge,2-HBE-vpt-1.6.H,-37.72954668,145.06837605,440
HBE,Hurstbridge,2-HBE-vpt-1.6.H,-37.72926858,145.06849788,441
HBE,Hurstbridge,2-HBE-vpt-1.6.H,-37.72901866,145.06859571,442
HBE,Hurstbridge,2-HBE-vpt-1.6.H,-37.72891186,145.06863344,443
HBE,Hurstbridge,2-HBE-vpt-1.6.H,-37.72874261,145.06867165,444
HBE,Hurstbridge,2-HBE-vpt-1.6.H,-37.7284506,145.06871985,445
HBE,Hurstbridge,2-HBE-vpt-1.6.H,-37.72792357,145.0688132,446
HBE,Hurstbridge,2-HBE-vpt-1.6.H,-37.72770692,145.06889008,447
HBE,Hurstbridge,2-HBE-vpt-1.6.H,-37.72759682,145.06891915,448
HBE,Hurstbridge,2-HBE-vpt-1.6.H,-37.72754948,145.06892878,449
HBE,Hurstbridge,2-HBE-vpt-1.6.H,-37.72709277,145.06899011,450
HBE,Hurstbridge,2-HBE-vpt-1.6.H,-37.72648574,145.06906261,451
HBE,Hurstbridge,2-HBE-vpt-1.6.H,-37.72607603,145.06911636,452
HBE,Hurstbridge,2-HBE-vpt-1.6.H,-37.72578136,145.06915091,453
HBE,Hurstbridge,2-HBE-vpt-1.6.H,-37.72564603,145.0691694,454
HBE,Hurstbridge,2-HBE-vpt-1.6.H,-37.72455212,145.06930503,455
HBE,Hurstbridge,2-HBE-vpt-1.6.H,-37.72417174,145.06935563,456
HBE,Hurstbridge,2-HBE-vpt-1.6.H,-37.72393012,145.06939924,457
HBE,Hurstbridge,2-HBE-vpt-1.6.H,-37.72379308,145.06942878,458
HBE,Hurstbridge,2-HBE-vpt-1.6.H,-37.72366507,145.06945944,459
HBE,Hurstbridge,2-HBE-vpt-1.6.H,-37.72344684,145.06952195,460
HBE,Hurstbridge,2-HBE-vpt-1.6.H,-37.72331387,145.06956909,461
HBE,Hurstbridge,2-HBE-vpt-1.6.H,-37.72310984,145.06964654,462
HBE,Hurstbridge,2-HBE-vpt-1.6.H,-37.72290654,145.06973498,463
HBE,Hurstbridge,2-HBE-vpt-1.6.H,-37.72267332,145.06985143,464
HBE,Hurstbridge,2-HBE-vpt-1.6.H,-37.72258472,145.06989991,465
HBE,Hurstbridge,2-HBE-vpt-1.6.H,-37.72238998,145.07001649,466
HBE,Hurstbridge,2-HBE-vpt-1.6.H,-37.72225586,145.07010313,467
HBE,Hurstbridge,2-HBE-vpt-1.6.H,-37.72203239,145.07025325,468
HBE,Hurstbridge,2-HBE-vpt-1.6.H,-37.72189071,145.07035155,469
HBE,Hurstbridge,2-HBE-vpt-1.6.H,-37.72160436,145.07055855,470
HBE,Hurstbridge,2-HBE-vpt-1.6.H,-37.72145273,145.07067695,471
HBE,Hurstbridge,2-HBE-vpt-1.6.H,-37.7213163,145.07079316,472
HBE,Hurstbridge,2-HBE-vpt-1.6.H,-37.72120344,145.07090126,473
HBE,Hurstbridge,2-HBE-vpt-1.6.H,-37.7210755,145.07103017,474
HBE,Hurstbridge,2-HBE-vpt-1.6.H,-37.7209815,145.07113449,475
HBE,Hurstbridge,2-HBE-vpt-1.6.H,-37.72085889,145.07128017,476
HBE,Hurstbridge,2-HBE-vpt-1.6.H,-37.72066389,145.07155127,477
HBE,Hurstbridge,2-HBE-vpt-1.6.H,-37.72056609,145.07170402,478
HBE,Hurstbridge,2-HBE-vpt-1.6.H,-37.72043962,145.07192263,479
HBE,Hurstbridge,2-HBE-vpt-1.6.H,-37.72035356,145.07208279,480
HBE,Hurstbridge,2-HBE-vpt-1.6.H,-37.72023314,145.07232938,481
HBE,Hurstbridge,2-HBE-vpt-1.6.H,-37.7196649,145.07351811,482
HBE,Hurstbridge,2-HBE-vpt-1.6.H,-37.71939363,145.07408014,483
HBE,Hurstbridge,2-HBE-vpt-1.6.H,-37.7190616,145.07477909,484
HBE,Hurstbridge,2-HBE-vpt-1.6.H,-37.71880931,145.07530035,485
HBE,Hurstbridge,2-HBE-vpt-1.6.H,-37.71870162,145.07551041,486
HBE,Hurstbridge,2-HBE-vpt-1.6.H,-37.71860369,145.07569401,487
HBE,Hurstbridge,2-HBE-vpt-1.6.H,-37.71848747,145.07588943,488
HBE,Hurstbridge,2-HBE-vpt-1.6.H,-37.71837636,145.076061,489
HBE,Hurstbridge,2-HBE-vpt-1.6.H,-37.71827386,145.07620853,490
HBE,Hurstbridge,2-HBE-vpt-1.6.H,-37.71815979,145.07636441,491
HBE,Hurstbridge,2-HBE-vpt-1.6.H,-37.71805264,145.0764972,492
HBE,Hurstbridge,2-HBE-vpt-1.6.H,-37.71795839,145.07660832,493
HBE,Hurstbridge,2-HBE-vpt-1.6.H,-37.71787491,145.07670033,494
HBE,Hurstbridge,2-HBE-vpt-1.6.H,-37.71777042,145.07680877,495
HBE,Hurstbridge,2-HBE-vpt-1.6.H,-37.71757377,145.07700161,496
HBE,Hurstbridge,2-HBE-vpt-1.6.H,-37.71746957,145.07709381,497
HBE,Hurstbridge,2-HBE-vpt-1.6.H,-37.71736653,145.07718043,498
HBE,Hurstbridge,2-HBE-vpt-1.6.H,-37.71724772,145.07727256,499
HBE,Hurstbridge,2-HBE-vpt-1.6.H,-37.71713562,145.07735566,500
HBE,Hurstbridge,2-HBE-vpt-1.6.H,-37.7169984,145.07745201,501
HBE,Hurstbridge,2-HBE-vpt-1.6.H,-37.71676546,145.07760223,502
HBE,Hurstbridge,2-HBE-vpt-1.6.H,-37.71632861,145.07787649,503
HBE,Hurstbridge,2-HBE-vpt-1.6.H,-37.71619108,145.07796978,504
HBE,Hurstbridge,2-HBE-vpt-1.6.H,-37.71605506,145.07806745,505
HBE,Hurstbridge,2-HBE-vpt-1.6.H,-37.71592278,145.07816821,506
HBE,Hurstbridge,2-HBE-vpt-1.6.H,-37.71578969,145.07827965,507
HBE,Hurstbridge,2-HBE-vpt-1.6.H,-37.7155876,145.07846525,508
HBE,Hurstbridge,2-HBE-vpt-1.6.H,-37.7154974,145.07855459,509
HBE,Hurstbridge,2-HBE-vpt-1.6.H,-37.71538467,145.07867685,510
HBE,Hurstbridge,2-HBE-vpt-1.6.H,-37.71527189,145.07880705,511
HBE,Hurstbridge,2-HBE-vpt-1.6.H,-37.71506702,145.07906543,512
HBE,Hurstbridge,2-HBE-vpt-1.6.H,-37.71487518,145.07933801,513
HBE,Hurstbridge,2-HBE-vpt-1.6.H,-37.71466556,145.07966424,514
HBE,Hurstbridge,2-HBE-vpt-1.6.H,-37.71439288,145.08010271,515
HBE,Hurstbridge,2-HBE-vpt-1.6.H,-37.7142357,145.08035089,516
HBE,Hurstbridge,2-HBE-vpt-1.6.H,-37.71410036,145.08055155,517
HBE,Hurstbridge,2-HBE-vpt-1.6.H,-37.71385531,145.08089367,518
HBE,Hurstbridge,2-HBE-vpt-1.6.H,-37.71374236,145.08104168,519
HBE,Hurstbridge,2-HBE-vpt-1.6.H,-37.71365307,145.08115345,520
HBE,Hurstbridge,2-HBE-vpt-1.6.H,-37.71343322,145.08141108,521
HBE,Hurstbridge,2-HBE-vpt-1.6.H,-37.71329966,145.08156007,522
HBE,Hurstbridge,2-HBE-vpt-1.6.H,-37.7130432,145.08182726,523
HBE,Hurstbridge,2-HBE-vpt-1.6.H,-37.71278283,145.08207583,524
HBE,Hurstbridge,2-HBE-vpt-1.6.H,-37.71263712,145.08220415,525
HBE,Hurstbridge,2-HBE-vpt-1.6.H,-37.71242959,145.08239894,526
HBE,Hurstbridge,2-HBE-vpt-1.6.H,-37.71222447,145.08258154,527
HBE,Hurstbridge,2-HBE-vpt-1.6.H,-37.71210731,145.08269188,528
HBE,Hurstbridge,2-HBE-vpt-1.6.H,-37.7118837,145.08289605,529
HBE,Hurstbridge,2-HBE-vpt-1.6.H,-37.71177796,145.0829885,530
HBE,Hurstbridge,2-HBE-vpt-1.6.H,-37.71105553,145.08358532,531
HBE,Hurstbridge,2-HBE-vpt-1.6.H,-37.7109798,145.08365034,532
HBE,Hurstbridge,2-HBE-vpt-1.6.H,-37.71072779,145.08387543,533
HBE,Hurstbridge,2-HBE-vpt-1.6.H,-37.71049671,145.08410224,534
HBE,Hurstbridge,2-HBE-vpt-1.6.H,-37.71036864,145.08423475,535
HBE,Hurstbridge,2-HBE-vpt-1.6.H,-37.71026079,145.08435244,536
HBE,Hurstbridge,2-HBE-vpt-1.6.H,-37.71013366,145.08449297,537
HBE,Hurstbridge,2-HBE-vpt-1.6.H,-37.71005451,145.08458553,538
HBE,Hurstbridge,2-HBE-vpt-1.6.H,-37.7098481,145.08483859,539
HBE,Hurstbridge,2-HBE-vpt-1.6.H,-37.70949311,145.08529864,540
HBE,Hurstbridge,2-HBE-vpt-1.6.H,-37.70865467,145.08639445,541
HBE,Hurstbridge,2-HBE-vpt-1.6.H,-37.70853609,145.08655121,542
HBE,Hurstbridge,2-HBE-vpt-1.6.H,-37.70847712,145.08663837,543
HBE,Hurstbridge,2-HBE-vpt-1.6.H,-37.7075879,145.0877325,544
HBE,Hurstbridge,2-HBE-vpt-1.6.H,-37.70751302,145.0878161,545
HBE,Hurstbridge,2-HBE-vpt-1.6.H,-37.70740598,145.087929,546
HBE,Hurstbridge,2-HBE-vpt-1.6.H,-37.70725319,145.08808197,547
HBE,Hurstbridge,2-HBE-vpt-1.6.H,-37.70710146,145.08822835,548
HBE,Hurstbridge,2-HBE-vpt-1.6.H,-37.70697719,145.08834009,549
HBE,Hurstbridge,2-HBE-vpt-1.6.H,-37.70681411,145.08848131,550
HBE,Hurstbridge,2-HBE-vpt-1.6.H,-37.70657146,145.0886789,551
HBE,Hurstbridge,2-HBE-vpt-1.6.H,-37.70633299,145.08885586,552
HBE,Hurstbridge,2-HBE-vpt-1.6.H,-37.7061075,145.08901127,553
HBE,Hurstbridge,2-HBE-vpt-1.6.H,-37.70551722,145.08938952,554
HBE,Hurstbridge,2-HBE-vpt-1.6.H,-37.70486604,145.08979746,555
HBE,Hurstbridge,2-HBE-vpt-1.6.H,-37.70345318,145.09069102,556
HBE,Hurstbridge,2-HBE-vpt-1.6.H,-37.70317868,145.09086979,557
HBE,Hurstbridge,2-HBE-vpt-1.6.H,-37.70298067,145.09100746,558
HBE,Hurstbridge,2-HBE-vpt-1.6.H,-37.70285882,145.09109645,559
HBE,Hurstbridge,2-HBE-vpt-1.6.H,-37.70260707,145.09129404,560
HBE,Hurstbridge,2-HBE-vpt-1.6.H,-37.7024329,145.09144108,561
HBE,Hurstbridge,2-HBE-vpt-1.6.H,-37.70232584,145.09153547,562
HBE,Hurstbridge,2-HBE-vpt-1.6.H,-37.70212526,145.0917213,563
HBE,Hurstbridge,2-HBE-vpt-1.6.H,-37.70191634,145.09193162,564
HBE,Hurstbridge,2-HBE-vpt-1.6.H,-37.70174833,145.09210811,565
HBE,Hurstbridge,2-HBE-vpt-1.6.H,-37.70073152,145.09321227,566
HBE,Hurstbridge,2-HBE-vpt-1.6.H,-37.70008047,145.09392457,567
HBE,Hurstbridge,2-HBE-vpt-1.6.H,-37.69991303,145.09411974,568
HBE,Hurstbridge,2-HBE-vpt-1.6.H,-37.69981669,145.09423711,569
HBE,Hurstbridge,2-HBE-vpt-1.6.H,-37.69973108,145.09435454,570
HBE,Hurstbridge,2-HBE-vpt-1.6.H,-37.69965074,145.09447455,571
HBE,Hurstbridge,2-HBE-vpt-1.6.H,-37.69958482,145.09458342,572
HBE,Hurstbridge,2-HBE-vpt-1.6.H,-37.69951786,145.09470605,573
HBE,Hurstbridge,2-HBE-vpt-1.6.H,-37.69946352,145.09481212,574
HBE,Hurstbridge,2-HBE-vpt-1.6.H,-37.69936496,145.09503707,575
HBE,Hurstbridge,2-HBE-vpt-1.6.H,-37.69933061,145.09512562,576
HBE,Hurstbridge,2-HBE-vpt-1.6.H,-37.69929217,145.09522857,577
HBE,Hurstbridge,2-HBE-vpt-1.6.H,-37.69923457,145.09541197,578
HBE,Hurstbridge,2-HBE-vpt-1.6.H,-37.69920298,145.09552586,579
HBE,Hurstbridge,2-HBE-vpt-1.6.H,-37.69917263,145.09565015,580
HBE,Hurstbridge,2-HBE-vpt-1.6.H,-37.69910458,145.09597866,581
HBE,Hurstbridge,2-HBE-vpt-1.6.H,-37.69902257,145.09640246,582
HBE,Hurstbridge,2-HBE-vpt-1.6.H,-37.69898999,145.09659486,583
HBE,Hurstbridge,2-HBE-vpt-1.6.H,-37.69896222,145.09678385,584
HBE,Hurstbridge,2-HBE-vpt-1.6.H,-37.69894302,145.09696241,585
HBE,Hurstbridge,2-HBE-vpt-1.6.H,-37.69892934,145.09716464,586
HBE,Hurstbridge,2-HBE-vpt-1.6.H,-37.69892547,145.09732671,587
HBE,Hurstbridge,2-HBE-vpt-1.6.H,-37.69893091,145.09750725,588
HBE,Hurstbridge,2-HBE-vpt-1.6.H,-37.69894159,145.09765533,589
HBE,Hurstbridge,2-HBE-vpt-1.6.H,-37.69895574,145.09779504,590
HBE,Hurstbridge,2-HBE-vpt-1.6.H,-37.6989801,145.09798655,591
HBE,Hurstbridge,2-HBE-vpt-1.6.H,-37.69900456,145.09813995,592
HBE,Hurstbridge,2-HBE-vpt-1.6.H,-37.69902841,145.09825503,593
HBE,Hurstbridge,2-HBE-vpt-1.6.H,-37.6990637,145.09839795,594
HBE,Hurstbridge,2-HBE-vpt-1.6.H,-37.69910662,145.09855042,595
HBE,Hurstbridge,2-HBE-vpt-1.6.H,-37.69917604,145.09875315,596
HBE,Hurstbridge,2-HBE-vpt-1.6.H,-37.69931709,145.09911125,597
HBE,Hurstbridge,2-HBE-vpt-1.6.H,-37.69943501,145.09939871,598
HBE,Hurstbridge,2-HBE-vpt-1.6.H,-37.699547,145.09969324,599
HBE,Hurstbridge,2-HBE-vpt-1.6.H,-37.69965947,145.10003982,600
HBE,Hurstbridge,2-HBE-vpt-1.6.H,-37.69977416,145.10045723,601
HBE,Hurstbridge,2-HBE-vpt-1.6.H,-37.69995501,145.1011826,602
HBE,Hurstbridge,2-HBE-vpt-1.6.H,-37.70002336,145.10143696,603
HBE,Hurstbridge,2-HBE-vpt-1.6.H,-37.70008702,145.10165152,604
HBE,Hurstbridge,2-HBE-vpt-1.6.H,-37.70015864,145.10185737,605
HBE,Hurstbridge,2-HBE-vpt-1.6.H,-37.70023338,145.10204363,606
HBE,Hurstbridge,2-HBE-vpt-1.6.H,-37.70030662,145.10220975,607
HBE,Hurstbridge,2-HBE-vpt-1.6.H,-37.70038511,145.10236631,608
HBE,Hurstbridge,2-HBE-vpt-1.6.H,-37.70048122,145.10253694,609
HBE,Hurstbridge,2-HBE-vpt-1.6.H,-37.70052816,145.10261446,610
HBE,Hurstbridge,2-HBE-vpt-1.6.H,-37.70063933,145.10278539,611
HBE,Hurstbridge,2-HBE-vpt-1.6.H,-37.70072703,145.10290951,612
HBE,Hurstbridge,2-HBE-vpt-1.6.H,-37.70088954,145.10312904,613
HBE,Hurstbridge,2-HBE-vpt-1.6.H,-37.70130854,145.10368548,614
HBE,Hurstbridge,2-HBE-vpt-1.6.H,-37.70141944,145.10383974,615
HBE,Hurstbridge,2-HBE-vpt-1.6.H,-37.70151111,145.10398066,616
HBE,Hurstbridge,2-HBE-vpt-1.6.H,-37.70159527,145.1041203,617
HBE,Hurstbridge,2-HBE-vpt-1.6.H,-37.70165026,145.10421633,618
HBE,Hurstbridge,2-HBE-vpt-1.6.H,-37.70170733,145.10432411,619
HBE,Hurstbridge,2-HBE-vpt-1.6.H,-37.70177064,145.10445021,620
HBE,Hurstbridge,2-HBE-vpt-1.6.H,-37.70182636,145.10456947,621
HBE,Hurstbridge,2-HBE-vpt-1.6.H,-37.70192883,145.1048054,622
HBE,Hurstbridge,2-HBE-vpt-1.6.H,-37.70231459,145.10583365,623
HBE,Hurstbridge,2-HBE-vpt-1.6.H,-37.70245451,145.10617932,624
HBE,Hurstbridge,2-HBE-vpt-1.6.H,-37.70252623,145.10634095,625
HBE,Hurstbridge,2-HBE-vpt-1.6.H,-37.70259031,145.10647009,626
HBE,Hurstbridge,2-HBE-vpt-1.6.H,-37.70275918,145.10678895,627
HBE,Hurstbridge,2-HBE-vpt-1.6.H,-37.7028729,145.10697344,628
HBE,Hurstbridge,2-HBE-vpt-1.6.H,-37.70300641,145.10716661,629
HBE,Hurstbridge,2-HBE-vpt-1.6.H,-37.70312776,145.1073213,630
HBE,Hurstbridge,2-HBE-vpt-1.6.H,-37.703277,145.1075008,631
HBE,Hurstbridge,2-HBE-vpt-1.6.H,-37.70343598,145.10769775,632
HBE,Hurstbridge,2-HBE-vpt-1.6.H,-37.70363911,145.1079385,633
HBE,Hurstbridge,2-HBE-vpt-1.6.H,-37.7037648,145.10805497,634
HBE,Hurstbridge,2-HBE-vpt-1.6.H,-37.70390585,145.10817366,635
HBE,Hurstbridge,2-HBE-vpt-1.6.H,-37.70425994,145.10847148,636
HBE,Hurstbridge,2-HBE-vpt-1.6.H,-37.70503699,145.10914149,637
HBE,Hurstbridge,2-HBE-vpt-1.6.H,-37.70510816,145.10921274,638
HBE,Hurstbridge,2-HBE-vpt-1.6.H,-37.7052023,145.10929485,639
HBE,Hurstbridge,2-HBE-vpt-1.6.H,-37.70535398,145.1094076,640
HBE,Hurstbridge,2-HBE-vpt-1.6.H,-37.70550372,145.10950588,641
HBE,Hurstbridge,2-HBE-vpt-1.6.H,-37.70568501,145.10960518,642
HBE,Hurstbridge,2-HBE-vpt-1.6.H,-37.7059356,145.10973765,643
HBE,Hurstbridge,2-HBE-vpt-1.6.H,-37.70604888,145.1097941,644
HBE,Hurstbridge,2-HBE-vpt-1.6.H,-37.70616121,145.1098584,645
HBE,Hurstbridge,2-HBE-vpt-1.6.H,-37.70626006,145.10991929,646
HBE,Hurstbridge,2-HBE-vpt-1.6.H,-37.70639138,145.10999332,647
HBE,Hurstbridge,2-HBE-vpt-1.6.H,-37.70646323,145.11005082,648
HBE,Hurstbridge,2-HBE-vpt-1.6.H,-37.70658367,145.11015405,649
HBE,Hurstbridge,2-HBE-vpt-1.6.H,-37.70668343,145.11024385,650
HBE,Hurstbridge,2-HBE-vpt-1.6.H,-37.70685776,145.1104259,651
HBE,Hurstbridge,2-HBE-vpt-1.6.H,-37.70712608,145.11072025,652
HBE,Hurstbridge,2-HBE-vpt-1.6.H,-37.70743216,145.11106503,653
HBE,Hurstbridge,2-HBE-vpt-1.6.H,-37.7079983,145.11169474,654
HBE,Hurstbridge,2-HBE-vpt-1.6.H,-37.70822926,145.11192426,655
HBE,Hurstbridge,2-HBE-vpt-1.6.H,-37.70835601,145.11204525,656
HBE,Hurstbridge,2-HBE-vpt-1.6.H,-37.70850469,145.11217885,657
HBE,Hurstbridge,2-HBE-vpt-1.6.H,-37.70862832,145.1123183,658
HBE,Hurstbridge,2-HBE-vpt-1.6.H,-37.70884128,145.1125493,659
HBE,Hurstbridge,2-HBE-vpt-1.6.H,-37.7090749,145.11279281,660
HBE,Hurstbridge,2-HBE-vpt-1.6.H,-37.70922723,145.11294674,661
HBE,Hurstbridge,2-HBE-vpt-1.6.H,-37.70934937,145.11306649,662
HBE,Hurstbridge,2-HBE-vpt-1.6.H,-37.70947802,145.1131879,663
HBE,Hurstbridge,2-HBE-vpt-1.6.H,-37.70965899,145.11335154,664
HBE,Hurstbridge,2-HBE-vpt-1.6.H,-37.70983896,145.11349796,665
HBE,Hurstbridge,2-HBE-vpt-1.6.H,-37.71011922,145.11370491,666
HBE,Hurstbridge,2-HBE-vpt-1.6.H,-37.71048683,145.11399279,667
HBE,Hurstbridge,2-HBE-vpt-1.6.H,-37.71078623,145.11424725,668
HBE,Hurstbridge,2-HBE-vpt-1.6.H,-37.71091059,145.11435935,669
HBE,Hurstbridge,2-HBE-vpt-1.6.H,-37.71124553,145.11460462,670
HBE,Hurstbridge,2-HBE-vpt-1.6.H,-37.71178626,145.11501053,671
HBE,Hurstbridge,2-HBE-vpt-1.6.H,-37.71221431,145.11534137,672
HBE,Hurstbridge,2-HBE-vpt-1.6.H,-37.71291867,145.11586952,673
HBE,Hurstbridge,2-HBE-vpt-1.6.H,-37.71322077,145.11610781,674
HBE,Hurstbridge,2-HBE-vpt-1.6.H,-37.71344883,145.11628014,675
HBE,Hurstbridge,2-HBE-vpt-1.6.H,-37.71366891,145.1164723,676
HBE,Hurstbridge,2-HBE-vpt-1.6.H,-37.71382839,145.1166449,677
HBE,Hurstbridge,2-HBE-vpt-1.6.H,-37.71399528,145.1168468,678
HBE,Hurstbridge,2-HBE-vpt-1.6.H,-37.7142313,145.11719023,679
HBE,Hurstbridge,2-HBE-vpt-1.6.H,-37.71431199,145.11731661,680
HBE,Hurstbridge,2-HBE-vpt-1.6.H,-37.71436487,145.11740546,681
HBE,Hurstbridge,2-HBE-vpt-1.6.H,-37.71448248,145.1176313,682
HBE,Hurstbridge,2-HBE-vpt-1.6.H,-37.71455662,145.11778745,683
HBE,Hurstbridge,2-HBE-vpt-1.6.H,-37.71461303,145.11791705,684
HBE,Hurstbridge,2-HBE-vpt-1.6.H,-37.71467103,145.11806703,685
HBE,Hurstbridge,2-HBE-vpt-1.6.H,-37.71471271,145.11818249,686
HBE,Hurstbridge,2-HBE-vpt-1.6.H,-37.7147998,145.11845017,687
HBE,Hurstbridge,2-HBE-vpt-1.6.H,-37.71486689,145.11869533,688
HBE,Hurstbridge,2-HBE-vpt-1.6.H,-37.71490466,145.1188878,689
HBE,Hurstbridge,2-HBE-vpt-1.6.H,-37.71493053,145.11904086,690
HBE,Hurstbridge,2-HBE-vpt-1.6.H,-37.71495193,145.11919563,691
HBE,Hurstbridge,2-HBE-vpt-1.6.H,-37.71505433,145.12001608,692
HBE,Hurstbridge,2-HBE-vpt-1.6.H,-37.7152095,145.12111168,693
HBE,Hurstbridge,2-HBE-vpt-1.6.H,-37.71526603,145.12151435,694
HBE,Hurstbridge,2-HBE-vpt-1.6.H,-37.71527703,145.12157703,695
HBE,Hurstbridge,2-HBE-vpt-1.6.H,-37.71530508,145.12170281,696
HBE,Hurstbridge,2-HBE-vpt-1.6.H,-37.71536353,145.12192074,697
HBE,Hurstbridge,2-HBE-vpt-1.6.H,-37.71542907,145.12214859,698
HBE,Hurstbridge,2-HBE-vpt-1.6.H,-37.71565022,145.12277581,699
HBE,Hurstbridge,2-HBE-vpt-1.6.H,-37.71577783,145.12312121,700
HBE,Hurstbridge,2-HBE-vpt-1.6.H,-37.71585419,145.12333778,701
HBE,Hurstbridge,2-HBE-vpt-1.6.H,-37.71605632,145.12388075,702
HBE,Hurstbridge,2-HBE-vpt-1.6.H,-37.71623214,145.12438955,703
HBE,Hurstbridge,2-HBE-vpt-1.6.H,-37.7163428,145.12474026,704
HBE,Hurstbridge,2-HBE-vpt-1.6.H,-37.71639288,145.12491995,705
HBE,Hurstbridge,2-HBE-vpt-1.6.H,-37.71644537,145.12512067,706
HBE,Hurstbridge,2-HBE-vpt-1.6.H,-37.7164781,145.12526336,707
HBE,Hurstbridge,2-HBE-vpt-1.6.H,-37.71654526,145.12558159,708
HBE,Hurstbridge,2-HBE-vpt-1.6.H,-37.71657537,145.12576371,709
HBE,Hurstbridge,2-HBE-vpt-1.6.H,-37.71660099,145.12593528,710
HBE,Hurstbridge,2-HBE-vpt-1.6.H,-37.71662097,145.12609235,711
HBE,Hurstbridge,2-HBE-vpt-1.6.H,-37.7166374,145.1262468,712
HBE,Hurstbridge,2-HBE-vpt-1.6.H,-37.71666744,145.1266574,713
HBE,Hurstbridge,2-HBE-vpt-1.6.H,-37.71668061,145.12707161,714
HBE,Hurstbridge,2-HBE-vpt-1.6.H,-37.71667673,145.12734376,715
HBE,Hurstbridge,2-HBE-vpt-1.6.H,-37.71666892,145.12756699,716
HBE,Hurstbridge,2-HBE-vpt-1.6.H,-37.71663649,145.12822025,717
HBE,Hurstbridge,2-HBE-vpt-1.6.H,-37.71661321,145.12861019,718
HBE,Hurstbridge,2-HBE-vpt-1.6.H,-37.71659143,145.12894132,719
HBE,Hurstbridge,2-HBE-vpt-1.6.H,-37.71657574,145.12912755,720
HBE,Hurstbridge,2-HBE-vpt-1.6.H,-37.71655529,145.12931548,721
HBE,Hurstbridge,2-HBE-vpt-1.6.H,-37.71652973,145.12951636,722
HBE,Hurstbridge,2-HBE-vpt-1.6.H,-37.71650572,145.12967329,723
HBE,Hurstbridge,2-HBE-vpt-1.6.H,-37.7164623,145.12991875,724
HBE,Hurstbridge,2-HBE-vpt-1.6.H,-37.71642177,145.13012465,725
HBE,Hurstbridge,2-HBE-vpt-1.6.H,-37.71635356,145.13040375,726
HBE,Hurstbridge,2-HBE-vpt-1.6.H,-37.71630579,145.1305851,727
HBE,Hurstbridge,2-HBE-vpt-1.6.H,-37.71625187,145.13076548,728
HBE,Hurstbridge,2-HBE-vpt-1.6.H,-37.71618869,145.13096367,729
HBE,Hurstbridge,2-HBE-vpt-1.6.H,-37.71612059,145.13115915,730
HBE,Hurstbridge,2-HBE-vpt-1.6.H,-37.71606066,145.13131835,731
HBE,Hurstbridge,2-HBE-vpt-1.6.H,-37.71600194,145.13146266,732
HBE,Hurstbridge,2-HBE-vpt-1.6.H,-37.71593586,145.13161475,733
HBE,Hurstbridge,2-HBE-vpt-1.6.H,-37.71582577,145.1318562,734
HBE,Hurstbridge,2-HBE-vpt-1.6.H,-37.71562084,145.13226034,735
HBE,Hurstbridge,2-HBE-vpt-1.6.H,-37.71512342,145.13319594,736
HBE,Hurstbridge,2-HBE-vpt-1.6.H,-37.71490357,145.13362586,737
HBE,Hurstbridge,2-HBE-vpt-1.6.H,-37.71482217,145.13380647,738
HBE,Hurstbridge,2-HBE-vpt-1.6.H,-37.71477517,145.13392325,739
HBE,Hurstbridge,2-HBE-vpt-1.6.H,-37.7146858,145.13417575,740
HBE,Hurstbridge,2-HBE-vpt-1.6.H,-37.71464884,145.13429999,741
HBE,Hurstbridge,2-HBE-vpt-1.6.H,-37.71461281,145.13443805,742
HBE,Hurstbridge,2-HBE-vpt-1.6.H,-37.71458436,145.13456526,743
HBE,Hurstbridge,2-HBE-vpt-1.6.H,-37.71454488,145.13476988,744
HBE,Hurstbridge,2-HBE-vpt-1.6.H,-37.71453419,145.13483424,745
HBE,Hurstbridge,2-HBE-vpt-1.6.H,-37.71452208,145.13493461,746
HBE,Hurstbridge,2-HBE-vpt-1.6.H,-37.71450429,145.13512065,747
HBE,Hurstbridge,2-HBE-vpt-1.6.H,-37.71449447,145.1352686,748
HBE,Hurstbridge,2-HBE-vpt-1.6.H,-37.71449123,145.13541139,749
HBE,Hurstbridge,2-HBE-vpt-1.6.H,-37.7144919,145.13556215,750
HBE,Hurstbridge,2-HBE-vpt-1.6.H,-37.71449784,145.1356928,751
HBE,Hurstbridge,2-HBE-vpt-1.6.H,-37.71450737,145.135822,752
HBE,Hurstbridge,2-HBE-vpt-1.6.H,-37.71452641,145.1359833,753
HBE,Hurstbridge,2-HBE-vpt-1.6.H,-37.71454758,145.13613671,754
HBE,Hurstbridge,2-HBE-vpt-1.6.H,-37.71457408,145.13628489,755
HBE,Hurstbridge,2-HBE-vpt-1.6.H,-37.71460868,145.13643842,756
HBE,Hurstbridge,2-HBE-vpt-1.6.H,-37.71466286,145.13664489,757
HBE,Hurstbridge,2-HBE-vpt-1.6.H,-37.71471828,145.13682139,758
HBE,Hurstbridge,2-HBE-vpt-1.6.H,-37.71477608,145.13697706,759
HBE,Hurstbridge,2-HBE-vpt-1.6.H,-37.71483806,145.13712389,760
HBE,Hurstbridge,2-HBE-vpt-1.6.H,-37.71495266,145.13735563,761
HBE,Hurstbridge,2-HBE-vpt-1.6.H,-37.7150126,145.13745895,762
HBE,Hurstbridge,2-HBE-vpt-1.6.H,-37.71515248,145.137682,763
HBE,Hurstbridge,2-HBE-vpt-1.6.H,-37.7153553,145.13797619,764
HBE,Hurstbridge,2-HBE-vpt-1.6.H,-37.7159984,145.13888866,765
HBE,Hurstbridge,2-HBE-vpt-1.6.H,-37.71618136,145.13915738,766
HBE,Hurstbridge,2-HBE-vpt-1.6.H,-37.71633033,145.13941458,767
HBE,Hurstbridge,2-HBE-vpt-1.6.H,-37.71641161,145.13957364,768
HBE,Hurstbridge,2-HBE-vpt-1.6.H,-37.7165228,145.13982941,769
HBE,Hurstbridge,2-HBE-vpt-1.6.H,-37.71660102,145.14005197,770
HBE,Hurstbridge,2-HBE-vpt-1.6.H,-37.71664647,145.14020762,771
HBE,Hurstbridge,2-HBE-vpt-1.6.H,-37.71668024,145.14033747,772
HBE,Hurstbridge,2-HBE-vpt-1.6.H,-37.71670898,145.14046233,773
HBE,Hurstbridge,2-HBE-vpt-1.6.H,-37.71675054,145.14069205,774
HBE,Hurstbridge,2-HBE-vpt-1.6.H,-37.7167679,145.14081527,775
HBE,Hurstbridge,2-HBE-vpt-1.6.H,-37.716779,145.14093071,776
HBE,Hurstbridge,2-HBE-vpt-1.6.H,-37.71678658,145.14102298,777
HBE,Hurstbridge,2-HBE-vpt-1.6.H,-37.716794,145.14116166,778
HBE,Hurstbridge,2-HBE-vpt-1.6.H,-37.71679793,145.14129089,779
HBE,Hurstbridge,2-HBE-vpt-1.6.H,-37.71679736,145.14144338,780
HBE,Hurstbridge,2-HBE-vpt-1.6.H,-37.71678866,145.14161184,781
HBE,Hurstbridge,2-HBE-vpt-1.6.H,-37.71676512,145.14186815,782
HBE,Hurstbridge,2-HBE-vpt-1.6.H,-37.71673082,145.14210475,783
HBE,Hurstbridge,2-HBE-vpt-1.6.H,-37.71670448,145.1422344,784
HBE,Hurstbridge,2-HBE-vpt-1.6.H,-37.71666764,145.14241309,785
HBE,Hurstbridge,2-HBE-vpt-1.6.H,-37.71640814,145.14357731,786
HBE,Hurstbridge,2-HBE-vpt-1.6.H,-37.7162749,145.14415854,787
HBE,Hurstbridge,2-HBE-vpt-1.6.H,-37.71612484,145.14483922,788
HBE,Hurstbridge,2-HBE-vpt-1.6.H,-37.7160736,145.14503075,789
HBE,Hurstbridge,2-HBE-vpt-1.6.H,-37.71603236,145.14516996,790
HBE,Hurstbridge,2-HBE-vpt-1.6.H,-37.71598847,145.14530163,791
HBE,Hurstbridge,2-HBE-vpt-1.6.H,-37.7159357,145.14544215,792
HBE,Hurstbridge,2-HBE-vpt-1.6.H,-37.71588586,145.14556229,793
HBE,Hurstbridge,2-HBE-vpt-1.6.H,-37.71585059,145.14564031,794
HBE,Hurstbridge,2-HBE-vpt-1.6.H,-37.71574388,145.14585183,795
HBE,Hurstbridge,2-HBE-vpt-1.6.H,-37.71562974,145.14604333,796
HBE,Hurstbridge,2-HBE-vpt-1.6.H,-37.71556759,145.14613723,797
HBE,Hurstbridge,2-HBE-vpt-1.6.H,-37.71541103,145.14634216,798
HBE,Hurstbridge,2-HBE-vpt-1.6.H,-37.71534346,145.14642371,799
HBE,Hurstbridge,2-HBE-vpt-1.6.H,-37.71508919,145.14670209,800
HBE,Hurstbridge,2-HBE-vpt-1.6.H,-37.71500492,145.14678802,801
HBE,Hurstbridge,2-HBE-vpt-1.6.H,-37.71488517,145.14690366,802
HBE,Hurstbridge,2-HBE-vpt-1.6.H,-37.71468597,145.14708548,803
HBE,Hurstbridge,2-HBE-vpt-1.6.H,-37.71462403,145.1471408,804
HBE,Hurstbridge,2-HBE-vpt-1.6.H,-37.71444649,145.14729009,805
HBE,Hurstbridge,2-HBE-vpt-1.6.H,-37.71428576,145.14741355,806
HBE,Hurstbridge,2-HBE-vpt-1.6.H,-37.71413782,145.14751911,807
HBE,Hurstbridge,2-HBE-vpt-1.6.H,-37.71398726,145.14761895,808
HBE,Hurstbridge,2-HBE-vpt-1.6.H,-37.71381341,145.14772697,809
HBE,Hurstbridge,2-HBE-vpt-1.6.H,-37.71348566,145.14792344,810
HBE,Hurstbridge,2-HBE-vpt-1.6.H,-37.71340978,145.1479639,811
HBE,Hurstbridge,2-HBE-vpt-1.6.H,-37.71331152,145.14801377,812
HBE,Hurstbridge,2-HBE-vpt-1.6.H,-37.71324683,145.14804329,813
HBE,Hurstbridge,2-HBE-vpt-1.6.H,-37.71321028,145.14805724,814
HBE,Hurstbridge,2-HBE-vpt-1.6.H,-37.71312711,145.14808688,815
HBE,Hurstbridge,2-HBE-vpt-1.6.H,-37.7128795,145.14816429,816
HBE,Hurstbridge,2-HBE-vpt-1.6.H,-37.71278011,145.14819989,817
HBE,Hurstbridge,2-HBE-vpt-1.6.H,-37.71268932,145.1482372,818
HBE,Hurstbridge,2-HBE-vpt-1.6.H,-37.71238811,145.14836744,819
HBE,Hurstbridge,2-HBE-vpt-1.6.H,-37.7122166,145.14845328,820
HBE,Hurstbridge,2-HBE-vpt-1.6.H,-37.711986,145.1485576,821
HBE,Hurstbridge,2-HBE-vpt-1.6.H,-37.71173542,145.14865255,822
HBE,Hurstbridge,2-HBE-vpt-1.6.H,-37.7115986,145.14869736,823
HBE,Hurstbridge,2-HBE-vpt-1.6.H,-37.71141872,145.14874936,824
HBE,Hurstbridge,2-HBE-vpt-1.6.H,-37.7112871,145.148781,825
HBE,Hurstbridge,2-HBE-vpt-1.6.H,-37.71115453,145.14880937,826
HBE,Hurstbridge,2-HBE-vpt-1.6.H,-37.7109673,145.14884125,827
HBE,Hurstbridge,2-HBE-vpt-1.6.H,-37.71081597,145.14886306,828
HBE,Hurstbridge,2-HBE-vpt-1.6.H,-37.71066583,145.14888041,829
HBE,Hurstbridge,2-HBE-vpt-1.6.H,-37.7105569,145.14888765,830
HBE,Hurstbridge,2-HBE-vpt-1.6.H,-37.71036702,145.14889408,831
HBE,Hurstbridge,2-HBE-vpt-1.6.H,-37.71024302,145.14889444,832
HBE,Hurstbridge,2-HBE-vpt-1.6.H,-37.71012013,145.14889081,833
HBE,Hurstbridge,2-HBE-vpt-1.6.H,-37.70997409,145.14888242,834
HBE,Hurstbridge,2-HBE-vpt-1.6.H,-37.70981283,145.14886896,835
HBE,Hurstbridge,2-HBE-vpt-1.6.H,-37.70959737,145.14884732,836
HBE,Hurstbridge,2-HBE-vpt-1.6.H,-37.70888984,145.14876216,837
HBE,Hurstbridge,2-HBE-vpt-1.6.H,-37.7087193,145.14874315,838
HBE,Hurstbridge,2-HBE-vpt-1.6.H,-37.70846721,145.14871879,839
HBE,Hurstbridge,2-HBE-vpt-1.6.H,-37.70829081,145.14871104,840
HBE,Hurstbridge,2-HBE-vpt-1.6.H,-37.70819501,145.1487107,841
HBE,Hurstbridge,2-HBE-vpt-1.6.H,-37.70809811,145.14871527,842
HBE,Hurstbridge,2-HBE-vpt-1.6.H,-37.70789548,145.14873597,843
HBE,Hurstbridge,2-HBE-vpt-1.6.H,-37.70777562,145.14875925,844
HBE,Hurstbridge,2-HBE-vpt-1.6.H,-37.70767166,145.14878476,845
HBE,Hurstbridge,2-HBE-vpt-1.6.H,-37.70757082,145.14881381,846
HBE,Hurstbridge,2-HBE-vpt-1.6.H,-37.70746979,145.14884774,847
HBE,Hurstbridge,2-HBE-vpt-1.6.H,-37.70738406,145.14888096,848
HBE,Hurstbridge,2-HBE-vpt-1.6.H,-37.70719817,145.1489685,849
HBE,Hurstbridge,2-HBE-vpt-1.6.H,-37.70709134,145.14902935,850
HBE,Hurstbridge,2-HBE-vpt-1.6.H,-37.70699099,145.14908981,851
HBE,Hurstbridge,2-HBE-vpt-1.6.H,-37.70689841,145.14915133,852
HBE,Hurstbridge,2-HBE-vpt-1.6.H,-37.70676948,145.14925107,853
HBE,Hurstbridge,2-HBE-vpt-1.6.H,-37.70667539,145.14933145,854
HBE,Hurstbridge,2-HBE-vpt-1.6.H,-37.7065526,145.14944885,855
HBE,Hurstbridge,2-HBE-vpt-1.6.H,-37.70645402,145.14955316,856
HBE,Hurstbridge,2-HBE-vpt-1.6.H,-37.70636747,145.149654,857
HBE,Hurstbridge,2-HBE-vpt-1.6.H,-37.70626644,145.14978049,858
HBE,Hurstbridge,2-HBE-vpt-1.6.H,-37.70602266,145.15011313,859
HBE,Hurstbridge,2-HBE-vpt-1.6.H,-37.70572889,145.150534,860
HBE,Hurstbridge,2-HBE-vpt-1.6.H,-37.70541324,145.15099115,861
HBE,Hurstbridge,2-HBE-vpt-1.6.H,-37.70482909,145.15182543,862
HBE,Hurstbridge,2-HBE-vpt-1.6.H,-37.70419088,145.15274736,863
HBE,Hurstbridge,2-HBE-vpt-1.6.H,-37.70373994,145.15340498,864
HBE,Hurstbridge,2-HBE-vpt-1.6.H,-37.70362823,145.15356293,865
HBE,Hurstbridge,2-HBE-vpt-1.6.H,-37.70343343,145.15382978,866
HBE,Hurstbridge,2-HBE-vpt-1.6.H,-37.70323931,145.15406633,867
HBE,Hurstbridge,2-HBE-vpt-1.6.H,-37.70304273,145.15427764,868
HBE,Hurstbridge,2-HBE-vpt-1.6.H,-37.70286566,145.1544397,869
HBE,Hurstbridge,2-HBE-vpt-1.6.H,-37.70267938,145.15459552,870
HBE,Hurstbridge,2-HBE-vpt-1.6.H,-37.70248479,145.15473805,871
HBE,Hurstbridge,2-HBE-vpt-1.6.H,-37.70227317,145.15486375,872
HBE,Hurstbridge,2-HBE-vpt-1.6.H,-37.70206648,145.15497062,873
HBE,Hurstbridge,2-HBE-vpt-1.6.H,-37.70187478,145.15505625,874
HBE,Hurstbridge,2-HBE-vpt-1.6.H,-37.70159427,145.15515099,875
HBE,Hurstbridge,2-HBE-vpt-1.6.H,-37.70134233,145.15521134,876
HBE,Hurstbridge,2-HBE-vpt-1.6.H,-37.70107239,145.15524957,877
HBE,Hurstbridge,2-HBE-vpt-1.6.H,-37.70088508,145.15525909,878
HBE,Hurstbridge,2-HBE-vpt-1.6.H,-37.70065271,145.15525645,879
HBE,Hurstbridge,2-HBE-vpt-1.6.H,-37.70043099,145.15523235,880
HBE,Hurstbridge,2-HBE-vpt-1.6.H,-37.7002191,145.15519665,881
HBE,Hurstbridge,2-HBE-vpt-1.6.H,-37.70002604,145.15514938,882
HBE,Hurstbridge,2-HBE-vpt-1.6.H,-37.69983414,145.15508971,883
HBE,Hurstbridge,2-HBE-vpt-1.6.H,-37.69962034,145.15500745,884
HBE,Hurstbridge,2-HBE-vpt-1.6.H,-37.69937851,145.15489015,885
HBE,Hurstbridge,2-HBE-vpt-1.6.H,-37.6992209,145.15479901,886
HBE,Hurstbridge,2-HBE-vpt-1.6.H,-37.6990458,145.15468415,887
HBE,Hurstbridge,2-HBE-vpt-1.6.H,-37.69887023,145.15455671,888
HBE,Hurstbridge,2-HBE-vpt-1.6.H,-37.6986571,145.15437836,889
HBE,Hurstbridge,2-HBE-vpt-1.6.H,-37.69852778,145.15425806,890
HBE,Hurstbridge,2-HBE-vpt-1.6.H,-37.6983522,145.15407243,891
HBE,Hurstbridge,2-HBE-vpt-1.6.H,-37.69776101,145.15338253,892
HBE,Hurstbridge,2-HBE-vpt-1.6.H,-37.69734601,145.15291749,893
HBE,Hurstbridge,2-HBE-vpt-1.6.H,-37.69707442,145.15267232,894
HBE,Hurstbridge,2-HBE-vpt-1.6.H,-37.69681673,145.15250326,895
HBE,Hurstbridge,2-HBE-vpt-1.6.H,-37.69645992,145.15235311,896
HBE,Hurstbridge,2-HBE-vpt-1.6.H,-37.69611367,145.15228401,897
HBE,Hurstbridge,2-HBE-vpt-1.6.H,-37.69580404,145.15228002,898
HBE,Hurstbridge,2-HBE-vpt-1.6.H,-37.69550917,145.15232635,899
HBE,Hurstbridge,2-HBE-vpt-1.6.H,-37.69516546,145.15245352,900
HBE,Hurstbridge,2-HBE-vpt-1.6.H,-37.69320682,145.15357967,901
HBE,Hurstbridge,2-HBE-vpt-1.6.H,-37.69091341,145.15494427,902
HBE,Hurstbridge,2-HBE-vpt-1.6.H,-37.68959724,145.15570826,903
HBE,Hurstbridge,2-HBE-vpt-1.6.H,-37.68935598,145.15584046,904
HBE,Hurstbridge,2-HBE-vpt-1.6.H,-37.68913223,145.15595192,905
HBE,Hurstbridge,2-HBE-vpt-1.6.H,-37.68884807,145.15607804,906
HBE,Hurstbridge,2-HBE-vpt-1.6.H,-37.68860814,145.15616824,907
HBE,Hurstbridge,2-HBE-vpt-1.6.H,-37.68848496,145.15620996,908
HBE,Hurstbridge,2-HBE-vpt-1.6.H,-37.68820806,145.15627624,909
HBE,Hurstbridge,2-HBE-vpt-1.6.H,-37.68787608,145.15633017,910
HBE,Hurstbridge,2-HBE-vpt-1.6.H,-37.68757249,145.15636615,911
HBE,Hurstbridge,2-HBE-vpt-1.6.H,-37.68729267,145.15638408,912
HBE,Hurstbridge,2-HBE-vpt-1.6.H,-37.68706502,145.15637815,913
HBE,Hurstbridge,2-HBE-vpt-1.6.H,-37.68679942,145.15636613,914
HBE,Hurstbridge,2-HBE-vpt-1.6.H,-37.68655283,145.15633617,915
HBE,Hurstbridge,2-HBE-vpt-1.6.H,-37.68623971,145.15627622,916
HBE,Hurstbridge,2-HBE-vpt-1.6.H,-37.68599779,145.15621633,917
HBE,Hurstbridge,2-HBE-vpt-1.6.H,-37.68575116,145.1561384,918
HBE,Hurstbridge,2-HBE-vpt-1.6.H,-37.68553301,145.15603653,919
HBE,Hurstbridge,2-HBE-vpt-1.6.H,-37.68506082,145.15570553,920
HBE,Hurstbridge,2-HBE-vpt-1.6.H,-37.68480252,145.15551506,921
HBE,Hurstbridge,2-HBE-vpt-1.6.H,-37.68464089,145.15539149,922
HBE,Hurstbridge,2-HBE-vpt-1.6.H,-37.68436533,145.15510563,923
HBE,Hurstbridge,2-HBE-vpt-1.6.H,-37.68381229,145.1544919,924
HBE,Hurstbridge,2-HBE-vpt-1.6.H,-37.68367981,145.15434765,925
HBE,Hurstbridge,2-HBE-vpt-1.6.H,-37.68321198,145.15382367,926
HBE,Hurstbridge,2-HBE-vpt-1.6.H,-37.68236661,145.1528895,927
HBE,Hurstbridge,2-HBE-vpt-1.6.H,-37.68189903,145.15241077,928
HBE,Hurstbridge,2-HBE-vpt-1.6.H,-37.68169525,145.15223111,929
HBE,Hurstbridge,2-HBE-vpt-1.6.H,-37.68152668,145.15210239,930
HBE,Hurstbridge,2-HBE-vpt-1.6.H,-37.68133934,145.15197165,931
HBE,Hurstbridge,2-HBE-vpt-1.6.H,-37.68125288,145.15191789,932
HBE,Hurstbridge,2-HBE-vpt-1.6.H,-37.68091849,145.15174838,933
HBE,Hurstbridge,2-HBE-vpt-1.6.H,-37.68072489,145.15167835,934
HBE,Hurstbridge,2-HBE-vpt-1.6.H,-37.68051761,145.15161534,935
HBE,Hurstbridge,2-HBE-vpt-1.6.H,-37.68034734,145.15157308,936
HBE,Hurstbridge,2-HBE-vpt-1.6.H,-37.68019012,145.15154104,937
HBE,Hurstbridge,2-HBE-vpt-1.6.H,-37.6799012,145.15151328,938
HBE,Hurstbridge,2-HBE-vpt-1.6.H,-37.67977399,145.1515102,939
HBE,Hurstbridge,2-HBE-vpt-1.6.H,-37.67951058,145.15152298,940
HBE,Hurstbridge,2-HBE-vpt-1.6.H,-37.67938318,145.15153646,941
HBE,Hurstbridge,2-HBE-vpt-1.6.H,-37.67921604,145.15156147,942
HBE,Hurstbridge,2-HBE-vpt-1.6.H,-37.67898184,145.15161502,943
HBE,Hurstbridge,2-HBE-vpt-1.6.H,-37.67876638,145.15168534,944
HBE,Hurstbridge,2-HBE-vpt-1.6.H,-37.67860648,145.1517417,945
HBE,Hurstbridge,2-HBE-vpt-1.6.H,-37.67840417,145.15183437,946
HBE,Hurstbridge,2-HBE-vpt-1.6.H,-37.67816826,145.15196847,947
HBE,Hurstbridge,2-HBE-vpt-1.6.H,-37.67798068,145.15209275,948
HBE,Hurstbridge,2-HBE-vpt-1.6.H,-37.67780849,145.15222662,949
HBE,Hurstbridge,2-HBE-vpt-1.6.H,-37.67766762,145.15234124,950
HBE,Hurstbridge,2-HBE-vpt-1.6.H,-37.6774564,145.15253845,951
HBE,Hurstbridge,2-HBE-vpt-1.6.H,-37.67727003,145.15273447,952
HBE,Hurstbridge,2-HBE-vpt-1.6.H,-37.67691224,145.153119,953
HBE,Hurstbridge,2-HBE-vpt-1.6.H,-37.67659476,145.15347712,954
HBE,Hurstbridge,2-HBE-vpt-1.6.H,-37.6755642,145.15459855,955
HBE,Hurstbridge,2-HBE-vpt-1.6.H,-37.67527678,145.15492575,956
HBE,Hurstbridge,2-HBE-vpt-1.6.H,-37.67506738,145.15517585,957
HBE,Hurstbridge,2-HBE-vpt-1.6.H,-37.67486605,145.15544673,958
HBE,Hurstbridge,2-HBE-vpt-1.6.H,-37.67469922,145.15568262,959
HBE,Hurstbridge,2-HBE-vpt-1.6.H,-37.6745425,145.15591893,960
HBE,Hurstbridge,2-HBE-vpt-1.6.H,-37.67429157,145.15633185,961
HBE,Hurstbridge,2-HBE-vpt-1.6.H,-37.67408,145.15673155,962
HBE,Hurstbridge,2-HBE-vpt-1.6.H,-37.67396722,145.15696565,963
HBE,Hurstbridge,2-HBE-vpt-1.6.H,-37.67378946,145.15736655,964
HBE,Hurstbridge,2-HBE-vpt-1.6.H,-37.67365088,145.1577091,965
HBE,Hurstbridge,2-HBE-vpt-1.6.H,-37.67352034,145.15807516,966
HBE,Hurstbridge,2-HBE-vpt-1.6.H,-37.67345119,145.1582873,967
HBE,Hurstbridge,2-HBE-vpt-1.6.H,-37.67339301,145.15849158,968
HBE,Hurstbridge,2-HBE-vpt-1.6.H,-37.67330003,145.15882791,969
HBE,Hurstbridge,2-HBE-vpt-1.6.H,-37.6732416,145.15907403,970
HBE,Hurstbridge,2-HBE-vpt-1.6.H,-37.67318328,145.15934453,971
HBE,Hurstbridge,2-HBE-vpt-1.6.H,-37.67313172,145.15961554,972
HBE,Hurstbridge,2-HBE-vpt-1.6.H,-37.67308497,145.15991716,973
HBE,Hurstbridge,2-HBE-vpt-1.6.H,-37.67305077,145.16017413,974
HBE,Hurstbridge,2-HBE-vpt-1.6.H,-37.67295474,145.16112438,975
HBE,Hurstbridge,2-HBE-vpt-1.6.H,-37.67281327,145.16303359,976
HBE,Hurstbridge,2-HBE-vpt-1.6.H,-37.67278157,145.16332395,977
HBE,Hurstbridge,2-HBE-vpt-1.6.H,-37.67272863,145.16366325,978
HBE,Hurstbridge,2-HBE-vpt-1.6.H,-37.67267434,145.16391527,979
HBE,Hurstbridge,2-HBE-vpt-1.6.H,-37.67261217,145.16415955,980
HBE,Hurstbridge,2-HBE-vpt-1.6.H,-37.67252759,145.16441731,981
HBE,Hurstbridge,2-HBE-vpt-1.6.H,-37.67239917,145.16475892,982
HBE,Hurstbridge,2-HBE-vpt-1.6.H,-37.67228004,145.16502002,983
HBE,Hurstbridge,2-HBE-vpt-1.6.H,-37.6721768,145.16521361,984
HBE,Hurstbridge,2-HBE-vpt-1.6.H,-37.67203578,145.16545825,985
HBE,Hurstbridge,2-HBE-vpt-1.6.H,-37.67111934,145.16690769,986
HBE,Hurstbridge,2-HBE-vpt-1.6.H,-37.6710072,145.16709186,987
HBE,Hurstbridge,2-HBE-vpt-1.6.H,-37.67084044,145.1674141,988
HBE,Hurstbridge,2-HBE-vpt-1.6.H,-37.67076191,145.16757998,989
HBE,Hurstbridge,2-HBE-vpt-1.6.H,-37.67068254,145.16776765,990
HBE,Hurstbridge,2-HBE-vpt-1.6.H,-37.67057039,145.16807857,991
HBE,Hurstbridge,2-HBE-vpt-1.6.H,-37.67048382,145.16834759,992
HBE,Hurstbridge,2-HBE-vpt-1.6.H,-37.66780611,145.1774675,993
HBE,Hurstbridge,2-HBE-vpt-1.6.H,-37.66775753,145.1776248,994
HBE,Hurstbridge,2-HBE-vpt-1.6.H,-37.66769679,145.17780565,995
HBE,Hurstbridge,2-HBE-vpt-1.6.H,-37.66762401,145.1780005,996
HBE,Hurstbridge,2-HBE-vpt-1.6.H,-37.66755107,145.17817337,997
HBE,Hurstbridge,2-HBE-vpt-1.6.H,-37.66739133,145.17850912,998
HBE,Hurstbridge,2-HBE-vpt-1.6.H,-37.66725626,145.1787615,999
HBE,Hurstbridge,2-HBE-vpt-1.6.H,-37.66647733,145.18012696,1000
HBE,Hurstbridge,2-HBE-vpt-1.6.H,-37.66638626,145.18027577,1001
HBE,Hurstbridge,2-HBE-vpt-1.6.H,-37.66628404,145.18043245,1002
HBE,Hurstbridge,2-HBE-vpt-1.6.H,-37.66616242,145.18059278,1003
HBE,Hurstbridge,2-HBE-vpt-1.6.H,-37.66598342,145.18079635,1004
HBE,Hurstbridge,2-HBE-vpt-1.6.H,-37.66587224,145.18089781,1005
HBE,Hurstbridge,2-HBE-vpt-1.6.H,-37.66570638,145.18102419,1006
HBE,Hurstbridge,2-HBE-vpt-1.6.H,-37.66552264,145.18113592,1007
HBE,Hurstbridge,2-HBE-vpt-1.6.H,-37.66530491,145.18123034,1008
HBE,Hurstbridge,2-HBE-vpt-1.6.H,-37.66512854,145.18130006,1009
HBE,Hurstbridge,2-HBE-vpt-1.6.H,-37.66481801,145.18140741,1010
HBE,Hurstbridge,2-HBE-vpt-1.6.H,-37.66400213,145.18168217,1011
HBE,Hurstbridge,2-HBE-vpt-1.6.H,-37.66107536,145.18267331,1012
HBE,Hurstbridge,2-HBE-vpt-1.6.H,-37.66089286,145.18274374,1013
HBE,Hurstbridge,2-HBE-vpt-1.6.H,-37.66075243,145.18280634,1014
HBE,Hurstbridge,2-HBE-vpt-1.6.H,-37.66063093,145.18287018,1015
HBE,Hurstbridge,2-HBE-vpt-1.6.H,-37.66050443,145.18294808,1016
HBE,Hurstbridge,2-HBE-vpt-1.6.H,-37.66042187,145.18300598,1017
HBE,Hurstbridge,2-HBE-vpt-1.6.H,-37.66034804,145.18306333,1018
HBE,Hurstbridge,2-HBE-vpt-1.6.H,-37.66028548,145.18311485,1019
HBE,Hurstbridge,2-HBE-vpt-1.6.H,-37.660223,145.18317158,1020
HBE,Hurstbridge,2-HBE-vpt-1.6.H,-37.66016077,145.18323295,1021
HBE,Hurstbridge,2-HBE-vpt-1.6.H,-37.66009062,145.18330721,1022
HBE,Hurstbridge,2-HBE-vpt-1.6.H,-37.66003129,145.1833752,1023
HBE,Hurstbridge,2-HBE-vpt-1.6.H,-37.65996549,145.1834565,1024
HBE,Hurstbridge,2-HBE-vpt-1.6.H,-37.65989478,145.18355277,1025
HBE,Hurstbridge,2-HBE-vpt-1.6.H,-37.65979428,145.18370372,1026
HBE,Hurstbridge,2-HBE-vpt-1.6.H,-37.65971186,145.18384075,1027
HBE,Hurstbridge,2-HBE-vpt-1.6.H,-37.65945604,145.18429397,1028
HBE,Hurstbridge,2-HBE-vpt-1.6.H,-37.65937031,145.18443878,1029
HBE,Hurstbridge,2-HBE-vpt-1.6.H,-37.65927778,145.18458704,1030
HBE,Hurstbridge,2-HBE-vpt-1.6.H,-37.65918411,145.18473125,1031
HBE,Hurstbridge,2-HBE-vpt-1.6.H,-37.6590198,145.18496447,1032
HBE,Hurstbridge,2-HBE-vpt-1.6.H,-37.65886453,145.18516437,1033
HBE,Hurstbridge,2-HBE-vpt-1.6.H,-37.65877279,145.18527565,1034
HBE,Hurstbridge,2-HBE-vpt-1.6.H,-37.65867007,145.18539435,1035
HBE,Hurstbridge,2-HBE-vpt-1.6.H,-37.65855947,145.18551596,1036
HBE,Hurstbridge,2-HBE-vpt-1.6.H,-37.65845863,145.18562202,1037
HBE,Hurstbridge,2-HBE-vpt-1.6.H,-37.65838817,145.18569334,1038
HBE,Hurstbridge,2-HBE-vpt-1.6.H,-37.65821476,145.18585615,1039
HBE,Hurstbridge,2-HBE-vpt-1.6.H,-37.65801482,145.18602913,1040
HBE,Hurstbridge,2-HBE-vpt-1.6.H,-37.65785074,145.18616009,1041
HBE,Hurstbridge,2-HBE-vpt-1.6.H,-37.65769469,145.18627384,1042
HBE,Hurstbridge,2-HBE-vpt-1.6.H,-37.65752422,145.18638806,1043
HBE,Hurstbridge,2-HBE-vpt-1.6.H,-37.6573665,145.18648758,1044
HBE,Hurstbridge,2-HBE-vpt-1.6.H,-37.65718086,145.18659344,1045
HBE,Hurstbridge,2-HBE-vpt-1.6.H,-37.65695843,145.18671617,1046
HBE,Hurstbridge,2-HBE-vpt-1.6.H,-37.6565382,145.18693962,1047
HBE,Hurstbridge,2-HBE-vpt-1.6.H,-37.65497289,145.18778014,1048
HBE,Hurstbridge,2-HBE-vpt-1.6.H,-37.65474,145.18789655,1049
HBE,Hurstbridge,2-HBE-vpt-1.6.H,-37.65452094,145.18799834,1050
HBE,Hurstbridge,2-HBE-vpt-1.6.H,-37.65426149,145.18810473,1051
HBE,Hurstbridge,2-HBE-vpt-1.6.H,-37.65410002,145.18816545,1052
HBE,Hurstbridge,2-HBE-vpt-1.6.H,-37.65366607,145.18831723,1053
HBE,Hurstbridge,2-HBE-vpt-1.6.H,-37.65222368,145.18880603,1054
HBE,Hurstbridge,2-HBE-vpt-1.6.H,-37.65118667,145.1891605,1055
HBE,Hurstbridge,2-HBE-vpt-1.6.H,-37.65092488,145.18924337,1056
HBE,Hurstbridge,2-HBE-vpt-1.6.H,-37.65084509,145.18926492,1057
HBE,Hurstbridge,2-HBE-vpt-1.6.H,-37.65075959,145.189284,1058
HBE,Hurstbridge,2-HBE-vpt-1.6.H,-37.65063356,145.18930497,1059
HBE,Hurstbridge,2-HBE-vpt-1.6.H,-37.65054592,145.18931469,1060
HBE,Hurstbridge,2-HBE-vpt-1.6.H,-37.65042366,145.18931653,1061
HBE,Hurstbridge,2-HBE-vpt-1.6.H,-37.65029853,145.18930857,1062
HBE,Hurstbridge,2-HBE-vpt-1.6.H,-37.65014779,145.1892873,1063
HBE,Hurstbridge,2-HBE-vpt-1.6.H,-37.64977906,145.18921408,1064
HBE,Hurstbridge,2-HBE-vpt-1.6.H,-37.64969176,145.18919885,1065
HBE,Hurstbridge,2-HBE-vpt-1.6.H,-37.64959576,145.18918566,1066
HBE,Hurstbridge,2-HBE-vpt-1.6.H,-37.64950343,145.18917679,1067
HBE,Hurstbridge,2-HBE-vpt-1.6.H,-37.64941588,145.18917427,1068
HBE,Hurstbridge,2-HBE-vpt-1.6.H,-37.64926977,145.18917884,1069
HBE,Hurstbridge,2-HBE-vpt-1.6.H,-37.64913537,145.18919435,1070
HBE,Hurstbridge,2-HBE-vpt-1.6.H,-37.6490639,145.18920617,1071
HBE,Hurstbridge,2-HBE-vpt-1.6.H,-37.6489091,145.18924314,1072
HBE,Hurstbridge,2-HBE-vpt-1.6.H,-37.64874117,145.18929426,1073
HBE,Hurstbridge,2-HBE-vpt-1.6.H,-37.64834554,145.18943546,1074
HBE,Hurstbridge,2-HBE-vpt-1.6.H,-37.64823911,145.18947103,1075
HBE,Hurstbridge,2-HBE-vpt-1.6.H,-37.648125,145.18950565,1076
HBE,Hurstbridge,2-HBE-vpt-1.6.H,-37.64803432,145.1895278,1077
HBE,Hurstbridge,2-HBE-vpt-1.6.H,-37.64789852,145.18955229,1078
HBE,Hurstbridge,2-HBE-vpt-1.6.H,-37.64782907,145.18956044,1079
HBE,Hurstbridge,2-HBE-vpt-1.6.H,-37.64774841,145.18956625,1080
HBE,Hurstbridge,2-HBE-vpt-1.6.H,-37.64767256,145.18956866,1081
HBE,Hurstbridge,2-HBE-vpt-1.6.H,-37.64752106,145.1895627,1082
HBE,Hurstbridge,2-HBE-vpt-1.6.H,-37.64730869,145.18953612,1083
HBE,Hurstbridge,2-HBE-vpt-1.6.H,-37.64718642,145.18951438,1084
HBE,Hurstbridge,2-HBE-vpt-1.6.H,-37.64680867,145.18943549,1085
HBE,Hurstbridge,2-HBE-vpt-1.6.H,-37.64666703,145.18940821,1086
HBE,Hurstbridge,2-HBE-vpt-1.6.H,-37.64657288,145.18939259,1087
HBE,Hurstbridge,2-HBE-vpt-1.6.H,-37.6464732,145.18938016,1088
HBE,Hurstbridge,2-HBE-vpt-1.6.H,-37.64636988,145.18937202,1089
HBE,Hurstbridge,2-HBE-vpt-1.6.H,-37.64626999,145.18937002,1090
HBE,Hurstbridge,2-HBE-vpt-1.6.H,-37.64617962,145.18937154,1091
HBE,Hurstbridge,2-HBE-vpt-1.6.H,-37.64608377,145.18937964,1092
HBE,Hurstbridge,2-HBE-vpt-1.6.H,-37.64600569,145.18938959,1093
HBE,Hurstbridge,2-HBE-vpt-1.6.H,-37.64592499,145.18940413,1094
HBE,Hurstbridge,2-HBE-vpt-1.6.H,-37.64577256,145.18944353,1095
HBE,Hurstbridge,2-HBE-vpt-1.6.H,-37.64568478,145.18947253,1096
HBE,Hurstbridge,2-HBE-vpt-1.6.H,-37.64561491,145.18950029,1097
HBE,Hurstbridge,2-HBE-vpt-1.6.H,-37.64553327,145.18953627,1098
HBE,Hurstbridge,2-HBE-vpt-1.6.H,-37.64543936,145.18958344,1099
HBE,Hurstbridge,2-HBE-vpt-1.6.H,-37.64533118,145.18964545,1100
HBE,Hurstbridge,2-HBE-vpt-1.6.H,-37.64522343,145.18971279,1101
HBE,Hurstbridge,2-HBE-vpt-1.6.H,-37.64502882,145.18984581,1102
HBE,Hurstbridge,2-HBE-vpt-1.6.H,-37.64485399,145.1899694,1103
HBE,Hurstbridge,2-HBE-vpt-1.6.H,-37.64459073,145.19014512,1104
HBE,Hurstbridge,2-HBE-vpt-1.6.H,-37.64448141,145.19020966,1105
HBE,Hurstbridge,2-HBE-vpt-1.6.H,-37.64437838,145.19026668,1106
HBE,Hurstbridge,2-HBE-vpt-1.6.H,-37.64428185,145.19031356,1107
HBE,Hurstbridge,2-HBE-vpt-1.6.H,-37.64418427,145.19035571,1108
HBE,Hurstbridge,2-HBE-vpt-1.6.H,-37.64408598,145.19039323,1109
HBE,Hurstbridge,2-HBE-vpt-1.6.H,-37.64398942,145.19042595,1110
HBE,Hurstbridge,2-HBE-vpt-1.6.H,-37.64381402,145.19047157,1111
HBE,Hurstbridge,2-HBE-vpt-1.6.H,-37.64366366,145.19049857,1112
HBE,Hurstbridge,2-HBE-vpt-1.6.H,-37.64357766,145.19050916,1113
HBE,Hurstbridge,2-HBE-vpt-1.6.H,-37.64349287,145.19051586,1114
HBE,Hurstbridge,2-HBE-vpt-1.6.H,-37.64330464,145.19051827,1115
HBE,Hurstbridge,2-HBE-vpt-1.6.H,-37.64321717,145.19051484,1116
HBE,Hurstbridge,2-HBE-vpt-1.6.H,-37.64310233,145.19050754,1117
HBE,Hurstbridge,2-HBE-vpt-1.6.H,-37.64286548,145.19048371,1118
HBE,Hurstbridge,2-HBE-vpt-1.6.H,-37.64226112,145.19040748,1119
HBE,Hurstbridge,2-HBE-vpt-1.6.H,-37.6420474,145.19038762,1120
HBE,Hurstbridge,2-HBE-vpt-1.6.H,-37.641958,145.19038185,1121
HBE,Hurstbridge,2-HBE-vpt-1.6.H,-37.64187796,145.1903813,1122
HBE,Hurstbridge,2-HBE-vpt-1.6.H,-37.64179543,145.19038262,1123
HBE,Hurstbridge,2-HBE-vpt-1.6.H,-37.6417172,145.19038804,1124
HBE,Hurstbridge,2-HBE-vpt-1.6.H,-37.64163478,145.19039706,1125
HBE,Hurstbridge,2-HBE-vpt-1.6.H,-37.64146151,145.19042835,1126
HBE,Hurstbridge,2-HBE-vpt-1.6.H,-37.64135647,145.1904547,1127
HBE,Hurstbridge,2-HBE-vpt-1.6.H,-37.64129496,145.19047524,1128
HBE,Hurstbridge,2-HBE-vpt-1.6.H,-37.64115613,145.1905313,1129
HBE,Hurstbridge,2-HBE-vpt-1.6.H,-37.64101193,145.19060201,1130
HBE,Hurstbridge,2-HBE-vpt-1.6.H,-37.64095368,145.19063493,1131
HBE,Hurstbridge,2-HBE-vpt-1.6.H,-37.64082902,145.19071604,1132
HBE,Hurstbridge,2-HBE-vpt-1.6.H,-37.64071719,145.19079911,1133
HBE,Hurstbridge,2-HBE-vpt-1.6.H,-37.64059369,145.19090274,1134
HBE,Hurstbridge,2-HBE-vpt-1.6.H,-37.6404862,145.19100429,1135
HBE,Hurstbridge,2-HBE-vpt-1.6.H,-37.64032807,145.19116543,1136
HBE,Hurstbridge,2-HBE-vpt-1.6.H,-37.63956689,145.19195897,1137
LIL,Lilydale,2-LIL-vpt-1.18.H,-37.81812143,144.9664867,1
LIL,Lilydale,2-LIL-vpt-1.18.H,-37.8184701,144.96528216,2
LIL,Lilydale,2-LIL-vpt-1.18.H,-37.81854391,144.96504236,3
LIL,Lilydale,2-LIL-vpt-1.18.H,-37.81862789,144.96481751,4
LIL,Lilydale,2-LIL-vpt-1.18.H,-37.81880903,144.9643696,5
LIL,Lilydale,2-LIL-vpt-1.18.H,-37.81893359,144.96405264,6
LIL,Lilydale,2-LIL-vpt-1.18.H,-37.81897358,144.96394214,7
LIL,Lilydale,2-LIL-vpt-1.18.H,-37.81901284,144.9638153,8
LIL,Lilydale,2-LIL-vpt-1.18.H,-37.81907091,144.96360843,9
LIL,Lilydale,2-LIL-vpt-1.18.H,-37.81919961,144.96317673,10
LIL,Lilydale,2-LIL-vpt-1.18.H,-37.81925417,144.96297097,11
LIL,Lilydale,2-LIL-vpt-1.18.H,-37.81929249,144.96281064,12
LIL,Lilydale,2-LIL-vpt-1.18.H,-37.81932183,144.96267283,13
LIL,Lilydale,2-LIL-vpt-1.18.H,-37.81940712,144.96223244,14
LIL,Lilydale,2-LIL-vpt-1.18.H,-37.81942793,144.96210179,15
LIL,Lilydale,2-LIL-vpt-1.18.H,-37.81944599,144.96185932,16
LIL,Lilydale,2-LIL-vpt-1.18.H,-37.81944927,144.96174188,17
LIL,Lilydale,2-LIL-vpt-1.18.H,-37.81945579,144.96164991,18
LIL,Lilydale,2-LIL-vpt-1.18.H,-37.81945829,144.96149772,19
LIL,Lilydale,2-LIL-vpt-1.18.H,-37.81946797,144.96134375,20
LIL,Lilydale,2-LIL-vpt-1.18.H,-37.81947932,144.96122893,21
LIL,Lilydale,2-LIL-vpt-1.18.H,-37.81950067,144.96105646,22
LIL,Lilydale,2-LIL-vpt-1.18.H,-37.81952139,144.96091536,23
LIL,Lilydale,2-LIL-vpt-1.18.H,-37.81954426,144.96078466,24
LIL,Lilydale,2-LIL-vpt-1.18.H,-37.81960274,144.96050813,25
LIL,Lilydale,2-LIL-vpt-1.18.H,-37.8196652,144.96026432,26
LIL,Lilydale,2-LIL-vpt-1.18.H,-37.81985989,144.95959007,27
LIL,Lilydale,2-LIL-vpt-1.18.H,-37.81994529,144.95930257,28
LIL,Lilydale,2-LIL-vpt-1.18.H,-37.81997626,144.95920175,29
LIL,Lilydale,2-LIL-vpt-1.18.H,-37.82002151,144.95906713,30
LIL,Lilydale,2-LIL-vpt-1.18.H,-37.8201062,144.95883736,31
LIL,Lilydale,2-LIL-vpt-1.18.H,-37.82019916,144.95861668,32
LIL,Lilydale,2-LIL-vpt-1.18.H,-37.82026547,144.95847546,33
LIL,Lilydale,2-LIL-vpt-1.18.H,-37.82030607,144.95839516,34
LIL,Lilydale,2-LIL-vpt-1.18.H,-37.82042053,144.95818763,35
LIL,Lilydale,2-LIL-vpt-1.18.H,-37.82051917,144.95802428,36
LIL,Lilydale,2-LIL-vpt-1.18.H,-37.82080351,144.95758906,37
LIL,Lilydale,2-LIL-vpt-1.18.H,-37.82086596,144.9574851,38
LIL,Lilydale,2-LIL-vpt-1.18.H,-37.82095527,144.95731938,39
LIL,Lilydale,2-LIL-vpt-1.18.H,-37.82100248,144.95721993,40
LIL,Lilydale,2-LIL-vpt-1.18.H,-37.82107394,144.95704834,41
LIL,Lilydale,2-LIL-vpt-1.18.H,-37.82114459,144.95684054,42
LIL,Lilydale,2-LIL-vpt-1.18.H,-37.82118551,144.95669559,43
LIL,Lilydale,2-LIL-vpt-1.18.H,-37.82122891,144.95649615,44
LIL,Lilydale,2-LIL-vpt-1.18.H,-37.82124548,144.95639675,45
LIL,Lilydale,2-LIL-vpt-1.18.H,-37.82126561,144.95622703,46
LIL,Lilydale,2-LIL-vpt-1.18.H,-37.82128101,144.95601882,47
LIL,Lilydale,2-LIL-vpt-1.18.H,-37.82128408,144.95588446,48
LIL,Lilydale,2-LIL-vpt-1.18.H,-37.82127749,144.95566595,49
LIL,Lilydale,2-LIL-vpt-1.18.H,-37.82126971,144.95556551,50
LIL,Lilydale,2-LIL-vpt-1.18.H,-37.82125042,144.95539893,51
LIL,Lilydale,2-LIL-vpt-1.18.H,-37.82123518,144.95530006,52
LIL,Lilydale,2-LIL-vpt-1.18.H,-37.82118721,144.95508564,53
LIL,Lilydale,2-LIL-vpt-1.18.H,-37.82115496,144.9549618,54
LIL,Lilydale,2-LIL-vpt-1.18.H,-37.8210875,144.95475656,55
LIL,Lilydale,2-LIL-vpt-1.18.H,-37.82105581,144.95466995,56
LIL,Lilydale,2-LIL-vpt-1.18.H,-37.8209654,144.95447148,57
LIL,Lilydale,2-LIL-vpt-1.18.H,-37.82088354,144.95431935,58
LIL,Lilydale,2-LIL-vpt-1.18.H,-37.82083611,144.95423978,59
LIL,Lilydale,2-LIL-vpt-1.18.H,-37.82070413,144.95403984,60
LIL,Lilydale,2-LIL-vpt-1.18.H,-37.82054478,144.95382078,61
LIL,Lilydale,2-LIL-vpt-1.18.H,-37.82045473,144.95370535,62
LIL,Lilydale,2-LIL-vpt-1.18.H,-37.82033224,144.95356968,63
LIL,Lilydale,2-LIL-vpt-1.18.H,-37.82018557,144.95338015,64
LIL,Lilydale,2-LIL-vpt-1.18.H,-37.820137,144.95331288,65
LIL,Lilydale,2-LIL-vpt-1.18.H,-37.81998401,144.95317464,66
LIL,Lilydale,2-LIL-vpt-1.18.H,-37.8198604,144.95307775,67
LIL,Lilydale,2-LIL-vpt-1.18.H,-37.81975173,144.95300043,68
LIL,Lilydale,2-LIL-vpt-1.18.H,-37.81941137,144.95276843,69
LIL,Lilydale,2-LIL-vpt-1.18.H,-37.8192285,144.95265795,70
LIL,Lilydale,2-LIL-vpt-1.18.H,-37.81913511,144.95259441,71
LIL,Lilydale,2-LIL-vpt-1.18.H,-37.81902181,144.95251019,72
LIL,Lilydale,2-LIL-vpt-1.18.H,-37.8183531,144.95197929,73
LIL,Lilydale,2-LIL-vpt-1.18.H,-37.81800824,144.95170573,74
LIL,Lilydale,2-LIL-vpt-1.18.H,-37.81788329,144.9516099,75
LIL,Lilydale,2-LIL-vpt-1.18.H,-37.81770409,144.95147762,76
LIL,Lilydale,2-LIL-vpt-1.18.H,-37.81651369,144.9505019,77
LIL,Lilydale,2-LIL-vpt-1.18.H,-37.81627214,144.95031353,78
LIL,Lilydale,2-LIL-vpt-1.18.H,-37.81604506,144.95016918,79
LIL,Lilydale,2-LIL-vpt-1.18.H,-37.81585539,144.95007764,80
LIL,Lilydale,2-LIL-vpt-1.18.H,-37.81570968,144.95001636,81
LIL,Lilydale,2-LIL-vpt-1.18.H,-37.81552007,144.94996412,82
LIL,Lilydale,2-LIL-vpt-1.18.H,-37.81535367,144.9499359,83
LIL,Lilydale,2-LIL-vpt-1.18.H,-37.81513588,144.94992193,84
LIL,Lilydale,2-LIL-vpt-1.18.H,-37.81493126,144.94992929,85
LIL,Lilydale,2-LIL-vpt-1.18.H,-37.81473111,144.94996516,86
LIL,Lilydale,2-LIL-vpt-1.18.H,-37.81450064,144.95003061,87
LIL,Lilydale,2-LIL-vpt-1.18.H,-37.8143072,144.95011559,88
LIL,Lilydale,2-LIL-vpt-1.18.H,-37.8141178,144.95022056,89
LIL,Lilydale,2-LIL-vpt-1.18.H,-37.81395628,144.95033294,90
LIL,Lilydale,2-LIL-vpt-1.18.H,-37.81377729,144.95048182,91
LIL,Lilydale,2-LIL-vpt-1.18.H,-37.81362997,144.95063334,92
LIL,Lilydale,2-LIL-vpt-1.18.H,-37.81347319,144.95082646,93
LIL,Lilydale,2-LIL-vpt-1.18.H,-37.81333227,144.95104505,94
LIL,Lilydale,2-LIL-vpt-1.18.H,-37.81320192,144.95128107,95
LIL,Lilydale,2-LIL-vpt-1.18.H,-37.81310774,144.95149836,96
LIL,Lilydale,2-LIL-vpt-1.18.H,-37.81298212,144.95181467,97
LIL,Lilydale,2-LIL-vpt-1.18.H,-37.81278112,144.95239261,98
LIL,Lilydale,2-LIL-vpt-1.18.H,-37.81272533,144.95257374,99
LIL,Lilydale,2-LIL-vpt-1.18.H,-37.81226553,144.95420592,100
LIL,Lilydale,2-LIL-vpt-1.18.H,-37.81199681,144.95514036,101
LIL,Lilydale,2-LIL-vpt-1.18.H,-37.8105657,144.96016696,102
LIL,Lilydale,2-LIL-vpt-1.18.H,-37.81017086,144.96153907,103
LIL,Lilydale,2-LIL-vpt-1.18.H,-37.80990601,144.96248675,104
LIL,Lilydale,2-LIL-vpt-1.18.H,-37.80867589,144.96669316,105
LIL,Lilydale,2-LIL-vpt-1.18.H,-37.80823661,144.96818387,106
LIL,Lilydale,2-LIL-vpt-1.18.H,-37.80813263,144.96860267,107
LIL,Lilydale,2-LIL-vpt-1.18.H,-37.80808979,144.96888269,108
LIL,Lilydale,2-LIL-vpt-1.18.H,-37.80806749,144.96910525,109
LIL,Lilydale,2-LIL-vpt-1.18.H,-37.80805596,144.96938748,110
LIL,Lilydale,2-LIL-vpt-1.18.H,-37.80806295,144.96963116,111
LIL,Lilydale,2-LIL-vpt-1.18.H,-37.80807133,144.96972998,112
LIL,Lilydale,2-LIL-vpt-1.18.H,-37.80809134,144.96991321,113
LIL,Lilydale,2-LIL-vpt-1.18.H,-37.80812909,144.97015843,114
LIL,Lilydale,2-LIL-vpt-1.18.H,-37.80819009,144.97044004,115
LIL,Lilydale,2-LIL-vpt-1.18.H,-37.80826217,144.970685,116
LIL,Lilydale,2-LIL-vpt-1.18.H,-37.80836254,144.97094043,117
LIL,Lilydale,2-LIL-vpt-1.18.H,-37.80848607,144.97121591,118
LIL,Lilydale,2-LIL-vpt-1.18.H,-37.80865331,144.97150824,119
LIL,Lilydale,2-LIL-vpt-1.18.H,-37.80879723,144.97170183,120
LIL,Lilydale,2-LIL-vpt-1.18.H,-37.80898189,144.97192702,121
LIL,Lilydale,2-LIL-vpt-1.18.H,-37.80919889,144.97214144,122
LIL,Lilydale,2-LIL-vpt-1.18.H,-37.80942859,144.97232383,123
LIL,Lilydale,2-LIL-vpt-1.18.H,-37.80972417,144.97249634,124
LIL,Lilydale,2-LIL-vpt-1.18.H,-37.81022728,144.97276735,125
LIL,Lilydale,2-LIL-vpt-1.18.H,-37.81091872,144.97309,126
LIL,Lilydale,2-LIL-vpt-1.18.H,-37.81156392,144.97339132,127
LIL,Lilydale,2-LIL-vpt-1.18.H,-37.81197582,144.97356794,128
LIL,Lilydale,2-LIL-vpt-1.18.H,-37.81274642,144.97393444,129
LIL,Lilydale,2-LIL-vpt-1.18.H,-37.81559533,144.97529764,130
LIL,Lilydale,2-LIL-vpt-1.18.H,-37.81605208,144.97551997,131
LIL,Lilydale,2-LIL-vpt-1.18.H,-37.81628819,144.97565097,132
LIL,Lilydale,2-LIL-vpt-1.18.H,-37.81653498,144.97581088,133
LIL,Lilydale,2-LIL-vpt-1.18.H,-37.81674371,144.97596399,134
LIL,Lilydale,2-LIL-vpt-1.18.H,-37.81699069,144.97616627,135
LIL,Lilydale,2-LIL-vpt-1.18.H,-37.81726073,144.97642608,136
LIL,Lilydale,2-LIL-vpt-1.18.H,-37.8174859,144.97668109,137
LIL,Lilydale,2-LIL-vpt-1.18.H,-37.81769058,144.9769444,138
LIL,Lilydale,2-LIL-vpt-1.18.H,-37.8178188,144.97712197,139
LIL,Lilydale,2-LIL-vpt-1.18.H,-37.81795646,144.97732417,140
LIL,Lilydale,2-LIL-vpt-1.18.H,-37.81808258,144.97752635,141
LIL,Lilydale,2-LIL-vpt-1.18.H,-37.81825757,144.97781909,142
LIL,Lilydale,2-LIL-vpt-1.18.H,-37.81907092,144.97920159,143
LIL,Lilydale,2-LIL-vpt-1.18.H,-37.81938481,144.97981694,144
LIL,Lilydale,2-LIL-vpt-1.18.H,-37.81949137,144.98000295,145
LIL,Lilydale,2-LIL-vpt-1.18.H,-37.82021636,144.98122658,146
LIL,Lilydale,2-LIL-vpt-1.18.H,-37.82052108,144.98169667,147
LIL,Lilydale,2-LIL-vpt-1.18.H,-37.82110214,144.98262615,148
LIL,Lilydale,2-LIL-vpt-1.18.H,-37.82133772,144.98304735,149
LIL,Lilydale,2-LIL-vpt-1.18.H,-37.82163082,144.98359695,150
LIL,Lilydale,2-LIL-vpt-1.18.H,-37.82181463,144.98397435,151
LIL,Lilydale,2-LIL-vpt-1.18.H,-37.82203863,144.98446142,152
LIL,Lilydale,2-LIL-vpt-1.18.H,-37.8222555,144.98495926,153
LIL,Lilydale,2-LIL-vpt-1.18.H,-37.82254202,144.98563005,154
LIL,Lilydale,2-LIL-vpt-1.18.H,-37.82285008,144.98640136,155
LIL,Lilydale,2-LIL-vpt-1.18.H,-37.82295996,144.98673545,156
LIL,Lilydale,2-LIL-vpt-1.18.H,-37.82306548,144.98717725,157
LIL,Lilydale,2-LIL-vpt-1.18.H,-37.82320909,144.98780285,158
LIL,Lilydale,2-LIL-vpt-1.18.H,-37.82326947,144.98805047,159
LIL,Lilydale,2-LIL-vpt-1.18.H,-37.82338853,144.98847861,160
LIL,Lilydale,2-LIL-vpt-1.18.H,-37.82371683,144.9896868,161
LIL,Lilydale,2-LIL-vpt-1.18.H,-37.82390996,144.99039458,162
LIL,Lilydale,2-LIL-vpt-1.18.H,-37.82399331,144.99065805,163
LIL,Lilydale,2-LIL-vpt-1.18.H,-37.82408594,144.99090059,164
LIL,Lilydale,2-LIL-vpt-1.18.H,-37.82422729,144.99122021,165
LIL,Lilydale,2-LIL-vpt-1.18.H,-37.82435868,144.99146284,166
LIL,Lilydale,2-LIL-vpt-1.18.H,-37.82449241,144.99168451,167
LIL,Lilydale,2-LIL-vpt-1.18.H,-37.82465611,144.9919199,168
LIL,Lilydale,2-LIL-vpt-1.18.H,-37.8249474,144.99228579,169
LIL,Lilydale,2-LIL-vpt-1.18.H,-37.82542538,144.99289884,170
LIL,Lilydale,2-LIL-vpt-1.18.H,-37.82552479,144.99303157,171
LIL,Lilydale,2-LIL-vpt-1.18.H,-37.82557959,144.99311132,172
LIL,Lilydale,2-LIL-vpt-1.18.H,-37.82561677,144.99316723,173
LIL,Lilydale,2-LIL-vpt-1.18.H,-37.82569471,144.99329362,174
LIL,Lilydale,2-LIL-vpt-1.18.H,-37.82574124,144.99337438,175
LIL,Lilydale,2-LIL-vpt-1.18.H,-37.82584563,144.9935772,176
LIL,Lilydale,2-LIL-vpt-1.18.H,-37.82591814,144.99374452,177
LIL,Lilydale,2-LIL-vpt-1.18.H,-37.8259422,144.99380783,178
LIL,Lilydale,2-LIL-vpt-1.18.H,-37.8259899,144.99394196,179
LIL,Lilydale,2-LIL-vpt-1.18.H,-37.82603952,144.99410354,180
LIL,Lilydale,2-LIL-vpt-1.18.H,-37.82607782,144.99425724,181
LIL,Lilydale,2-LIL-vpt-1.18.H,-37.8261106,144.99440928,182
LIL,Lilydale,2-LIL-vpt-1.18.H,-37.82614261,144.99457952,183
LIL,Lilydale,2-LIL-vpt-1.18.H,-37.82615679,144.9946715,184
LIL,Lilydale,2-LIL-vpt-1.18.H,-37.82618403,144.99488947,185
LIL,Lilydale,2-LIL-vpt-1.18.H,-37.82664687,144.99909555,186
LIL,Lilydale,2-LIL-vpt-1.18.H,-37.82674719,144.99998779,187
LIL,Lilydale,2-LIL-vpt-1.18.H,-37.82684339,145.00087604,188
LIL,Lilydale,2-LIL-vpt-1.18.H,-37.82711841,145.00335543,189
LIL,Lilydale,2-LIL-vpt-1.18.H,-37.82723479,145.00438346,190
LIL,Lilydale,2-LIL-vpt-1.18.H,-37.82728617,145.00489471,191
LIL,Lilydale,2-LIL-vpt-1.18.H,-37.82737147,145.00589757,192
LIL,Lilydale,2-LIL-vpt-1.18.H,-37.82745826,145.00677065,193
LIL,Lilydale,2-LIL-vpt-1.18.H,-37.82755959,145.00768844,194
LIL,Lilydale,2-LIL-vpt-1.18.H,-37.82763309,145.00836316,195
LIL,Lilydale,2-LIL-vpt-1.18.H,-37.82780966,145.00991018,196
LIL,Lilydale,2-LIL-vpt-1.18.H,-37.82776821,145.00928652,197
LIL,Lilydale,2-LIL-vpt-1.18.H,-37.82782544,145.00976126,198
LIL,Lilydale,2-LIL-vpt-1.18.H,-37.8278986,145.01050689,199
LIL,Lilydale,2-LIL-vpt-1.18.H,-37.82790983,145.01073405,200
LIL,Lilydale,2-LIL-vpt-1.18.H,-37.82791708,145.01104085,201
LIL,Lilydale,2-LIL-vpt-1.18.H,-37.82791264,145.0114551,202
LIL,Lilydale,2-LIL-vpt-1.18.H,-37.82789442,145.01179575,203
LIL,Lilydale,2-LIL-vpt-1.18.H,-37.82787644,145.01202779,204
LIL,Lilydale,2-LIL-vpt-1.18.H,-37.82786283,145.01216142,205
LIL,Lilydale,2-LIL-vpt-1.18.H,-37.82781784,145.01250155,206
LIL,Lilydale,2-LIL-vpt-1.18.H,-37.82776836,145.01279521,207
LIL,Lilydale,2-LIL-vpt-1.18.H,-37.82774624,145.01290476,208
LIL,Lilydale,2-LIL-vpt-1.18.H,-37.82771696,145.01304405,209
LIL,Lilydale,2-LIL-vpt-1.18.H,-37.8276866,145.01317279,210
LIL,Lilydale,2-LIL-vpt-1.18.H,-37.82764527,145.01334035,211
LIL,Lilydale,2-LIL-vpt-1.18.H,-37.82759747,145.01351967,212
LIL,Lilydale,2-LIL-vpt-1.18.H,-37.82750833,145.01381814,213
LIL,Lilydale,2-LIL-vpt-1.18.H,-37.82741157,145.01411875,214
LIL,Lilydale,2-LIL-vpt-1.18.H,-37.82729137,145.01446714,215
LIL,Lilydale,2-LIL-vpt-1.18.H,-37.82723336,145.01462355,216
LIL,Lilydale,2-LIL-vpt-1.18.H,-37.8271757,145.01476905,217
LIL,Lilydale,2-LIL-vpt-1.18.H,-37.82704097,145.01507885,218
LIL,Lilydale,2-LIL-vpt-1.18.H,-37.82695002,145.01526989,219
LIL,Lilydale,2-LIL-vpt-1.18.H,-37.82680633,145.01553505,220
LIL,Lilydale,2-LIL-vpt-1.18.H,-37.82668314,145.01573832,221
LIL,Lilydale,2-LIL-vpt-1.18.H,-37.82643907,145.01613205,222
LIL,Lilydale,2-LIL-vpt-1.18.H,-37.82618208,145.01656135,223
LIL,Lilydale,2-LIL-vpt-1.18.H,-37.8255646,145.01763255,224
LIL,Lilydale,2-LIL-vpt-1.18.H,-37.82498831,145.01864538,225
LIL,Lilydale,2-LIL-vpt-1.18.H,-37.82468319,145.0192033,226
LIL,Lilydale,2-LIL-vpt-1.18.H,-37.82434427,145.01976122,227
LIL,Lilydale,2-LIL-vpt-1.18.H,-37.82399166,145.02029326,228
LIL,Lilydale,2-LIL-vpt-1.18.H,-37.82369767,145.02071,229
LIL,Lilydale,2-LIL-vpt-1.18.H,-37.82331727,145.0212564,230
LIL,Lilydale,2-LIL-vpt-1.18.H,-37.82292734,145.02180396,231
LIL,Lilydale,2-LIL-vpt-1.18.H,-37.82228418,145.02264161,232
LIL,Lilydale,2-LIL-vpt-1.18.H,-37.82216208,145.0228138,233
LIL,Lilydale,2-LIL-vpt-1.18.H,-37.82182046,145.02327678,234
LIL,Lilydale,2-LIL-vpt-1.18.H,-37.82216208,145.0228138,235
LIL,Lilydale,2-LIL-vpt-1.18.H,-37.82228418,145.02264161,236
LIL,Lilydale,2-LIL-vpt-1.18.H,-37.82292734,145.02180396,237
LIL,Lilydale,2-LIL-vpt-1.18.H,-37.82331727,145.0212564,238
LIL,Lilydale,2-LIL-vpt-1.18.H,-37.82369767,145.02071,239
LIL,Lilydale,2-LIL-vpt-1.18.H,-37.82399166,145.02029326,240
LIL,Lilydale,2-LIL-vpt-1.18.H,-37.82434427,145.01976122,241
LIL,Lilydale,2-LIL-vpt-1.18.H,-37.82468319,145.0192033,242
LIL,Lilydale,2-LIL-vpt-1.18.H,-37.82498831,145.01864538,243
LIL,Lilydale,2-LIL-vpt-1.18.H,-37.8255646,145.01763255,244
LIL,Lilydale,2-LIL-vpt-1.18.H,-37.82618208,145.01656135,245
LIL,Lilydale,2-LIL-vpt-1.18.H,-37.82643907,145.01613205,246
LIL,Lilydale,2-LIL-vpt-1.18.H,-37.82668314,145.01573832,247
LIL,Lilydale,2-LIL-vpt-1.18.H,-37.82680633,145.01553505,248
LIL,Lilydale,2-LIL-vpt-1.18.H,-37.82695002,145.01526989,249
LIL,Lilydale,2-LIL-vpt-1.18.H,-37.82704097,145.01507885,250
LIL,Lilydale,2-LIL-vpt-1.18.H,-37.8271757,145.01476905,251
LIL,Lilydale,2-LIL-vpt-1.18.H,-37.82723336,145.01462355,252
LIL,Lilydale,2-LIL-vpt-1.18.H,-37.82729137,145.01446714,253
LIL,Lilydale,2-LIL-vpt-1.18.H,-37.82741157,145.01411875,254
LIL,Lilydale,2-LIL-vpt-1.18.H,-37.82750833,145.01381814,255
LIL,Lilydale,2-LIL-vpt-1.18.H,-37.82755503,145.0136643,256
LIL,Lilydale,2-LIL-vpt-1.18.H,-37.82759747,145.01351967,257
LIL,Lilydale,2-LIL-vpt-1.18.H,-37.82764527,145.01334035,258
LIL,Lilydale,2-LIL-vpt-1.18.H,-37.82771696,145.01304405,259
LIL,Lilydale,2-LIL-vpt-1.18.H,-37.82776836,145.01279521,260
LIL,Lilydale,2-LIL-vpt-1.18.H,-37.82781784,145.01250155,261
LIL,Lilydale,2-LIL-vpt-1.18.H,-37.82786283,145.01216142,262
LIL,Lilydale,2-LIL-vpt-1.18.H,-37.82787644,145.01202779,263
LIL,Lilydale,2-LIL-vpt-1.18.H,-37.82789442,145.01179575,264
LIL,Lilydale,2-LIL-vpt-1.18.H,-37.82791264,145.0114551,265
LIL,Lilydale,2-LIL-vpt-1.18.H,-37.82791708,145.01104085,266
LIL,Lilydale,2-LIL-vpt-1.18.H,-37.82791413,145.01086073,267
LIL,Lilydale,2-LIL-vpt-1.18.H,-37.8278986,145.01050689,268
LIL,Lilydale,2-LIL-vpt-1.18.H,-37.82782544,145.00976126,269
LIL,Lilydale,2-LIL-vpt-1.18.H,-37.82776821,145.00928652,270
LIL,Lilydale,2-LIL-vpt-1.18.H,-37.82780966,145.00991018,271
LIL,Lilydale,2-LIL-vpt-1.18.H,-37.82785098,145.01033934,272
LIL,Lilydale,2-LIL-vpt-1.18.H,-37.82786281,145.01050592,273
LIL,Lilydale,2-LIL-vpt-1.18.H,-37.82787874,145.01082475,274
LIL,Lilydale,2-LIL-vpt-1.18.H,-37.82788294,145.01098814,275
LIL,Lilydale,2-LIL-vpt-1.18.H,-37.8278829,145.01124162,276
LIL,Lilydale,2-LIL-vpt-1.18.H,-37.82787923,145.01140328,277
LIL,Lilydale,2-LIL-vpt-1.18.H,-37.82786191,145.01177618,278
LIL,Lilydale,2-LIL-vpt-1.18.H,-37.82783828,145.01205756,279
LIL,Lilydale,2-LIL-vpt-1.18.H,-37.82779963,145.01240501,280
LIL,Lilydale,2-LIL-vpt-1.18.H,-37.82776181,145.01264723,281
LIL,Lilydale,2-LIL-vpt-1.18.H,-37.82770643,145.01293265,282
LIL,Lilydale,2-LIL-vpt-1.18.H,-37.82767818,145.01306383,283
LIL,Lilydale,2-LIL-vpt-1.18.H,-37.82761436,145.0133297,284
LIL,Lilydale,2-LIL-vpt-1.18.H,-37.82757756,145.01346646,285
LIL,Lilydale,2-LIL-vpt-1.18.H,-37.82749676,145.01373585,286
LIL,Lilydale,2-LIL-vpt-1.18.H,-37.8273486,145.01420043,287
LIL,Lilydale,2-LIL-vpt-1.18.H,-37.82721321,145.01457751,288
LIL,Lilydale,2-LIL-vpt-1.18.H,-37.82715526,145.01472744,289
LIL,Lilydale,2-LIL-vpt-1.18.H,-37.82709712,145.01486534,290
LIL,Lilydale,2-LIL-vpt-1.18.H,-37.82702562,145.01502336,291
LIL,Lilydale,2-LIL-vpt-1.18.H,-37.8269402,145.01520085,292
LIL,Lilydale,2-LIL-vpt-1.18.H,-37.82686193,145.01535269,293
LIL,Lilydale,2-LIL-vpt-1.18.H,-37.826736,145.01557534,294
LIL,Lilydale,2-LIL-vpt-1.18.H,-37.82657012,145.01584985,295
LIL,Lilydale,2-LIL-vpt-1.18.H,-37.82618101,145.01646594,296
LIL,Lilydale,2-LIL-vpt-1.18.H,-37.8259861,145.01679314,297
LIL,Lilydale,2-LIL-vpt-1.18.H,-37.82511707,145.01832779,298
LIL,Lilydale,2-LIL-vpt-1.18.H,-37.82464262,145.0191861,299
LIL,Lilydale,2-LIL-vpt-1.18.H,-37.82428318,145.01977831,300
LIL,Lilydale,2-LIL-vpt-1.18.H,-37.82388251,145.02036752,301
LIL,Lilydale,2-LIL-vpt-1.18.H,-37.82359699,145.02077869,302
LIL,Lilydale,2-LIL-vpt-1.18.H,-37.82329108,145.02122619,303
LIL,Lilydale,2-LIL-vpt-1.18.H,-37.82276992,145.0219446,304
LIL,Lilydale,2-LIL-vpt-1.18.H,-37.82250963,145.02228056,305
LIL,Lilydale,2-LIL-vpt-1.18.H,-37.8219323,145.02305658,306
LIL,Lilydale,2-LIL-vpt-1.18.H,-37.82171568,145.02335887,307
LIL,Lilydale,2-LIL-vpt-1.18.H,-37.8214426,145.02376015,308
LIL,Lilydale,2-LIL-vpt-1.18.H,-37.8213357,145.02394181,309
LIL,Lilydale,2-LIL-vpt-1.18.H,-37.82120643,145.02418065,310
LIL,Lilydale,2-LIL-vpt-1.18.H,-37.82110206,145.02440031,311
LIL,Lilydale,2-LIL-vpt-1.18.H,-37.8209991,145.02464447,312
LIL,Lilydale,2-LIL-vpt-1.18.H,-37.82093611,145.0248169,313
LIL,Lilydale,2-LIL-vpt-1.18.H,-37.82087506,145.024997,314
LIL,Lilydale,2-LIL-vpt-1.18.H,-37.82079421,145.02528079,315
LIL,Lilydale,2-LIL-vpt-1.18.H,-37.82076224,145.02541638,316
LIL,Lilydale,2-LIL-vpt-1.18.H,-37.82071559,145.02565494,317
LIL,Lilydale,2-LIL-vpt-1.18.H,-37.82068909,145.02580538,318
LIL,Lilydale,2-LIL-vpt-1.18.H,-37.82066284,145.02598103,319
LIL,Lilydale,2-LIL-vpt-1.18.H,-37.82063902,145.02618866,320
LIL,Lilydale,2-LIL-vpt-1.18.H,-37.82062211,145.02637871,321
LIL,Lilydale,2-LIL-vpt-1.18.H,-37.82060854,145.0266448,322
LIL,Lilydale,2-LIL-vpt-1.18.H,-37.82060463,145.02681497,323
LIL,Lilydale,2-LIL-vpt-1.18.H,-37.82061308,145.02713091,324
LIL,Lilydale,2-LIL-vpt-1.18.H,-37.82062266,145.02727766,325
LIL,Lilydale,2-LIL-vpt-1.18.H,-37.8206436,145.02752726,326
LIL,Lilydale,2-LIL-vpt-1.18.H,-37.8207381,145.02832112,327
LIL,Lilydale,2-LIL-vpt-1.18.H,-37.8207783,145.02862861,328
LIL,Lilydale,2-LIL-vpt-1.18.H,-37.8209287,145.02961321,329
LIL,Lilydale,2-LIL-vpt-1.18.H,-37.82103418,145.03043461,330
LIL,Lilydale,2-LIL-vpt-1.18.H,-37.82116713,145.03151909,331
LIL,Lilydale,2-LIL-vpt-1.18.H,-37.82122134,145.03199128,332
LIL,Lilydale,2-LIL-vpt-1.18.H,-37.82125927,145.03241095,333
LIL,Lilydale,2-LIL-vpt-1.18.H,-37.82127793,145.03271367,334
LIL,Lilydale,2-LIL-vpt-1.18.H,-37.82129222,145.0330615,335
LIL,Lilydale,2-LIL-vpt-1.18.H,-37.82133683,145.03479418,336
LIL,Lilydale,2-LIL-vpt-1.18.H,-37.82135432,145.03518373,337
LIL,Lilydale,2-LIL-vpt-1.18.H,-37.82138933,145.03572062,338
LIL,Lilydale,2-LIL-vpt-1.18.H,-37.82143406,145.03619794,339
LIL,Lilydale,2-LIL-vpt-1.18.H,-37.82146178,145.03641193,340
LIL,Lilydale,2-LIL-vpt-1.18.H,-37.82177597,145.03898829,341
LIL,Lilydale,2-LIL-vpt-1.18.H,-37.82191946,145.04005547,342
LIL,Lilydale,2-LIL-vpt-1.18.H,-37.82207667,145.04127669,343
LIL,Lilydale,2-LIL-vpt-1.18.H,-37.82218926,145.04234106,344
LIL,Lilydale,2-LIL-vpt-1.18.H,-37.82221096,145.04257816,345
LIL,Lilydale,2-LIL-vpt-1.18.H,-37.82225356,145.04318949,346
LIL,Lilydale,2-LIL-vpt-1.18.H,-37.8222757,145.04356143,347
LIL,Lilydale,2-LIL-vpt-1.18.H,-37.82234901,145.04494268,348
LIL,Lilydale,2-LIL-vpt-1.18.H,-37.82237228,145.04531266,349
LIL,Lilydale,2-LIL-vpt-1.18.H,-37.82238864,145.04561965,350
LIL,Lilydale,2-LIL-vpt-1.18.H,-37.82241956,145.04593512,351
LIL,Lilydale,2-LIL-vpt-1.18.H,-37.82246027,145.0462918,352
LIL,Lilydale,2-LIL-vpt-1.18.H,-37.82250824,145.04660875,353
LIL,Lilydale,2-LIL-vpt-1.18.H,-37.82254083,145.04679126,354
LIL,Lilydale,2-LIL-vpt-1.18.H,-37.82257627,145.04697244,355
LIL,Lilydale,2-LIL-vpt-1.18.H,-37.82267251,145.04742286,356
LIL,Lilydale,2-LIL-vpt-1.18.H,-37.82292689,145.04858974,357
LIL,Lilydale,2-LIL-vpt-1.18.H,-37.82297539,145.04881932,358
LIL,Lilydale,2-LIL-vpt-1.18.H,-37.82301961,145.04904617,359
LIL,Lilydale,2-LIL-vpt-1.18.H,-37.82317692,145.04994659,360
LIL,Lilydale,2-LIL-vpt-1.18.H,-37.82334188,145.05093441,361
LIL,Lilydale,2-LIL-vpt-1.18.H,-37.82340623,145.05127229,362
LIL,Lilydale,2-LIL-vpt-1.18.H,-37.82346523,145.05153205,363
LIL,Lilydale,2-LIL-vpt-1.18.H,-37.82349373,145.05164252,364
LIL,Lilydale,2-LIL-vpt-1.18.H,-37.8235605,145.05187083,365
LIL,Lilydale,2-LIL-vpt-1.18.H,-37.8236028,145.05199775,366
LIL,Lilydale,2-LIL-vpt-1.18.H,-37.82367459,145.0521923,367
LIL,Lilydale,2-LIL-vpt-1.18.H,-37.82375481,145.05238344,368
LIL,Lilydale,2-LIL-vpt-1.18.H,-37.82383292,145.05255135,369
LIL,Lilydale,2-LIL-vpt-1.18.H,-37.82387887,145.05264319,370
LIL,Lilydale,2-LIL-vpt-1.18.H,-37.82400909,145.05287721,371
LIL,Lilydale,2-LIL-vpt-1.18.H,-37.8240657,145.05297116,372
LIL,Lilydale,2-LIL-vpt-1.18.H,-37.82417719,145.05314092,373
LIL,Lilydale,2-LIL-vpt-1.18.H,-37.82425628,145.05325279,374
LIL,Lilydale,2-LIL-vpt-1.18.H,-37.82432882,145.05335052,375
LIL,Lilydale,2-LIL-vpt-1.18.H,-37.82438799,145.05342509,376
LIL,Lilydale,2-LIL-vpt-1.18.H,-37.82450198,145.05356025,377
LIL,Lilydale,2-LIL-vpt-1.18.H,-37.82457632,145.05364203,378
LIL,Lilydale,2-LIL-vpt-1.18.H,-37.82474601,145.05381628,379
LIL,Lilydale,2-LIL-vpt-1.18.H,-37.82495814,145.05401691,380
LIL,Lilydale,2-LIL-vpt-1.18.H,-37.82519707,145.05424763,381
LIL,Lilydale,2-LIL-vpt-1.18.H,-37.82533111,145.05438624,382
LIL,Lilydale,2-LIL-vpt-1.18.H,-37.82543461,145.05449782,383
LIL,Lilydale,2-LIL-vpt-1.18.H,-37.825523,145.05460071,384
LIL,Lilydale,2-LIL-vpt-1.18.H,-37.82566406,145.05478219,385
LIL,Lilydale,2-LIL-vpt-1.18.H,-37.82575007,145.05490445,386
LIL,Lilydale,2-LIL-vpt-1.18.H,-37.82583187,145.05502808,387
LIL,Lilydale,2-LIL-vpt-1.18.H,-37.82590554,145.05515055,388
LIL,Lilydale,2-LIL-vpt-1.18.H,-37.82597407,145.05527305,389
LIL,Lilydale,2-LIL-vpt-1.18.H,-37.82604976,145.05542001,390
LIL,Lilydale,2-LIL-vpt-1.18.H,-37.82613467,145.05559558,391
LIL,Lilydale,2-LIL-vpt-1.18.H,-37.82618193,145.05570171,392
LIL,Lilydale,2-LIL-vpt-1.18.H,-37.8262259,145.05580985,393
LIL,Lilydale,2-LIL-vpt-1.18.H,-37.82627416,145.05593833,394
LIL,Lilydale,2-LIL-vpt-1.18.H,-37.82632362,145.05607928,395
LIL,Lilydale,2-LIL-vpt-1.18.H,-37.82636938,145.05622555,396
LIL,Lilydale,2-LIL-vpt-1.18.H,-37.82641607,145.05638998,397
LIL,Lilydale,2-LIL-vpt-1.18.H,-37.82644159,145.05648929,398
LIL,Lilydale,2-LIL-vpt-1.18.H,-37.82646051,145.05657628,399
LIL,Lilydale,2-LIL-vpt-1.18.H,-37.82648012,145.05669404,400
LIL,Lilydale,2-LIL-vpt-1.18.H,-37.82649179,145.0567894,401
LIL,Lilydale,2-LIL-vpt-1.18.H,-37.8265127,145.05701926,402
LIL,Lilydale,2-LIL-vpt-1.18.H,-37.82653234,145.05729755,403
LIL,Lilydale,2-LIL-vpt-1.18.H,-37.82653787,145.05740887,404
LIL,Lilydale,2-LIL-vpt-1.18.H,-37.82654579,145.05774144,405
LIL,Lilydale,2-LIL-vpt-1.18.H,-37.82654228,145.05844651,406
LIL,Lilydale,2-LIL-vpt-1.18.H,-37.82653728,145.05949315,407
LIL,Lilydale,2-LIL-vpt-1.18.H,-37.82653148,145.06016386,408
LIL,Lilydale,2-LIL-vpt-1.18.H,-37.82653952,145.06037872,409
LIL,Lilydale,2-LIL-vpt-1.18.H,-37.82655641,145.06059926,410
LIL,Lilydale,2-LIL-vpt-1.18.H,-37.82656066,145.06075344,411
LIL,Lilydale,2-LIL-vpt-1.18.H,-37.82649966,145.06258833,412
LIL,Lilydale,2-LIL-vpt-1.18.H,-37.82648222,145.06320981,413
LIL,Lilydale,2-LIL-vpt-1.18.H,-37.82647176,145.06345584,414
LIL,Lilydale,2-LIL-vpt-1.18.H,-37.82644352,145.06442401,415
LIL,Lilydale,2-LIL-vpt-1.18.H,-37.8264337,145.06467615,416
LIL,Lilydale,2-LIL-vpt-1.18.H,-37.8264236,145.06485115,417
LIL,Lilydale,2-LIL-vpt-1.18.H,-37.82639614,145.0651158,418
LIL,Lilydale,2-LIL-vpt-1.18.H,-37.82636787,145.06532616,419
LIL,Lilydale,2-LIL-vpt-1.18.H,-37.82634459,145.0654614,420
LIL,Lilydale,2-LIL-vpt-1.18.H,-37.82631351,145.0656215,421
LIL,Lilydale,2-LIL-vpt-1.18.H,-37.82611834,145.066457,422
LIL,Lilydale,2-LIL-vpt-1.18.H,-37.82606312,145.06672135,423
LIL,Lilydale,2-LIL-vpt-1.18.H,-37.82595053,145.06730724,424
LIL,Lilydale,2-LIL-vpt-1.18.H,-37.82575095,145.06820966,425
LIL,Lilydale,2-LIL-vpt-1.18.H,-37.82570909,145.06842105,426
LIL,Lilydale,2-LIL-vpt-1.18.H,-37.82565256,145.06873258,427
LIL,Lilydale,2-LIL-vpt-1.18.H,-37.82561876,145.06895785,428
LIL,Lilydale,2-LIL-vpt-1.18.H,-37.82559069,145.06918035,429
LIL,Lilydale,2-LIL-vpt-1.18.H,-37.82556933,145.06937837,430
LIL,Lilydale,2-LIL-vpt-1.18.H,-37.8255151,145.0699783,431
LIL,Lilydale,2-LIL-vpt-1.18.H,-37.82548662,145.07056666,432
LIL,Lilydale,2-LIL-vpt-1.18.H,-37.82549202,145.07106164,433
LIL,Lilydale,2-LIL-vpt-1.18.H,-37.82552689,145.07182047,434
LIL,Lilydale,2-LIL-vpt-1.18.H,-37.82558512,145.07275661,435
LIL,Lilydale,2-LIL-vpt-1.18.H,-37.82572924,145.07520409,436
LIL,Lilydale,2-LIL-vpt-1.18.H,-37.82575459,145.07559165,437
LIL,Lilydale,2-LIL-vpt-1.18.H,-37.82583594,145.07637291,438
LIL,Lilydale,2-LIL-vpt-1.18.H,-37.82584806,145.07653575,439
LIL,Lilydale,2-LIL-vpt-1.18.H,-37.82585506,145.07666645,440
LIL,Lilydale,2-LIL-vpt-1.18.H,-37.82586202,145.07694883,441
LIL,Lilydale,2-LIL-vpt-1.18.H,-37.82586048,145.07706975,442
LIL,Lilydale,2-LIL-vpt-1.18.H,-37.82585596,145.07722882,443
LIL,Lilydale,2-LIL-vpt-1.18.H,-37.82584737,145.0773931,444
LIL,Lilydale,2-LIL-vpt-1.18.H,-37.82583488,145.07754385,445
LIL,Lilydale,2-LIL-vpt-1.18.H,-37.82581268,145.07774655,446
LIL,Lilydale,2-LIL-vpt-1.18.H,-37.82579161,145.07790183,447
LIL,Lilydale,2-LIL-vpt-1.18.H,-37.8257655,145.07805839,448
LIL,Lilydale,2-LIL-vpt-1.18.H,-37.82573441,145.07821814,449
LIL,Lilydale,2-LIL-vpt-1.18.H,-37.82570737,145.0783395,450
LIL,Lilydale,2-LIL-vpt-1.18.H,-37.82567176,145.07848779,451
LIL,Lilydale,2-LIL-vpt-1.18.H,-37.82558332,145.07880081,452
LIL,Lilydale,2-LIL-vpt-1.18.H,-37.82554417,145.0789251,453
LIL,Lilydale,2-LIL-vpt-1.18.H,-37.82548638,145.07908975,454
LIL,Lilydale,2-LIL-vpt-1.18.H,-37.82541757,145.07926888,455
LIL,Lilydale,2-LIL-vpt-1.18.H,-37.82534041,145.07945573,456
LIL,Lilydale,2-LIL-vpt-1.18.H,-37.82524858,145.07965989,457
LIL,Lilydale,2-LIL-vpt-1.18.H,-37.82463349,145.08096261,458
LIL,Lilydale,2-LIL-vpt-1.18.H,-37.82439036,145.08148358,459
LIL,Lilydale,2-LIL-vpt-1.18.H,-37.82436841,145.08153527,460
LIL,Lilydale,2-LIL-vpt-1.18.H,-37.82428796,145.08172515,461
LIL,Lilydale,2-LIL-vpt-1.18.H,-37.82424092,145.08184703,462
LIL,Lilydale,2-LIL-vpt-1.18.H,-37.82412968,145.08214928,463
LIL,Lilydale,2-LIL-vpt-1.18.H,-37.82404801,145.08238611,464
LIL,Lilydale,2-LIL-vpt-1.18.H,-37.8239887,145.08256204,465
LIL,Lilydale,2-LIL-vpt-1.18.H,-37.82390491,145.08282347,466
LIL,Lilydale,2-LIL-vpt-1.18.H,-37.82384602,145.08303131,467
LIL,Lilydale,2-LIL-vpt-1.18.H,-37.82380316,145.08319977,468
LIL,Lilydale,2-LIL-vpt-1.18.H,-37.8237505,145.08343563,469
LIL,Lilydale,2-LIL-vpt-1.18.H,-37.82372372,145.08357311,470
LIL,Lilydale,2-LIL-vpt-1.18.H,-37.82368714,145.08378435,471
LIL,Lilydale,2-LIL-vpt-1.18.H,-37.82366966,145.08391193,472
LIL,Lilydale,2-LIL-vpt-1.18.H,-37.82364818,145.08409824,473
LIL,Lilydale,2-LIL-vpt-1.18.H,-37.82363657,145.08423738,474
LIL,Lilydale,2-LIL-vpt-1.18.H,-37.82362676,145.08438248,475
LIL,Lilydale,2-LIL-vpt-1.18.H,-37.82361989,145.08455819,476
LIL,Lilydale,2-LIL-vpt-1.18.H,-37.82361748,145.08479252,477
LIL,Lilydale,2-LIL-vpt-1.18.H,-37.82362312,145.08501153,478
LIL,Lilydale,2-LIL-vpt-1.18.H,-37.8236297,145.08514508,479
LIL,Lilydale,2-LIL-vpt-1.18.H,-37.82364977,145.08538156,480
LIL,Lilydale,2-LIL-vpt-1.18.H,-37.82366904,145.08554136,481
LIL,Lilydale,2-LIL-vpt-1.18.H,-37.82369604,145.08573858,482
LIL,Lilydale,2-LIL-vpt-1.18.H,-37.82373366,145.08597926,483
LIL,Lilydale,2-LIL-vpt-1.18.H,-37.82390798,145.08699623,484
LIL,Lilydale,2-LIL-vpt-1.18.H,-37.82404531,145.08781637,485
LIL,Lilydale,2-LIL-vpt-1.18.H,-37.82416925,145.08871151,486
LIL,Lilydale,2-LIL-vpt-1.18.H,-37.82421446,145.0889821,487
LIL,Lilydale,2-LIL-vpt-1.18.H,-37.82427543,145.08928501,488
LIL,Lilydale,2-LIL-vpt-1.18.H,-37.82449288,145.09030668,489
LIL,Lilydale,2-LIL-vpt-1.18.H,-37.82460649,145.09092715,490
LIL,Lilydale,2-LIL-vpt-1.18.H,-37.82484369,145.09235665,491
LIL,Lilydale,2-LIL-vpt-1.18.H,-37.82491053,145.09283279,492
LIL,Lilydale,2-LIL-vpt-1.18.H,-37.82496572,145.09349203,493
LIL,Lilydale,2-LIL-vpt-1.18.H,-37.82498246,145.09372996,494
LIL,Lilydale,2-LIL-vpt-1.18.H,-37.82498987,145.0942825,495
LIL,Lilydale,2-LIL-vpt-1.18.H,-37.82497973,145.0946912,496
LIL,Lilydale,2-LIL-vpt-1.18.H,-37.82496984,145.09488198,497
LIL,Lilydale,2-LIL-vpt-1.18.H,-37.82494449,145.09524802,498
LIL,Lilydale,2-LIL-vpt-1.18.H,-37.82492238,145.09547502,499
LIL,Lilydale,2-LIL-vpt-1.18.H,-37.8248603,145.09592664,500
LIL,Lilydale,2-LIL-vpt-1.18.H,-37.82482377,145.09613106,501
LIL,Lilydale,2-LIL-vpt-1.18.H,-37.82471918,145.09665159,502
LIL,Lilydale,2-LIL-vpt-1.18.H,-37.82463337,145.0970077,503
LIL,Lilydale,2-LIL-vpt-1.18.H,-37.82454331,145.09734051,504
LIL,Lilydale,2-LIL-vpt-1.18.H,-37.82448238,145.09753511,505
LIL,Lilydale,2-LIL-vpt-1.18.H,-37.82436533,145.0978819,506
LIL,Lilydale,2-LIL-vpt-1.18.H,-37.8242827,145.09811114,507
LIL,Lilydale,2-LIL-vpt-1.18.H,-37.82418692,145.09834673,508
LIL,Lilydale,2-LIL-vpt-1.18.H,-37.82410809,145.09853189,509
LIL,Lilydale,2-LIL-vpt-1.18.H,-37.82395364,145.09887329,510
LIL,Lilydale,2-LIL-vpt-1.18.H,-37.82384572,145.09908828,511
LIL,Lilydale,2-LIL-vpt-1.18.H,-37.82373076,145.09930766,512
LIL,Lilydale,2-LIL-vpt-1.18.H,-37.82359843,145.09954021,513
LIL,Lilydale,2-LIL-vpt-1.18.H,-37.82335428,145.09993559,514
LIL,Lilydale,2-LIL-vpt-1.18.H,-37.82310778,145.10030274,515
LIL,Lilydale,2-LIL-vpt-1.18.H,-37.82267896,145.10092666,516
LIL,Lilydale,2-LIL-vpt-1.18.H,-37.82236166,145.10139673,517
LIL,Lilydale,2-LIL-vpt-1.18.H,-37.82229242,145.10149564,518
LIL,Lilydale,2-LIL-vpt-1.18.H,-37.82205978,145.101828,519
LIL,Lilydale,2-LIL-vpt-1.18.H,-37.8216804,145.10238895,520
LIL,Lilydale,2-LIL-vpt-1.18.H,-37.82151662,145.10262173,521
LIL,Lilydale,2-LIL-vpt-1.18.H,-37.82138112,145.10283083,522
LIL,Lilydale,2-LIL-vpt-1.18.H,-37.82123728,145.10305934,523
LIL,Lilydale,2-LIL-vpt-1.18.H,-37.8208992,145.10357764,524
LIL,Lilydale,2-LIL-vpt-1.18.H,-37.82030793,145.10443971,525
LIL,Lilydale,2-LIL-vpt-1.18.H,-37.81992352,145.10500769,526
LIL,Lilydale,2-LIL-vpt-1.18.H,-37.81956859,145.10551447,527
LIL,Lilydale,2-LIL-vpt-1.18.H,-37.81934813,145.10583763,528
LIL,Lilydale,2-LIL-vpt-1.18.H,-37.8192099,145.10605701,529
LIL,Lilydale,2-LIL-vpt-1.18.H,-37.81907493,145.10628301,530
LIL,Lilydale,2-LIL-vpt-1.18.H,-37.81895868,145.10650183,531
LIL,Lilydale,2-LIL-vpt-1.18.H,-37.81887452,145.106682,532
LIL,Lilydale,2-LIL-vpt-1.18.H,-37.81878793,145.10689029,533
LIL,Lilydale,2-LIL-vpt-1.18.H,-37.81870292,145.10710706,534
LIL,Lilydale,2-LIL-vpt-1.18.H,-37.81865147,145.10725902,535
LIL,Lilydale,2-LIL-vpt-1.18.H,-37.81860552,145.10741106,536
LIL,Lilydale,2-LIL-vpt-1.18.H,-37.81855864,145.10756698,537
LIL,Lilydale,2-LIL-vpt-1.18.H,-37.81851489,145.10773237,538
LIL,Lilydale,2-LIL-vpt-1.18.H,-37.81847087,145.10792071,539
LIL,Lilydale,2-LIL-vpt-1.18.H,-37.81843344,145.10810366,540
LIL,Lilydale,2-LIL-vpt-1.18.H,-37.81841609,145.10821294,541
LIL,Lilydale,2-LIL-vpt-1.18.H,-37.81838703,145.10842339,542
LIL,Lilydale,2-LIL-vpt-1.18.H,-37.81834989,145.10875413,543
LIL,Lilydale,2-LIL-vpt-1.18.H,-37.8183262,145.10914212,544
LIL,Lilydale,2-LIL-vpt-1.18.H,-37.81830211,145.10988093,545
LIL,Lilydale,2-LIL-vpt-1.18.H,-37.81828388,145.11056427,546
LIL,Lilydale,2-LIL-vpt-1.18.H,-37.81823387,145.11221654,547
LIL,Lilydale,2-LIL-vpt-1.18.H,-37.81822663,145.11253549,548
LIL,Lilydale,2-LIL-vpt-1.18.H,-37.81821943,145.11302531,549
LIL,Lilydale,2-LIL-vpt-1.18.H,-37.81822262,145.11339876,550
LIL,Lilydale,2-LIL-vpt-1.18.H,-37.81822986,145.11369303,551
LIL,Lilydale,2-LIL-vpt-1.18.H,-37.81827953,145.11489835,552
LIL,Lilydale,2-LIL-vpt-1.18.H,-37.81830626,145.11529574,553
LIL,Lilydale,2-LIL-vpt-1.18.H,-37.81834391,145.11568876,554
LIL,Lilydale,2-LIL-vpt-1.18.H,-37.81838631,145.11606325,555
LIL,Lilydale,2-LIL-vpt-1.18.H,-37.81843788,145.1164023,556
LIL,Lilydale,2-LIL-vpt-1.18.H,-37.81875392,145.11826748,557
LIL,Lilydale,2-LIL-vpt-1.18.H,-37.81881228,145.11863726,558
LIL,Lilydale,2-LIL-vpt-1.18.H,-37.81897331,145.11978728,559
LIL,Lilydale,2-LIL-vpt-1.18.H,-37.81909823,145.12074805,560
LIL,Lilydale,2-LIL-vpt-1.18.H,-37.81926249,145.1218479,561
LIL,Lilydale,2-LIL-vpt-1.18.H,-37.81954074,145.12371091,562
LIL,Lilydale,2-LIL-vpt-1.18.H,-37.81973068,145.12484,563
LIL,Lilydale,2-LIL-vpt-1.18.H,-37.8199131,145.12606982,564
LIL,Lilydale,2-LIL-vpt-1.18.H,-37.82021871,145.12835956,565
LIL,Lilydale,2-LIL-vpt-1.18.H,-37.8203859,145.12955741,566
LIL,Lilydale,2-LIL-vpt-1.18.H,-37.82057496,145.13077108,567
LIL,Lilydale,2-LIL-vpt-1.18.H,-37.82067169,145.13146017,568
LIL,Lilydale,2-LIL-vpt-1.18.H,-37.82074751,145.13205833,569
LIL,Lilydale,2-LIL-vpt-1.18.H,-37.82147129,145.1370208,570
LIL,Lilydale,2-LIL-vpt-1.18.H,-37.8215273,145.1374736,571
LIL,Lilydale,2-LIL-vpt-1.18.H,-37.82154097,145.13765958,572
LIL,Lilydale,2-LIL-vpt-1.18.H,-37.82154709,145.1378187,573
LIL,Lilydale,2-LIL-vpt-1.18.H,-37.82154747,145.13797377,574
LIL,Lilydale,2-LIL-vpt-1.18.H,-37.82154118,145.13818035,575
LIL,Lilydale,2-LIL-vpt-1.18.H,-37.82153127,145.13832284,576
LIL,Lilydale,2-LIL-vpt-1.18.H,-37.8215079,145.13854928,577
LIL,Lilydale,2-LIL-vpt-1.18.H,-37.82146684,145.13881923,578
LIL,Lilydale,2-LIL-vpt-1.18.H,-37.82142696,145.13899837,579
LIL,Lilydale,2-LIL-vpt-1.18.H,-37.82138573,145.13916095,580
LIL,Lilydale,2-LIL-vpt-1.18.H,-37.82129133,145.13946632,581
LIL,Lilydale,2-LIL-vpt-1.18.H,-37.82117189,145.13977231,582
LIL,Lilydale,2-LIL-vpt-1.18.H,-37.82093723,145.14026365,583
LIL,Lilydale,2-LIL-vpt-1.18.H,-37.82069027,145.14075813,584
LIL,Lilydale,2-LIL-vpt-1.18.H,-37.82043948,145.14126135,585
LIL,Lilydale,2-LIL-vpt-1.18.H,-37.82028118,145.14157217,586
LIL,Lilydale,2-LIL-vpt-1.18.H,-37.82015511,145.14184117,587
LIL,Lilydale,2-LIL-vpt-1.18.H,-37.82005369,145.1420732,588
LIL,Lilydale,2-LIL-vpt-1.18.H,-37.81998873,145.14223967,589
LIL,Lilydale,2-LIL-vpt-1.18.H,-37.81989866,145.14251743,590
LIL,Lilydale,2-LIL-vpt-1.18.H,-37.81986704,145.14263205,591
LIL,Lilydale,2-LIL-vpt-1.18.H,-37.8198176,145.14284619,592
LIL,Lilydale,2-LIL-vpt-1.18.H,-37.8197863,145.14300954,593
LIL,Lilydale,2-LIL-vpt-1.18.H,-37.8197577,145.14318521,594
LIL,Lilydale,2-LIL-vpt-1.18.H,-37.81972762,145.14344919,595
LIL,Lilydale,2-LIL-vpt-1.18.H,-37.8197161,145.1435874,596
LIL,Lilydale,2-LIL-vpt-1.18.H,-37.81970856,145.14382332,597
LIL,Lilydale,2-LIL-vpt-1.18.H,-37.81971207,145.14401761,598
LIL,Lilydale,2-LIL-vpt-1.18.H,-37.81972116,145.14420575,599
LIL,Lilydale,2-LIL-vpt-1.18.H,-37.81974146,145.14444699,600
LIL,Lilydale,2-LIL-vpt-1.18.H,-37.82003284,145.14713865,601
LIL,Lilydale,2-LIL-vpt-1.18.H,-37.82008576,145.1477984,602
LIL,Lilydale,2-LIL-vpt-1.18.H,-37.82011116,145.14825038,603
LIL,Lilydale,2-LIL-vpt-1.18.H,-37.82011554,145.14856291,604
LIL,Lilydale,2-LIL-vpt-1.18.H,-37.82010527,145.14910246,605
LIL,Lilydale,2-LIL-vpt-1.18.H,-37.82009104,145.1495786,606
LIL,Lilydale,2-LIL-vpt-1.18.H,-37.82008679,145.14997338,607
LIL,Lilydale,2-LIL-vpt-1.18.H,-37.82008854,145.15008524,608
LIL,Lilydale,2-LIL-vpt-1.18.H,-37.82009914,145.15069107,609
LIL,Lilydale,2-LIL-vpt-1.18.H,-37.82011202,145.15111507,610
LIL,Lilydale,2-LIL-vpt-1.18.H,-37.8201338,145.15144626,611
LIL,Lilydale,2-LIL-vpt-1.18.H,-37.82018616,145.15212341,612
LIL,Lilydale,2-LIL-vpt-1.18.H,-37.82022883,145.15254565,613
LIL,Lilydale,2-LIL-vpt-1.18.H,-37.82026103,145.15283465,614
LIL,Lilydale,2-LIL-vpt-1.18.H,-37.82030253,145.15313604,615
LIL,Lilydale,2-LIL-vpt-1.18.H,-37.82039618,145.15387306,616
LIL,Lilydale,2-LIL-vpt-1.18.H,-37.82089751,145.15792945,617
LIL,Lilydale,2-LIL-vpt-1.18.H,-37.82126539,145.16087572,618
LIL,Lilydale,2-LIL-vpt-1.18.H,-37.82146558,145.16254638,619
LIL,Lilydale,2-LIL-vpt-1.18.H,-37.82165516,145.16403507,620
LIL,Lilydale,2-LIL-vpt-1.18.H,-37.82172207,145.16458056,621
LIL,Lilydale,2-LIL-vpt-1.18.H,-37.82176636,145.16498789,622
LIL,Lilydale,2-LIL-vpt-1.18.H,-37.82180286,145.16549754,623
LIL,Lilydale,2-LIL-vpt-1.18.H,-37.82181347,145.16581368,624
LIL,Lilydale,2-LIL-vpt-1.18.H,-37.82181527,145.16615526,625
LIL,Lilydale,2-LIL-vpt-1.18.H,-37.8218024,145.16663683,626
LIL,Lilydale,2-LIL-vpt-1.18.H,-37.82178278,145.16696804,627
LIL,Lilydale,2-LIL-vpt-1.18.H,-37.82175569,145.16726546,628
LIL,Lilydale,2-LIL-vpt-1.18.H,-37.82171039,145.16764967,629
LIL,Lilydale,2-LIL-vpt-1.18.H,-37.82168591,145.16783171,630
LIL,Lilydale,2-LIL-vpt-1.18.H,-37.82151961,145.16888989,631
LIL,Lilydale,2-LIL-vpt-1.18.H,-37.82125044,145.17070042,632
LIL,Lilydale,2-LIL-vpt-1.18.H,-37.82114768,145.1713428,633
LIL,Lilydale,2-LIL-vpt-1.18.H,-37.82043889,145.17486316,634
LIL,Lilydale,2-LIL-vpt-1.18.H,-37.82040278,145.17503924,635
LIL,Lilydale,2-LIL-vpt-1.18.H,-37.8203277,145.17543985,636
LIL,Lilydale,2-LIL-vpt-1.18.H,-37.82024453,145.17612104,637
LIL,Lilydale,2-LIL-vpt-1.18.H,-37.82022522,145.17632362,638
LIL,Lilydale,2-LIL-vpt-1.18.H,-37.82014221,145.17731803,639
LIL,Lilydale,2-LIL-vpt-1.18.H,-37.8201001,145.17779405,640
LIL,Lilydale,2-LIL-vpt-1.18.H,-37.82007078,145.17808936,641
LIL,Lilydale,2-LIL-vpt-1.18.H,-37.82001524,145.17862354,642
LIL,Lilydale,2-LIL-vpt-1.18.H,-37.81991628,145.17934545,643
LIL,Lilydale,2-LIL-vpt-1.18.H,-37.81980571,145.18006855,644
LIL,Lilydale,2-LIL-vpt-1.18.H,-37.81954903,145.18170704,645
LIL,Lilydale,2-LIL-vpt-1.18.H,-37.81946225,145.18230889,646
LIL,Lilydale,2-LIL-vpt-1.18.H,-37.81924508,145.18395106,647
LIL,Lilydale,2-LIL-vpt-1.18.H,-37.81902703,145.18535648,648
LIL,Lilydale,2-LIL-vpt-1.18.H,-37.81898098,145.18563174,649
LIL,Lilydale,2-LIL-vpt-1.18.H,-37.818608,145.18806861,650
LIL,Lilydale,2-LIL-vpt-1.18.H,-37.81856354,145.18842392,651
LIL,Lilydale,2-LIL-vpt-1.18.H,-37.81855009,145.18855705,652
LIL,Lilydale,2-LIL-vpt-1.18.H,-37.81852943,145.1888076,653
LIL,Lilydale,2-LIL-vpt-1.18.H,-37.81847732,145.18987869,654
LIL,Lilydale,2-LIL-vpt-1.18.H,-37.81845121,145.19022628,655
LIL,Lilydale,2-LIL-vpt-1.18.H,-37.81843162,145.19040557,656
LIL,Lilydale,2-LIL-vpt-1.18.H,-37.81835047,145.19105442,657
LIL,Lilydale,2-LIL-vpt-1.18.H,-37.81824777,145.19165483,658
LIL,Lilydale,2-LIL-vpt-1.18.H,-37.81822807,145.19179266,659
LIL,Lilydale,2-LIL-vpt-1.18.H,-37.81800546,145.1932186,660
LIL,Lilydale,2-LIL-vpt-1.18.H,-37.81785261,145.1941816,661
LIL,Lilydale,2-LIL-vpt-1.18.H,-37.81778474,145.1946513,662
LIL,Lilydale,2-LIL-vpt-1.18.H,-37.81772896,145.19505732,663
LIL,Lilydale,2-LIL-vpt-1.18.H,-37.81771269,145.19519495,664
LIL,Lilydale,2-LIL-vpt-1.18.H,-37.81769261,145.19541923,665
LIL,Lilydale,2-LIL-vpt-1.18.H,-37.8176847,145.19553837,666
LIL,Lilydale,2-LIL-vpt-1.18.H,-37.81767383,145.19581731,667
LIL,Lilydale,2-LIL-vpt-1.18.H,-37.81767241,145.1959423,668
LIL,Lilydale,2-LIL-vpt-1.18.H,-37.81767931,145.19625114,669
LIL,Lilydale,2-LIL-vpt-1.18.H,-37.81768656,145.19640683,670
LIL,Lilydale,2-LIL-vpt-1.18.H,-37.81773,145.19701332,671
LIL,Lilydale,2-LIL-vpt-1.18.H,-37.81784631,145.19844145,672
LIL,Lilydale,2-LIL-vpt-1.18.H,-37.81812614,145.20202115,673
LIL,Lilydale,2-LIL-vpt-1.18.H,-37.81826994,145.20379046,674
LIL,Lilydale,2-LIL-vpt-1.18.H,-37.81844438,145.20579807,675
LIL,Lilydale,2-LIL-vpt-1.18.H,-37.81861244,145.20784514,676
LIL,Lilydale,2-LIL-vpt-1.18.H,-37.81869798,145.20897129,677
LIL,Lilydale,2-LIL-vpt-1.18.H,-37.81880594,145.21023334,678
LIL,Lilydale,2-LIL-vpt-1.18.H,-37.81885184,145.21082844,679
LIL,Lilydale,2-LIL-vpt-1.18.H,-37.81887846,145.21139401,680
LIL,Lilydale,2-LIL-vpt-1.18.H,-37.81888613,145.21164432,681
LIL,Lilydale,2-LIL-vpt-1.18.H,-37.81888902,145.21198291,682
LIL,Lilydale,2-LIL-vpt-1.18.H,-37.81888639,145.21226052,683
LIL,Lilydale,2-LIL-vpt-1.18.H,-37.81886596,145.21284449,684
LIL,Lilydale,2-LIL-vpt-1.18.H,-37.81879058,145.21401792,685
LIL,Lilydale,2-LIL-vpt-1.18.H,-37.81877218,145.2143376,686
LIL,Lilydale,2-LIL-vpt-1.18.H,-37.81870487,145.21547369,687
LIL,Lilydale,2-LIL-vpt-1.18.H,-37.81833036,145.22139699,688
LIL,Lilydale,2-LIL-vpt-1.18.H,-37.81830159,145.2218011,689
LIL,Lilydale,2-LIL-vpt-1.18.H,-37.81828,145.2220545,690
LIL,Lilydale,2-LIL-vpt-1.18.H,-37.81824458,145.22237094,691
LIL,Lilydale,2-LIL-vpt-1.18.H,-37.81821943,145.2225732,692
LIL,Lilydale,2-LIL-vpt-1.18.H,-37.81818668,145.22279176,693
LIL,Lilydale,2-LIL-vpt-1.18.H,-37.81813541,145.2230853,694
LIL,Lilydale,2-LIL-vpt-1.18.H,-37.81808972,145.22331213,695
LIL,Lilydale,2-LIL-vpt-1.18.H,-37.81805321,145.22347841,696
LIL,Lilydale,2-LIL-vpt-1.18.H,-37.81799598,145.22371722,697
LIL,Lilydale,2-LIL-vpt-1.18.H,-37.81795178,145.22388789,698
LIL,Lilydale,2-LIL-vpt-1.18.H,-37.81786506,145.22419113,699
LIL,Lilydale,2-LIL-vpt-1.18.H,-37.81781201,145.22436088,700
LIL,Lilydale,2-LIL-vpt-1.18.H,-37.81773559,145.2245881,701
LIL,Lilydale,2-LIL-vpt-1.18.H,-37.81766599,145.22478346,702
LIL,Lilydale,2-LIL-vpt-1.18.H,-37.81753248,145.22512157,703
LIL,Lilydale,2-LIL-vpt-1.18.H,-37.81738314,145.22547936,704
LIL,Lilydale,2-LIL-vpt-1.18.H,-37.81654222,145.22740052,705
LIL,Lilydale,2-LIL-vpt-1.18.H,-37.81649779,145.22751985,706
LIL,Lilydale,2-LIL-vpt-1.18.H,-37.8164159,145.22777366,707
LIL,Lilydale,2-LIL-vpt-1.18.H,-37.81630312,145.22809422,708
LIL,Lilydale,2-LIL-vpt-1.18.H,-37.81622982,145.22827785,709
LIL,Lilydale,2-LIL-vpt-1.18.H,-37.81596354,145.22888483,710
LIL,Lilydale,2-LIL-vpt-1.18.H,-37.81548316,145.22997926,711
LIL,Lilydale,2-LIL-vpt-1.18.H,-37.8152192,145.23059129,712
LIL,Lilydale,2-LIL-vpt-1.18.H,-37.81502677,145.23094975,713
LIL,Lilydale,2-LIL-vpt-1.18.H,-37.81499791,145.23100826,714
LIL,Lilydale,2-LIL-vpt-1.18.H,-37.81482123,145.23140735,715
LIL,Lilydale,2-LIL-vpt-1.18.H,-37.81478618,145.23147998,716
LIL,Lilydale,2-LIL-vpt-1.18.H,-37.81460056,145.23183611,717
LIL,Lilydale,2-LIL-vpt-1.18.H,-37.81452972,145.23198014,718
LIL,Lilydale,2-LIL-vpt-1.18.H,-37.81430544,145.23248635,719
LIL,Lilydale,2-LIL-vpt-1.18.H,-37.81421927,145.23268959,720
LIL,Lilydale,2-LIL-vpt-1.18.H,-37.81415411,145.23284553,721
LIL,Lilydale,2-LIL-vpt-1.18.H,-37.81410394,145.23297305,722
LIL,Lilydale,2-LIL-vpt-1.18.H,-37.81406081,145.23309017,723
LIL,Lilydale,2-LIL-vpt-1.18.H,-37.81399072,145.23330211,724
LIL,Lilydale,2-LIL-vpt-1.18.H,-37.81395727,145.23340913,725
LIL,Lilydale,2-LIL-vpt-1.18.H,-37.8138915,145.23363857,726
LIL,Lilydale,2-LIL-vpt-1.18.H,-37.81384889,145.23380203,727
LIL,Lilydale,2-LIL-vpt-1.18.H,-37.81380522,145.2339971,728
LIL,Lilydale,2-LIL-vpt-1.18.H,-37.81376095,145.23423614,729
LIL,Lilydale,2-LIL-vpt-1.18.H,-37.81374113,145.23436862,730
LIL,Lilydale,2-LIL-vpt-1.18.H,-37.81372547,145.23449611,731
LIL,Lilydale,2-LIL-vpt-1.18.H,-37.81371699,145.23459151,732
LIL,Lilydale,2-LIL-vpt-1.18.H,-37.81370494,145.23476798,733
LIL,Lilydale,2-LIL-vpt-1.18.H,-37.81369972,145.23493055,734
LIL,Lilydale,2-LIL-vpt-1.18.H,-37.81369814,145.23505987,735
LIL,Lilydale,2-LIL-vpt-1.18.H,-37.81370386,145.23528488,736
LIL,Lilydale,2-LIL-vpt-1.18.H,-37.81372184,145.23556459,737
LIL,Lilydale,2-LIL-vpt-1.18.H,-37.81390036,145.23762215,738
LIL,Lilydale,2-LIL-vpt-1.18.H,-37.81399826,145.23856383,739
LIL,Lilydale,2-LIL-vpt-1.18.H,-37.81406349,145.2392499,740
LIL,Lilydale,2-LIL-vpt-1.18.H,-37.81408842,145.23959135,741
LIL,Lilydale,2-LIL-vpt-1.18.H,-37.81411006,145.23994129,742
LIL,Lilydale,2-LIL-vpt-1.18.H,-37.81412322,145.24032756,743
LIL,Lilydale,2-LIL-vpt-1.18.H,-37.81412447,145.24058642,744
LIL,Lilydale,2-LIL-vpt-1.18.H,-37.81412242,145.24076845,745
LIL,Lilydale,2-LIL-vpt-1.18.H,-37.81410924,145.24117772,746
LIL,Lilydale,2-LIL-vpt-1.18.H,-37.81409658,145.24138557,747
LIL,Lilydale,2-LIL-vpt-1.18.H,-37.81407599,145.24166085,748
LIL,Lilydale,2-LIL-vpt-1.18.H,-37.81406487,145.24177869,749
LIL,Lilydale,2-LIL-vpt-1.18.H,-37.81403319,145.24205344,750
LIL,Lilydale,2-LIL-vpt-1.18.H,-37.81401273,145.24221035,751
LIL,Lilydale,2-LIL-vpt-1.18.H,-37.81396773,145.24250985,752
LIL,Lilydale,2-LIL-vpt-1.18.H,-37.81392049,145.24278054,753
LIL,Lilydale,2-LIL-vpt-1.18.H,-37.81385954,145.2430812,754
LIL,Lilydale,2-LIL-vpt-1.18.H,-37.81376258,145.24349245,755
LIL,Lilydale,2-LIL-vpt-1.18.H,-37.81369908,145.24373661,756
LIL,Lilydale,2-LIL-vpt-1.18.H,-37.81345001,145.24462062,757
LIL,Lilydale,2-LIL-vpt-1.18.H,-37.81319243,145.24543588,758
LIL,Lilydale,2-LIL-vpt-1.18.H,-37.81300763,145.24594065,759
LIL,Lilydale,2-LIL-vpt-1.18.H,-37.81285859,145.24630496,760
LIL,Lilydale,2-LIL-vpt-1.18.H,-37.81269633,145.24673195,761
LIL,Lilydale,2-LIL-vpt-1.18.H,-37.81252531,145.24724264,762
LIL,Lilydale,2-LIL-vpt-1.18.H,-37.81238118,145.24773144,763
LIL,Lilydale,2-LIL-vpt-1.18.H,-37.81211789,145.24867381,764
LIL,Lilydale,2-LIL-vpt-1.18.H,-37.8117446,145.24992821,765
LIL,Lilydale,2-LIL-vpt-1.18.H,-37.81140516,145.25107785,766
LIL,Lilydale,2-LIL-vpt-1.18.H,-37.81130884,145.25143727,767
LIL,Lilydale,2-LIL-vpt-1.18.H,-37.81118362,145.25196855,768
LIL,Lilydale,2-LIL-vpt-1.18.H,-37.81104924,145.25256332,769
LIL,Lilydale,2-LIL-vpt-1.18.H,-37.81085942,145.25337556,770
LIL,Lilydale,2-LIL-vpt-1.18.H,-37.81057658,145.25432086,771
LIL,Lilydale,2-LIL-vpt-1.18.H,-37.8094484,145.25821376,772
LIL,Lilydale,2-LIL-vpt-1.18.H,-37.8089533,145.25988553,773
LIL,Lilydale,2-LIL-vpt-1.18.H,-37.80850608,145.26140895,774
LIL,Lilydale,2-LIL-vpt-1.18.H,-37.8076002,145.26450835,775
LIL,Lilydale,2-LIL-vpt-1.18.H,-37.80745219,145.26503206,776
LIL,Lilydale,2-LIL-vpt-1.18.H,-37.80725611,145.26570659,777
LIL,Lilydale,2-LIL-vpt-1.18.H,-37.80715124,145.26601505,778
LIL,Lilydale,2-LIL-vpt-1.18.H,-37.80701988,145.26634219,779
LIL,Lilydale,2-LIL-vpt-1.18.H,-37.80680686,145.26677268,780
LIL,Lilydale,2-LIL-vpt-1.18.H,-37.80658864,145.26716171,781
LIL,Lilydale,2-LIL-vpt-1.18.H,-37.80635229,145.26750765,782
LIL,Lilydale,2-LIL-vpt-1.18.H,-37.80518889,145.26916116,783
LIL,Lilydale,2-LIL-vpt-1.18.H,-37.80424792,145.27049162,784
LIL,Lilydale,2-LIL-vpt-1.18.H,-37.80374746,145.27117844,785
LIL,Lilydale,2-LIL-vpt-1.18.H,-37.80338597,145.27160099,786
LIL,Lilydale,2-LIL-vpt-1.18.H,-37.80320598,145.27179021,787
LIL,Lilydale,2-LIL-vpt-1.18.H,-37.80300321,145.27197462,788
LIL,Lilydale,2-LIL-vpt-1.18.H,-37.80264792,145.27225516,789
LIL,Lilydale,2-LIL-vpt-1.18.H,-37.80216472,145.2725891,790
LIL,Lilydale,2-LIL-vpt-1.18.H,-37.80185584,145.27280836,791
LIL,Lilydale,2-LIL-vpt-1.18.H,-37.80114052,145.27330455,792
LIL,Lilydale,2-LIL-vpt-1.18.H,-37.80074417,145.27357558,793
LIL,Lilydale,2-LIL-vpt-1.18.H,-37.80026414,145.27389876,794
LIL,Lilydale,2-LIL-vpt-1.18.H,-37.79927546,145.27466445,795
LIL,Lilydale,2-LIL-vpt-1.18.H,-37.79885578,145.27504674,796
LIL,Lilydale,2-LIL-vpt-1.18.H,-37.79860887,145.2753069,797
LIL,Lilydale,2-LIL-vpt-1.18.H,-37.79833442,145.27562482,798
LIL,Lilydale,2-LIL-vpt-1.18.H,-37.79800169,145.27606868,799
LIL,Lilydale,2-LIL-vpt-1.18.H,-37.79768699,145.27653665,800
LIL,Lilydale,2-LIL-vpt-1.18.H,-37.79715167,145.27746109,801
LIL,Lilydale,2-LIL-vpt-1.18.H,-37.79675888,145.27804387,802
LIL,Lilydale,2-LIL-vpt-1.18.H,-37.79654403,145.27840184,803
LIL,Lilydale,2-LIL-vpt-1.18.H,-37.79647391,145.27850591,804
LIL,Lilydale,2-LIL-vpt-1.18.H,-37.7958989,145.2794041,805
LIL,Lilydale,2-LIL-vpt-1.18.H,-37.79551163,145.28005692,806
LIL,Lilydale,2-LIL-vpt-1.18.H,-37.79513987,145.28069256,807
LIL,Lilydale,2-LIL-vpt-1.18.H,-37.79487766,145.28114645,808
LIL,Lilydale,2-LIL-vpt-1.18.H,-37.79460793,145.28158495,809
LIL,Lilydale,2-LIL-vpt-1.18.H,-37.79404963,145.28261114,810
LIL,Lilydale,2-LIL-vpt-1.18.H,-37.7934744,145.28368825,811
LIL,Lilydale,2-LIL-vpt-1.18.H,-37.79331327,145.28401031,812
LIL,Lilydale,2-LIL-vpt-1.18.H,-37.79316052,145.28428334,813
LIL,Lilydale,2-LIL-vpt-1.18.H,-37.7927626,145.28496782,814
LIL,Lilydale,2-LIL-vpt-1.18.H,-37.79237642,145.28567325,815
LIL,Lilydale,2-LIL-vpt-1.18.H,-37.79202806,145.28626526,816
LIL,Lilydale,2-LIL-vpt-1.18.H,-37.79166972,145.28679083,817
LIL,Lilydale,2-LIL-vpt-1.18.H,-37.79123728,145.28729641,818
LIL,Lilydale,2-LIL-vpt-1.18.H,-37.79080266,145.28771482,819
LIL,Lilydale,2-LIL-vpt-1.18.H,-37.79037458,145.28807425,820
LIL,Lilydale,2-LIL-vpt-1.18.H,-37.79002934,145.2883483,821
LIL,Lilydale,2-LIL-vpt-1.18.H,-37.78991698,145.28843072,822
LIL,Lilydale,2-LIL-vpt-1.18.H,-37.7888242,145.28919635,823
LIL,Lilydale,2-LIL-vpt-1.18.H,-37.78852092,145.28943683,824
LIL,Lilydale,2-LIL-vpt-1.18.H,-37.78833443,145.28960852,825
LIL,Lilydale,2-LIL-vpt-1.18.H,-37.78807161,145.28992369,826
LIL,Lilydale,2-LIL-vpt-1.18.H,-37.78796416,145.29007129,827
LIL,Lilydale,2-LIL-vpt-1.18.H,-37.78784473,145.29024393,828
LIL,Lilydale,2-LIL-vpt-1.18.H,-37.78768004,145.29050834,829
LIL,Lilydale,2-LIL-vpt-1.18.H,-37.78761396,145.29063058,830
LIL,Lilydale,2-LIL-vpt-1.18.H,-37.78751248,145.29083551,831
LIL,Lilydale,2-LIL-vpt-1.18.H,-37.78741881,145.29105059,832
LIL,Lilydale,2-LIL-vpt-1.18.H,-37.78736136,145.29119068,833
LIL,Lilydale,2-LIL-vpt-1.18.H,-37.78715511,145.29176527,834
LIL,Lilydale,2-LIL-vpt-1.18.H,-37.78464906,145.29907514,835
LIL,Lilydale,2-LIL-vpt-1.18.H,-37.78406727,145.30072615,836
LIL,Lilydale,2-LIL-vpt-1.18.H,-37.78327447,145.3030651,837
LIL,Lilydale,2-LIL-vpt-1.18.H,-37.7831685,145.30347279,838
LIL,Lilydale,2-LIL-vpt-1.18.H,-37.78309642,145.30386165,839
LIL,Lilydale,2-LIL-vpt-1.18.H,-37.7830702,145.30410651,840
LIL,Lilydale,2-LIL-vpt-1.18.H,-37.78305943,145.30427186,841
LIL,Lilydale,2-LIL-vpt-1.18.H,-37.78305574,145.30444761,842
LIL,Lilydale,2-LIL-vpt-1.18.H,-37.78305621,145.3046931,843
LIL,Lilydale,2-LIL-vpt-1.18.H,-37.78306227,145.30494573,844
LIL,Lilydale,2-LIL-vpt-1.18.H,-37.78307642,145.30514605,845
LIL,Lilydale,2-LIL-vpt-1.18.H,-37.78310253,145.30540072,846
LIL,Lilydale,2-LIL-vpt-1.18.H,-37.78314669,145.30567633,847
LIL,Lilydale,2-LIL-vpt-1.18.H,-37.78318517,145.30587689,848
LIL,Lilydale,2-LIL-vpt-1.18.H,-37.7832385,145.3061013,849
LIL,Lilydale,2-LIL-vpt-1.18.H,-37.78330353,145.3063368,850
LIL,Lilydale,2-LIL-vpt-1.18.H,-37.78341167,145.30668078,851
LIL,Lilydale,2-LIL-vpt-1.18.H,-37.78361875,145.30728096,852
LIL,Lilydale,2-LIL-vpt-1.18.H,-37.7841188,145.30875904,853
LIL,Lilydale,2-LIL-vpt-1.18.H,-37.78446191,145.30978365,854
LIL,Lilydale,2-LIL-vpt-1.18.H,-37.78453969,145.31005396,855
LIL,Lilydale,2-LIL-vpt-1.18.H,-37.78460551,145.31032034,856
LIL,Lilydale,2-LIL-vpt-1.18.H,-37.78466899,145.31064275,857
LIL,Lilydale,2-LIL-vpt-1.18.H,-37.78471236,145.31093349,858
LIL,Lilydale,2-LIL-vpt-1.18.H,-37.78473541,145.31125864,859
LIL,Lilydale,2-LIL-vpt-1.18.H,-37.78474433,145.3114475,860
LIL,Lilydale,2-LIL-vpt-1.18.H,-37.78475077,145.31166379,861
LIL,Lilydale,2-LIL-vpt-1.18.H,-37.78475074,145.31183787,862
LIL,Lilydale,2-LIL-vpt-1.18.H,-37.78474641,145.31201966,863
LIL,Lilydale,2-LIL-vpt-1.18.H,-37.78473974,145.31216425,864
LIL,Lilydale,2-LIL-vpt-1.18.H,-37.78472683,145.31235203,865
LIL,Lilydale,2-LIL-vpt-1.18.H,-37.7846859,145.31275335,866
LIL,Lilydale,2-LIL-vpt-1.18.H,-37.78465912,145.31304194,867
LIL,Lilydale,2-LIL-vpt-1.18.H,-37.78444626,145.31534115,868
LIL,Lilydale,2-LIL-vpt-1.18.H,-37.78440777,145.31572482,869
LIL,Lilydale,2-LIL-vpt-1.18.H,-37.78436399,145.31602253,870
LIL,Lilydale,2-LIL-vpt-1.18.H,-37.78429189,145.31639435,871
LIL,Lilydale,2-LIL-vpt-1.18.H,-37.78423442,145.31660414,872
LIL,Lilydale,2-LIL-vpt-1.18.H,-37.78414827,145.31686352,873
LIL,Lilydale,2-LIL-vpt-1.18.H,-37.78405027,145.31710035,874
LIL,Lilydale,2-LIL-vpt-1.18.H,-37.78393033,145.317322,875
LIL,Lilydale,2-LIL-vpt-1.18.H,-37.78348872,145.31818026,876
LIL,Lilydale,2-LIL-vpt-1.18.H,-37.78327124,145.31855798,877
LIL,Lilydale,2-LIL-vpt-1.18.H,-37.78309639,145.31882846,878
LIL,Lilydale,2-LIL-vpt-1.18.H,-37.78268538,145.31951976,879
LIL,Lilydale,2-LIL-vpt-1.18.H,-37.78181809,145.32093892,880
LIL,Lilydale,2-LIL-vpt-1.18.H,-37.78136974,145.32165432,881
LIL,Lilydale,2-LIL-vpt-1.18.H,-37.78100258,145.32228681,882
LIL,Lilydale,2-LIL-vpt-1.18.H,-37.7806989,145.32278284,883
LIL,Lilydale,2-LIL-vpt-1.18.H,-37.78032464,145.32333474,884
LIL,Lilydale,2-LIL-vpt-1.18.H,-37.78012544,145.32355465,885
LIL,Lilydale,2-LIL-vpt-1.18.H,-37.77988577,145.32383087,886
LIL,Lilydale,2-LIL-vpt-1.18.H,-37.77964837,145.32405084,887
LIL,Lilydale,2-LIL-vpt-1.18.H,-37.77899122,145.3246677,888
LIL,Lilydale,2-LIL-vpt-1.18.H,-37.7781686,145.32541069,889
LIL,Lilydale,2-LIL-vpt-1.18.H,-37.7777892,145.32577283,890
LIL,Lilydale,2-LIL-vpt-1.18.H,-37.777486,145.32611338,891
LIL,Lilydale,2-LIL-vpt-1.18.H,-37.77716801,145.32651035,892
LIL,Lilydale,2-LIL-vpt-1.18.H,-37.7769157,145.32686177,893
LIL,Lilydale,2-LIL-vpt-1.18.H,-37.77661262,145.32734458,894
LIL,Lilydale,2-LIL-vpt-1.18.H,-37.77640271,145.32771196,895
LIL,Lilydale,2-LIL-vpt-1.18.H,-37.77593414,145.32865618,896
LIL,Lilydale,2-LIL-vpt-1.18.H,-37.77540094,145.32975318,897
LIL,Lilydale,2-LIL-vpt-1.18.H,-37.775127,145.3302897,898
LIL,Lilydale,2-LIL-vpt-1.18.H,-37.77480659,145.33094942,899
LIL,Lilydale,2-LIL-vpt-1.18.H,-37.77408119,145.33236828,900
LIL,Lilydale,2-LIL-vpt-1.18.H,-37.77357132,145.33339034,901
LIL,Lilydale,2-LIL-vpt-1.18.H,-37.77340056,145.33371753,902
LIL,Lilydale,2-LIL-vpt-1.18.H,-37.77319068,145.33404344,903
LIL,Lilydale,2-LIL-vpt-1.18.H,-37.77295334,145.3343585,904
LIL,Lilydale,2-LIL-vpt-1.18.H,-37.77261624,145.33471258,905
LIL,Lilydale,2-LIL-vpt-1.18.H,-37.772239,145.33503292,906
LIL,Lilydale,2-LIL-vpt-1.18.H,-37.77186461,145.33526113,907
LIL,Lilydale,2-LIL-vpt-1.18.H,-37.77159577,145.33538171,908
LIL,Lilydale,2-LIL-vpt-1.18.H,-37.77126348,145.33550247,909
LIL,Lilydale,2-LIL-vpt-1.18.H,-37.7708586,145.335595,910
LIL,Lilydale,2-LIL-vpt-1.18.H,-37.77005923,145.33574927,911
LIL,Lilydale,2-LIL-vpt-1.18.H,-37.76672279,145.33638126,912
LIL,Lilydale,2-LIL-vpt-1.18.H,-37.76629351,145.33647523,913
LIL,Lilydale,2-LIL-vpt-1.18.H,-37.76596912,145.33658785,914
LIL,Lilydale,2-LIL-vpt-1.18.H,-37.76566801,145.33673401,915
LIL,Lilydale,2-LIL-vpt-1.18.H,-37.76534358,145.33693915,916
LIL,Lilydale,2-LIL-vpt-1.18.H,-37.76502439,145.33718334,917
LIL,Lilydale,2-LIL-vpt-1.18.H,-37.76472121,145.33747701,918
LIL,Lilydale,2-LIL-vpt-1.18.H,-37.76446572,145.33778413,919
LIL,Lilydale,2-LIL-vpt-1.18.H,-37.76421019,145.33813951,920
LIL,Lilydale,2-LIL-vpt-1.18.H,-37.76383907,145.33868932,921
LIL,Lilydale,2-LIL-vpt-1.18.H,-37.76352317,145.33913595,922
LIL,Lilydale,2-LIL-vpt-1.18.H,-37.76314263,145.33956768,923
LIL,Lilydale,2-LIL-vpt-1.18.H,-37.76233516,145.34043373,924
LIL,Lilydale,2-LIL-vpt-1.18.H,-37.75911278,145.34381986,925
LIL,Lilydale,2-LIL-vpt-1.18.H,-37.75879964,145.34408566,926
LIL,Lilydale,2-LIL-vpt-1.18.H,-37.758545,145.34431348,927
LIL,Lilydale,2-LIL-vpt-1.18.H,-37.75837363,145.34448326,928
LIL,Lilydale,2-LIL-vpt-1.18.H,-37.75822022,145.34464833,929
LIL,Lilydale,2-LIL-vpt-1.18.H,-37.75805591,145.3448142,930
LIL,Lilydale,2-LIL-vpt-1.18.H,-37.75761047,145.34527898,931
LIL,Lilydale,2-LIL-vpt-1.18.H,-37.757208,145.34570363,932
MDD,Mernda,2-MDD-vpt-1.4.H,-37.81811612,144.9662735,1
MDD,Mernda,2-MDD-vpt-1.4.H,-37.8183872,144.96532987,2
MDD,Mernda,2-MDD-vpt-1.4.H,-37.81847604,144.96503173,3
MDD,Mernda,2-MDD-vpt-1.4.H,-37.81851639,144.96490487,4
MDD,Mernda,2-MDD-vpt-1.4.H,-37.81856219,144.96477581,5
MDD,Mernda,2-MDD-vpt-1.4.H,-37.81859826,144.96468325,6
MDD,Mernda,2-MDD-vpt-1.4.H,-37.81869583,144.96445246,7
MDD,Mernda,2-MDD-vpt-1.4.H,-37.81873873,144.96432768,8
MDD,Mernda,2-MDD-vpt-1.4.H,-37.81888171,144.96388241,9
MDD,Mernda,2-MDD-vpt-1.4.H,-37.81894489,144.96370573,10
MDD,Mernda,2-MDD-vpt-1.4.H,-37.81901293,144.96354936,11
MDD,Mernda,2-MDD-vpt-1.4.H,-37.8190843,144.96336177,12
MDD,Mernda,2-MDD-vpt-1.4.H,-37.81918068,144.9630516,13
MDD,Mernda,2-MDD-vpt-1.4.H,-37.81922018,144.96291272,14
MDD,Mernda,2-MDD-vpt-1.4.H,-37.81924467,144.96280696,15
MDD,Mernda,2-MDD-vpt-1.4.H,-37.81931971,144.9624358,16
MDD,Mernda,2-MDD-vpt-1.4.H,-37.81937006,144.96216382,17
MDD,Mernda,2-MDD-vpt-1.4.H,-37.81943589,144.96177564,18
MDD,Mernda,2-MDD-vpt-1.4.H,-37.81945002,144.96164984,19
MDD,Mernda,2-MDD-vpt-1.4.H,-37.81946797,144.96134375,20
MDD,Mernda,2-MDD-vpt-1.4.H,-37.81947932,144.96122893,21
MDD,Mernda,2-MDD-vpt-1.4.H,-37.81950067,144.96105646,22
MDD,Mernda,2-MDD-vpt-1.4.H,-37.81952139,144.96091536,23
MDD,Mernda,2-MDD-vpt-1.4.H,-37.81955653,144.96072286,24
MDD,Mernda,2-MDD-vpt-1.4.H,-37.81960274,144.96050813,25
MDD,Mernda,2-MDD-vpt-1.4.H,-37.8196652,144.96026432,26
MDD,Mernda,2-MDD-vpt-1.4.H,-37.81985989,144.95959007,27
MDD,Mernda,2-MDD-vpt-1.4.H,-37.81994529,144.95930257,28
MDD,Mernda,2-MDD-vpt-1.4.H,-37.81997626,144.95920175,29
MDD,Mernda,2-MDD-vpt-1.4.H,-37.82002151,144.95906713,30
MDD,Mernda,2-MDD-vpt-1.4.H,-37.8201062,144.95883736,31
MDD,Mernda,2-MDD-vpt-1.4.H,-37.82019916,144.95861668,32
MDD,Mernda,2-MDD-vpt-1.4.H,-37.82026547,144.95847546,33
MDD,Mernda,2-MDD-vpt-1.4.H,-37.82030607,144.95839516,34
MDD,Mernda,2-MDD-vpt-1.4.H,-37.82042053,144.95818763,35
MDD,Mernda,2-MDD-vpt-1.4.H,-37.82051917,144.95802428,36
MDD,Mernda,2-MDD-vpt-1.4.H,-37.82080351,144.95758906,37
MDD,Mernda,2-MDD-vpt-1.4.H,-37.82086596,144.9574851,38
MDD,Mernda,2-MDD-vpt-1.4.H,-37.82095527,144.95731938,39
MDD,Mernda,2-MDD-vpt-1.4.H,-37.82100248,144.95721993,40
MDD,Mernda,2-MDD-vpt-1.4.H,-37.82107394,144.95704834,41
MDD,Mernda,2-MDD-vpt-1.4.H,-37.82114459,144.95684054,42
MDD,Mernda,2-MDD-vpt-1.4.H,-37.82118551,144.95669559,43
MDD,Mernda,2-MDD-vpt-1.4.H,-37.82122891,144.95649615,44
MDD,Mernda,2-MDD-vpt-1.4.H,-37.82124548,144.95639675,45
MDD,Mernda,2-MDD-vpt-1.4.H,-37.82126561,144.95622703,46
MDD,Mernda,2-MDD-vpt-1.4.H,-37.82128101,144.95601882,47
MDD,Mernda,2-MDD-vpt-1.4.H,-37.82128408,144.95588446,48
MDD,Mernda,2-MDD-vpt-1.4.H,-37.82127749,144.95566595,49
MDD,Mernda,2-MDD-vpt-1.4.H,-37.82126971,144.95556551,50
MDD,Mernda,2-MDD-vpt-1.4.H,-37.82125042,144.95539893,51
MDD,Mernda,2-MDD-vpt-1.4.H,-37.82123518,144.95530006,52
MDD,Mernda,2-MDD-vpt-1.4.H,-37.82118721,144.95508564,53
MDD,Mernda,2-MDD-vpt-1.4.H,-37.82115496,144.9549618,54
MDD,Mernda,2-MDD-vpt-1.4.H,-37.82112614,144.95486955,55
MDD,Mernda,2-MDD-vpt-1.4.H,-37.82105581,144.95466995,56
MDD,Mernda,2-MDD-vpt-1.4.H,-37.8209654,144.95447148,57
MDD,Mernda,2-MDD-vpt-1.4.H,-37.82088354,144.95431935,58
MDD,Mernda,2-MDD-vpt-1.4.H,-37.82083611,144.95423978,59
MDD,Mernda,2-MDD-vpt-1.4.H,-37.82070413,144.95403984,60
MDD,Mernda,2-MDD-vpt-1.4.H,-37.82054478,144.95382078,61
MDD,Mernda,2-MDD-vpt-1.4.H,-37.82045473,144.95370535,62
MDD,Mernda,2-MDD-vpt-1.4.H,-37.82033224,144.95356968,63
MDD,Mernda,2-MDD-vpt-1.4.H,-37.82017068,144.95340487,64
MDD,Mernda,2-MDD-vpt-1.4.H,-37.81997692,144.95323857,65
MDD,Mernda,2-MDD-vpt-1.4.H,-37.8198445,144.95314317,66
MDD,Mernda,2-MDD-vpt-1.4.H,-37.8195639,144.95296279,67
MDD,Mernda,2-MDD-vpt-1.4.H,-37.81915588,144.95271608,68
MDD,Mernda,2-MDD-vpt-1.4.H,-37.81899743,144.95263173,69
MDD,Mernda,2-MDD-vpt-1.4.H,-37.8189343,144.95259269,70
MDD,Mernda,2-MDD-vpt-1.4.H,-37.81888331,144.95255741,71
MDD,Mernda,2-MDD-vpt-1.4.H,-37.81872489,144.95243853,72
MDD,Mernda,2-MDD-vpt-1.4.H,-37.81849021,144.95227688,73
MDD,Mernda,2-MDD-vpt-1.4.H,-37.81829963,144.95212754,74
MDD,Mernda,2-MDD-vpt-1.4.H,-37.8177827,144.95171753,75
MDD,Mernda,2-MDD-vpt-1.4.H,-37.81765034,144.95160998,76
MDD,Mernda,2-MDD-vpt-1.4.H,-37.81722109,144.9511996,77
MDD,Mernda,2-MDD-vpt-1.4.H,-37.81712529,144.95111148,78
MDD,Mernda,2-MDD-vpt-1.4.H,-37.81698699,144.95099375,79
MDD,Mernda,2-MDD-vpt-1.4.H,-37.8168019,144.95084472,80
MDD,Mernda,2-MDD-vpt-1.4.H,-37.81665642,144.95072356,81
MDD,Mernda,2-MDD-vpt-1.4.H,-37.81623494,144.95039726,82
MDD,Mernda,2-MDD-vpt-1.4.H,-37.81603628,144.95027098,83
MDD,Mernda,2-MDD-vpt-1.4.H,-37.81584162,144.95018242,84
MDD,Mernda,2-MDD-vpt-1.4.H,-37.81563979,144.95010633,85
MDD,Mernda,2-MDD-vpt-1.4.H,-37.81549147,144.95007135,86
MDD,Mernda,2-MDD-vpt-1.4.H,-37.81534956,144.95005211,87
MDD,Mernda,2-MDD-vpt-1.4.H,-37.81514207,144.95003933,88
MDD,Mernda,2-MDD-vpt-1.4.H,-37.81494447,144.95005604,89
MDD,Mernda,2-MDD-vpt-1.4.H,-37.81475918,144.95008661,90
MDD,Mernda,2-MDD-vpt-1.4.H,-37.81454194,144.9501509,91
MDD,Mernda,2-MDD-vpt-1.4.H,-37.81432722,144.95024555,92
MDD,Mernda,2-MDD-vpt-1.4.H,-37.81415143,144.95035106,93
MDD,Mernda,2-MDD-vpt-1.4.H,-37.81402938,144.95043225,94
MDD,Mernda,2-MDD-vpt-1.4.H,-37.81392026,144.95052069,95
MDD,Mernda,2-MDD-vpt-1.4.H,-37.8137459,144.95068727,96
MDD,Mernda,2-MDD-vpt-1.4.H,-37.81363209,144.95081707,97
MDD,Mernda,2-MDD-vpt-1.4.H,-37.81352998,144.95094667,98
MDD,Mernda,2-MDD-vpt-1.4.H,-37.81339117,144.95116224,99
MDD,Mernda,2-MDD-vpt-1.4.H,-37.81325701,144.95140722,100
MDD,Mernda,2-MDD-vpt-1.4.H,-37.81312896,144.95173393,101
MDD,Mernda,2-MDD-vpt-1.4.H,-37.81304858,144.95196198,102
MDD,Mernda,2-MDD-vpt-1.4.H,-37.81201818,144.95560765,103
MDD,Mernda,2-MDD-vpt-1.4.H,-37.81189821,144.95603204,104
MDD,Mernda,2-MDD-vpt-1.4.H,-37.81098849,144.95914529,105
MDD,Mernda,2-MDD-vpt-1.4.H,-37.81027134,144.96161696,106
MDD,Mernda,2-MDD-vpt-1.4.H,-37.81000236,144.96252943,107
MDD,Mernda,2-MDD-vpt-1.4.H,-37.80974891,144.96340739,108
MDD,Mernda,2-MDD-vpt-1.4.H,-37.80830678,144.96835425,109
MDD,Mernda,2-MDD-vpt-1.4.H,-37.80823881,144.96865098,110
MDD,Mernda,2-MDD-vpt-1.4.H,-37.80820523,144.96888816,111
MDD,Mernda,2-MDD-vpt-1.4.H,-37.8081828,144.96913389,112
MDD,Mernda,2-MDD-vpt-1.4.H,-37.80817471,144.96940161,113
MDD,Mernda,2-MDD-vpt-1.4.H,-37.8081833,144.96963354,114
MDD,Mernda,2-MDD-vpt-1.4.H,-37.808209,144.96989556,115
MDD,Mernda,2-MDD-vpt-1.4.H,-37.80825009,144.97014114,116
MDD,Mernda,2-MDD-vpt-1.4.H,-37.80830559,144.97037554,117
MDD,Mernda,2-MDD-vpt-1.4.H,-37.80838771,144.97063863,118
MDD,Mernda,2-MDD-vpt-1.4.H,-37.80848186,144.97087788,119
MDD,Mernda,2-MDD-vpt-1.4.H,-37.80860252,144.97113332,120
MDD,Mernda,2-MDD-vpt-1.4.H,-37.80874867,144.97138307,121
MDD,Mernda,2-MDD-vpt-1.4.H,-37.80889021,144.97157991,122
MDD,Mernda,2-MDD-vpt-1.4.H,-37.80906612,144.97177898,123
MDD,Mernda,2-MDD-vpt-1.4.H,-37.80924567,144.97195365,124
MDD,Mernda,2-MDD-vpt-1.4.H,-37.809467,144.97213172,125
MDD,Mernda,2-MDD-vpt-1.4.H,-37.80972267,144.97228375,126
MDD,Mernda,2-MDD-vpt-1.4.H,-37.8102994,144.97251798,127
MDD,Mernda,2-MDD-vpt-1.4.H,-37.81103078,144.97285703,128
MDD,Mernda,2-MDD-vpt-1.4.H,-37.81208732,144.97334372,129
MDD,Mernda,2-MDD-vpt-1.4.H,-37.81240472,144.97352202,130
MDD,Mernda,2-MDD-vpt-1.4.H,-37.81347769,144.97418389,131
MDD,Mernda,2-MDD-vpt-1.4.H,-37.81374342,144.97432885,132
MDD,Mernda,2-MDD-vpt-1.4.H,-37.81425611,144.97461768,133
MDD,Mernda,2-MDD-vpt-1.4.H,-37.8145157,144.97479324,134
MDD,Mernda,2-MDD-vpt-1.4.H,-37.81472966,144.97497256,135
MDD,Mernda,2-MDD-vpt-1.4.H,-37.81491774,144.97516678,136
MDD,Mernda,2-MDD-vpt-1.4.H,-37.81509784,144.97537917,137
MDD,Mernda,2-MDD-vpt-1.4.H,-37.81528282,144.97565538,138
MDD,Mernda,2-MDD-vpt-1.4.H,-37.8153897,144.97585443,139
MDD,Mernda,2-MDD-vpt-1.4.H,-37.81544423,144.97596495,140
MDD,Mernda,2-MDD-vpt-1.4.H,-37.81551358,144.97614606,141
MDD,Mernda,2-MDD-vpt-1.4.H,-37.81556497,144.97629415,142
MDD,Mernda,2-MDD-vpt-1.4.H,-37.8156089,144.97644903,143
MDD,Mernda,2-MDD-vpt-1.4.H,-37.81564774,144.97661133,144
MDD,Mernda,2-MDD-vpt-1.4.H,-37.81566378,144.97669506,145
MDD,Mernda,2-MDD-vpt-1.4.H,-37.81569061,144.97686132,146
MDD,Mernda,2-MDD-vpt-1.4.H,-37.81571443,144.9770364,147
MDD,Mernda,2-MDD-vpt-1.4.H,-37.8162061,144.98145171,148
MDD,Mernda,2-MDD-vpt-1.4.H,-37.81625587,144.98192111,149
MDD,Mernda,2-MDD-vpt-1.4.H,-37.81648272,144.98394244,150
MDD,Mernda,2-MDD-vpt-1.4.H,-37.81678829,144.98669583,151
MDD,Mernda,2-MDD-vpt-1.4.H,-37.81681072,144.9869323,152
MDD,Mernda,2-MDD-vpt-1.4.H,-37.8168272,144.98720585,153
MDD,Mernda,2-MDD-vpt-1.4.H,-37.81683079,144.98744738,154
MDD,Mernda,2-MDD-vpt-1.4.H,-37.81682688,144.98779908,155
MDD,Mernda,2-MDD-vpt-1.4.H,-37.81680332,144.98807633,156
MDD,Mernda,2-MDD-vpt-1.4.H,-37.81676143,144.98839373,157
MDD,Mernda,2-MDD-vpt-1.4.H,-37.81670831,144.98863895,158
MDD,Mernda,2-MDD-vpt-1.4.H,-37.81662903,144.98891488,159
MDD,Mernda,2-MDD-vpt-1.4.H,-37.81654162,144.98917898,160
MDD,Mernda,2-MDD-vpt-1.4.H,-37.81642906,144.98947932,161
MDD,Mernda,2-MDD-vpt-1.4.H,-37.81632808,144.98971937,162
MDD,Mernda,2-MDD-vpt-1.4.H,-37.81626852,144.98984651,163
MDD,Mernda,2-MDD-vpt-1.4.H,-37.81621716,144.98994208,164
MDD,Mernda,2-MDD-vpt-1.4.H,-37.81586228,144.990544,165
MDD,Mernda,2-MDD-vpt-1.4.H,-37.81547594,144.99096104,166
MDD,Mernda,2-MDD-vpt-1.4.H,-37.81533384,144.99109962,167
MDD,Mernda,2-MDD-vpt-1.4.H,-37.81516161,144.99124651,168
MDD,Mernda,2-MDD-vpt-1.4.H,-37.81507918,144.99131145,169
MDD,Mernda,2-MDD-vpt-1.4.H,-37.81485932,144.99146645,170
MDD,Mernda,2-MDD-vpt-1.4.H,-37.81478035,144.99151255,171
MDD,Mernda,2-MDD-vpt-1.4.H,-37.81470144,144.99156195,172
MDD,Mernda,2-MDD-vpt-1.4.H,-37.81457776,144.99162857,173
MDD,Mernda,2-MDD-vpt-1.4.H,-37.81439984,144.99171132,174
MDD,Mernda,2-MDD-vpt-1.4.H,-37.81417761,144.99179595,175
MDD,Mernda,2-MDD-vpt-1.4.H,-37.81405266,144.99183569,176
MDD,Mernda,2-MDD-vpt-1.4.H,-37.81384843,144.99188688,177
MDD,Mernda,2-MDD-vpt-1.4.H,-37.81306353,144.99203152,178
MDD,Mernda,2-MDD-vpt-1.4.H,-37.81295513,144.99204786,179
MDD,Mernda,2-MDD-vpt-1.4.H,-37.81178596,144.99224958,180
MDD,Mernda,2-MDD-vpt-1.4.H,-37.81096392,144.9923935,181
MDD,Mernda,2-MDD-vpt-1.4.H,-37.81038357,144.99249964,182
MDD,Mernda,2-MDD-vpt-1.4.H,-37.81017992,144.99253253,183
MDD,Mernda,2-MDD-vpt-1.4.H,-37.80983689,144.99258805,184
MDD,Mernda,2-MDD-vpt-1.4.H,-37.80918211,144.99270063,185
MDD,Mernda,2-MDD-vpt-1.4.H,-37.80897992,144.99273961,186
MDD,Mernda,2-MDD-vpt-1.4.H,-37.80877347,144.9927928,187
MDD,Mernda,2-MDD-vpt-1.4.H,-37.80858376,144.99285541,188
MDD,Mernda,2-MDD-vpt-1.4.H,-37.80821429,144.99300467,189
MDD,Mernda,2-MDD-vpt-1.4.H,-37.80795859,144.99310315,190
MDD,Mernda,2-MDD-vpt-1.4.H,-37.80774456,144.99316619,191
MDD,Mernda,2-MDD-vpt-1.4.H,-37.80761833,144.99319425,192
MDD,Mernda,2-MDD-vpt-1.4.H,-37.80739324,144.99323794,193
MDD,Mernda,2-MDD-vpt-1.4.H,-37.80667544,144.99336471,194
MDD,Mernda,2-MDD-vpt-1.4.H,-37.80614251,144.99345592,195
MDD,Mernda,2-MDD-vpt-1.4.H,-37.8057155,144.99352302,196
MDD,Mernda,2-MDD-vpt-1.4.H,-37.80522492,144.99360388,197
MDD,Mernda,2-MDD-vpt-1.4.H,-37.80446088,144.99374018,198
MDD,Mernda,2-MDD-vpt-1.4.H,-37.80428249,144.9937692,199
MDD,Mernda,2-MDD-vpt-1.4.H,-37.8027157,144.99403387,200
MDD,Mernda,2-MDD-vpt-1.4.H,-37.80252182,144.99406876,201
MDD,Mernda,2-MDD-vpt-1.4.H,-37.80203539,144.99413917,202
MDD,Mernda,2-MDD-vpt-1.4.H,-37.80193602,144.99415162,203
MDD,Mernda,2-MDD-vpt-1.4.H,-37.80156873,144.99417462,204
MDD,Mernda,2-MDD-vpt-1.4.H,-37.80141933,144.9941706,205
MDD,Mernda,2-MDD-vpt-1.4.H,-37.80126084,144.99416126,206
MDD,Mernda,2-MDD-vpt-1.4.H,-37.8007108,144.9941532,207
MDD,Mernda,2-MDD-vpt-1.4.H,-37.80060381,144.99416256,208
MDD,Mernda,2-MDD-vpt-1.4.H,-37.79977617,144.99430614,209
MDD,Mernda,2-MDD-vpt-1.4.H,-37.79904767,144.9944284,210
MDD,Mernda,2-MDD-vpt-1.4.H,-37.7973634,144.99471143,211
MDD,Mernda,2-MDD-vpt-1.4.H,-37.79609539,144.99493083,212
MDD,Mernda,2-MDD-vpt-1.4.H,-37.79464378,144.99516995,213
MDD,Mernda,2-MDD-vpt-1.4.H,-37.7939478,144.99528144,214
MDD,Mernda,2-MDD-vpt-1.4.H,-37.7937451,144.99530145,215
MDD,Mernda,2-MDD-vpt-1.4.H,-37.79341052,144.99531356,216
MDD,Mernda,2-MDD-vpt-1.4.H,-37.7931964,144.99530822,217
MDD,Mernda,2-MDD-vpt-1.4.H,-37.79297698,144.99528814,218
MDD,Mernda,2-MDD-vpt-1.4.H,-37.79277899,144.9952667,219
MDD,Mernda,2-MDD-vpt-1.4.H,-37.79260633,144.99523559,220
MDD,Mernda,2-MDD-vpt-1.4.H,-37.79236246,144.99518722,221
MDD,Mernda,2-MDD-vpt-1.4.H,-37.79222432,144.99515609,222
MDD,Mernda,2-MDD-vpt-1.4.H,-37.79184827,144.99508267,223
MDD,Mernda,2-MDD-vpt-1.4.H,-37.79163198,144.99504537,224
MDD,Mernda,2-MDD-vpt-1.4.H,-37.79137053,144.99503915,225
MDD,Mernda,2-MDD-vpt-1.4.H,-37.79110397,144.99506078,226
MDD,Mernda,2-MDD-vpt-1.4.H,-37.79103319,144.99505906,227
MDD,Mernda,2-MDD-vpt-1.4.H,-37.79092523,144.99506402,228
MDD,Mernda,2-MDD-vpt-1.4.H,-37.79071611,144.9950565,229
MDD,Mernda,2-MDD-vpt-1.4.H,-37.79045559,144.99505707,230
MDD,Mernda,2-MDD-vpt-1.4.H,-37.7902204,144.99509499,231
MDD,Mernda,2-MDD-vpt-1.4.H,-37.7893272,144.99525688,232
MDD,Mernda,2-MDD-vpt-1.4.H,-37.78841665,144.99541606,233
MDD,Mernda,2-MDD-vpt-1.4.H,-37.78755662,144.99556273,234
MDD,Mernda,2-MDD-vpt-1.4.H,-37.78715468,144.99563616,235
MDD,Mernda,2-MDD-vpt-1.4.H,-37.78689104,144.99568132,236
MDD,Mernda,2-MDD-vpt-1.4.H,-37.78675526,144.99569374,237
MDD,Mernda,2-MDD-vpt-1.4.H,-37.78660803,144.99569487,238
MDD,Mernda,2-MDD-vpt-1.4.H,-37.78647963,144.99569074,239
MDD,Mernda,2-MDD-vpt-1.4.H,-37.78635152,144.99567705,240
MDD,Mernda,2-MDD-vpt-1.4.H,-37.78620737,144.99565267,241
MDD,Mernda,2-MDD-vpt-1.4.H,-37.78605348,144.99561232,242
MDD,Mernda,2-MDD-vpt-1.4.H,-37.78591907,144.99556735,243
MDD,Mernda,2-MDD-vpt-1.4.H,-37.78574292,144.99549001,244
MDD,Mernda,2-MDD-vpt-1.4.H,-37.78565366,144.99544541,245
MDD,Mernda,2-MDD-vpt-1.4.H,-37.78552694,144.99537014,246
MDD,Mernda,2-MDD-vpt-1.4.H,-37.78543378,144.99530817,247
MDD,Mernda,2-MDD-vpt-1.4.H,-37.78531659,144.99522095,248
MDD,Mernda,2-MDD-vpt-1.4.H,-37.78525064,144.99516368,249
MDD,Mernda,2-MDD-vpt-1.4.H,-37.78515174,144.99507165,250
MDD,Mernda,2-MDD-vpt-1.4.H,-37.7849511,144.99485747,251
MDD,Mernda,2-MDD-vpt-1.4.H,-37.78468157,144.9944931,252
MDD,Mernda,2-MDD-vpt-1.4.H,-37.78408336,144.99364097,253
MDD,Mernda,2-MDD-vpt-1.4.H,-37.78356799,144.99289095,254
MDD,Mernda,2-MDD-vpt-1.4.H,-37.78293871,144.99198268,255
MDD,Mernda,2-MDD-vpt-1.4.H,-37.78268157,144.99161596,256
MDD,Mernda,2-MDD-vpt-1.4.H,-37.78253448,144.99143565,257
MDD,Mernda,2-MDD-vpt-1.4.H,-37.78236469,144.99125029,258
MDD,Mernda,2-MDD-vpt-1.4.H,-37.78215544,144.99103386,259
MDD,Mernda,2-MDD-vpt-1.4.H,-37.78199336,144.99088825,260
MDD,Mernda,2-MDD-vpt-1.4.H,-37.78185233,144.99079873,261
MDD,Mernda,2-MDD-vpt-1.4.H,-37.78177203,144.99075651,262
MDD,Mernda,2-MDD-vpt-1.4.H,-37.78168643,144.99073033,263
MDD,Mernda,2-MDD-vpt-1.4.H,-37.78161821,144.99070402,264
MDD,Mernda,2-MDD-vpt-1.4.H,-37.78150452,144.99068552,265
MDD,Mernda,2-MDD-vpt-1.4.H,-37.78135266,144.99068453,266
MDD,Mernda,2-MDD-vpt-1.4.H,-37.78113747,144.99073293,267
MDD,Mernda,2-MDD-vpt-1.4.H,-37.78095778,144.99081251,268
MDD,Mernda,2-MDD-vpt-1.4.H,-37.78081468,144.99091324,269
MDD,Mernda,2-MDD-vpt-1.4.H,-37.78064889,144.99107862,270
MDD,Mernda,2-MDD-vpt-1.4.H,-37.78011569,144.99177273,271
MDD,Mernda,2-MDD-vpt-1.4.H,-37.77992134,144.99203391,272
MDD,Mernda,2-MDD-vpt-1.4.H,-37.77982847,144.99214225,273
MDD,Mernda,2-MDD-vpt-1.4.H,-37.77973274,144.99224146,274
MDD,Mernda,2-MDD-vpt-1.4.H,-37.77959246,144.9923647,275
MDD,Mernda,2-MDD-vpt-1.4.H,-37.77945624,144.99246785,276
MDD,Mernda,2-MDD-vpt-1.4.H,-37.77927169,144.99258491,277
MDD,Mernda,2-MDD-vpt-1.4.H,-37.77909486,144.99266315,278
MDD,Mernda,2-MDD-vpt-1.4.H,-37.77889844,144.99273909,279
MDD,Mernda,2-MDD-vpt-1.4.H,-37.77869899,144.99279127,280
MDD,Mernda,2-MDD-vpt-1.4.H,-37.77772044,144.99298941,281
MDD,Mernda,2-MDD-vpt-1.4.H,-37.77662914,144.99321387,282
MDD,Mernda,2-MDD-vpt-1.4.H,-37.77651612,144.99323963,283
MDD,Mernda,2-MDD-vpt-1.4.H,-37.77622053,144.99329258,284
MDD,Mernda,2-MDD-vpt-1.4.H,-37.77564808,144.99340797,285
MDD,Mernda,2-MDD-vpt-1.4.H,-37.77433904,144.99368417,286
MDD,Mernda,2-MDD-vpt-1.4.H,-37.77368071,144.99381562,287
MDD,Mernda,2-MDD-vpt-1.4.H,-37.77312099,144.99393225,288
MDD,Mernda,2-MDD-vpt-1.4.H,-37.77249772,144.99406376,289
MDD,Mernda,2-MDD-vpt-1.4.H,-37.77214999,144.99415093,290
MDD,Mernda,2-MDD-vpt-1.4.H,-37.77182982,144.99425279,291
MDD,Mernda,2-MDD-vpt-1.4.H,-37.77152662,144.99437757,292
MDD,Mernda,2-MDD-vpt-1.4.H,-37.77120439,144.99453308,293
MDD,Mernda,2-MDD-vpt-1.4.H,-37.77085876,144.99471691,294
MDD,Mernda,2-MDD-vpt-1.4.H,-37.76983287,144.99525277,295
MDD,Mernda,2-MDD-vpt-1.4.H,-37.76910001,144.99563823,296
MDD,Mernda,2-MDD-vpt-1.4.H,-37.76894726,144.99569685,297
MDD,Mernda,2-MDD-vpt-1.4.H,-37.7686113,144.9958501,298
MDD,Mernda,2-MDD-vpt-1.4.H,-37.76828483,144.99598424,299
MDD,Mernda,2-MDD-vpt-1.4.H,-37.76785437,144.99615593,300
MDD,Mernda,2-MDD-vpt-1.4.H,-37.76739529,144.99631954,301
MDD,Mernda,2-MDD-vpt-1.4.H,-37.76726393,144.99635305,302
MDD,Mernda,2-MDD-vpt-1.4.H,-37.7669554,144.99642405,303
MDD,Mernda,2-MDD-vpt-1.4.H,-37.76656962,144.99652085,304
MDD,Mernda,2-MDD-vpt-1.4.H,-37.76648788,144.99653622,305
MDD,Mernda,2-MDD-vpt-1.4.H,-37.76640622,144.99655671,306
MDD,Mernda,2-MDD-vpt-1.4.H,-37.76553792,144.9967419,307
MDD,Mernda,2-MDD-vpt-1.4.H,-37.76511598,144.99684252,308
MDD,Mernda,2-MDD-vpt-1.4.H,-37.76494206,144.99688002,309
MDD,Mernda,2-MDD-vpt-1.4.H,-37.76476194,144.9969136,310
MDD,Mernda,2-MDD-vpt-1.4.H,-37.76414125,144.99701673,311
MDD,Mernda,2-MDD-vpt-1.4.H,-37.76336697,144.99714558,312
MDD,Mernda,2-MDD-vpt-1.4.H,-37.76140534,144.99747819,313
MDD,Mernda,2-MDD-vpt-1.4.H,-37.76052632,144.99763244,314
MDD,Mernda,2-MDD-vpt-1.4.H,-37.75968126,144.99777464,315
MDD,Mernda,2-MDD-vpt-1.4.H,-37.75925812,144.99784167,316
MDD,Mernda,2-MDD-vpt-1.4.H,-37.75751323,144.99813753,317
MDD,Mernda,2-MDD-vpt-1.4.H,-37.75718014,144.99819032,318
MDD,Mernda,2-MDD-vpt-1.4.H,-37.75622577,144.99835396,319
MDD,Mernda,2-MDD-vpt-1.4.H,-37.75576432,144.9984362,320
MDD,Mernda,2-MDD-vpt-1.4.H,-37.75495626,144.99857137,321
MDD,Mernda,2-MDD-vpt-1.4.H,-37.75372976,144.99877365,322
MDD,Mernda,2-MDD-vpt-1.4.H,-37.75287841,144.99891725,323
MDD,Mernda,2-MDD-vpt-1.4.H,-37.75172263,144.99911841,324
MDD,Mernda,2-MDD-vpt-1.4.H,-37.75108418,144.99922164,325
MDD,Mernda,2-MDD-vpt-1.4.H,-37.75016643,144.999409,326
MDD,Mernda,2-MDD-vpt-1.4.H,-37.74954878,144.99954333,327
MDD,Mernda,2-MDD-vpt-1.4.H,-37.74586693,145.00021504,328
MDD,Mernda,2-MDD-vpt-1.4.H,-37.74524464,145.00031986,329
MDD,Mernda,2-MDD-vpt-1.4.H,-37.74476915,145.00038225,330
MDD,Mernda,2-MDD-vpt-1.4.H,-37.74415427,145.00034534,331
MDD,Mernda,2-MDD-vpt-1.4.H,-37.74363157,145.00023344,332
MDD,Mernda,2-MDD-vpt-1.4.H,-37.74252023,144.99992074,333
MDD,Mernda,2-MDD-vpt-1.4.H,-37.74199498,144.99984954,334
MDD,Mernda,2-MDD-vpt-1.4.H,-37.74136689,144.99990514,335
MDD,Mernda,2-MDD-vpt-1.4.H,-37.74088492,144.99998916,336
MDD,Mernda,2-MDD-vpt-1.4.H,-37.73885212,145.00043072,337
MDD,Mernda,2-MDD-vpt-1.4.H,-37.73727202,145.00077384,338
MDD,Mernda,2-MDD-vpt-1.4.H,-37.73652179,145.00092316,339
MDD,Mernda,2-MDD-vpt-1.4.H,-37.73603234,145.00107125,340
MDD,Mernda,2-MDD-vpt-1.4.H,-37.7348885,145.0013444,341
MDD,Mernda,2-MDD-vpt-1.4.H,-37.73402622,145.00152406,342
MDD,Mernda,2-MDD-vpt-1.4.H,-37.73343543,145.00165875,343
MDD,Mernda,2-MDD-vpt-1.4.H,-37.73180838,145.00200693,344
MDD,Mernda,2-MDD-vpt-1.4.H,-37.73106798,145.00216788,345
MDD,Mernda,2-MDD-vpt-1.4.H,-37.73040784,145.00231588,346
MDD,Mernda,2-MDD-vpt-1.4.H,-37.7301262,145.00237303,347
MDD,Mernda,2-MDD-vpt-1.4.H,-37.72924861,145.00255887,348
MDD,Mernda,2-MDD-vpt-1.4.H,-37.72887672,145.00264534,349
MDD,Mernda,2-MDD-vpt-1.4.H,-37.72842932,145.00274371,350
MDD,Mernda,2-MDD-vpt-1.4.H,-37.72776096,145.0028909,351
MDD,Mernda,2-MDD-vpt-1.4.H,-37.72692707,145.00307045,352
MDD,Mernda,2-MDD-vpt-1.4.H,-37.72662341,145.0031317,353
MDD,Mernda,2-MDD-vpt-1.4.H,-37.7241002,145.00367123,354
MDD,Mernda,2-MDD-vpt-1.4.H,-37.72346799,145.00380801,355
MDD,Mernda,2-MDD-vpt-1.4.H,-37.72262986,145.0039931,356
MDD,Mernda,2-MDD-vpt-1.4.H,-37.7222035,145.00411505,357
MDD,Mernda,2-MDD-vpt-1.4.H,-37.7217834,145.00425055,358
MDD,Mernda,2-MDD-vpt-1.4.H,-37.72124562,145.00446648,359
MDD,Mernda,2-MDD-vpt-1.4.H,-37.72082342,145.00465831,360
MDD,Mernda,2-MDD-vpt-1.4.H,-37.72039686,145.00487023,361
MDD,Mernda,2-MDD-vpt-1.4.H,-37.71997791,145.00510508,362
MDD,Mernda,2-MDD-vpt-1.4.H,-37.71885159,145.00571151,363
MDD,Mernda,2-MDD-vpt-1.4.H,-37.71827296,145.00603821,364
MDD,Mernda,2-MDD-vpt-1.4.H,-37.71770903,145.00637087,365
MDD,Mernda,2-MDD-vpt-1.4.H,-37.71713516,145.00670175,366
MDD,Mernda,2-MDD-vpt-1.4.H,-37.71665517,145.00698337,367
MDD,Mernda,2-MDD-vpt-1.4.H,-37.716001,145.00736722,368
MDD,Mernda,2-MDD-vpt-1.4.H,-37.71589878,145.00742974,369
MDD,Mernda,2-MDD-vpt-1.4.H,-37.71556143,145.0076254,370
MDD,Mernda,2-MDD-vpt-1.4.H,-37.71529733,145.00777711,371
MDD,Mernda,2-MDD-vpt-1.4.H,-37.71509196,145.00788415,372
MDD,Mernda,2-MDD-vpt-1.4.H,-37.71491431,145.0079682,373
MDD,Mernda,2-MDD-vpt-1.4.H,-37.71472712,145.00804207,374
MDD,Mernda,2-MDD-vpt-1.4.H,-37.71454331,145.0081078,375
MDD,Mernda,2-MDD-vpt-1.4.H,-37.71438522,145.00815469,376
MDD,Mernda,2-MDD-vpt-1.4.H,-37.7141842,145.00820534,377
MDD,Mernda,2-MDD-vpt-1.4.H,-37.71403071,145.00823633,378
MDD,Mernda,2-MDD-vpt-1.4.H,-37.7133099,145.00836216,379
MDD,Mernda,2-MDD-vpt-1.4.H,-37.71278477,145.00846856,380
MDD,Mernda,2-MDD-vpt-1.4.H,-37.7122503,145.00859279,381
MDD,Mernda,2-MDD-vpt-1.4.H,-37.71176234,145.00870205,382
MDD,Mernda,2-MDD-vpt-1.4.H,-37.70991324,145.0090365,383
MDD,Mernda,2-MDD-vpt-1.4.H,-37.70790259,145.00939443,384
MDD,Mernda,2-MDD-vpt-1.4.H,-37.70215712,145.01042049,385
MDD,Mernda,2-MDD-vpt-1.4.H,-37.70080516,145.01064548,386
MDD,Mernda,2-MDD-vpt-1.4.H,-37.70063856,145.0106691,387
MDD,Mernda,2-MDD-vpt-1.4.H,-37.70003216,145.01077129,388
MDD,Mernda,2-MDD-vpt-1.4.H,-37.69975893,145.01082033,389
MDD,Mernda,2-MDD-vpt-1.4.H,-37.69949167,145.01085969,390
MDD,Mernda,2-MDD-vpt-1.4.H,-37.6990403,145.01095795,391
MDD,Mernda,2-MDD-vpt-1.4.H,-37.69885319,145.01100503,392
MDD,Mernda,2-MDD-vpt-1.4.H,-37.69809041,145.01120722,393
MDD,Mernda,2-MDD-vpt-1.4.H,-37.69780958,145.0112762,394
MDD,Mernda,2-MDD-vpt-1.4.H,-37.69661416,145.01149063,395
MDD,Mernda,2-MDD-vpt-1.4.H,-37.69562068,145.01165089,396
MDD,Mernda,2-MDD-vpt-1.4.H,-37.69356361,145.01198302,397
MDD,Mernda,2-MDD-vpt-1.4.H,-37.69306974,145.01204611,398
MDD,Mernda,2-MDD-vpt-1.4.H,-37.6924733,145.01210321,399
MDD,Mernda,2-MDD-vpt-1.4.H,-37.69191362,145.01214379,400
MDD,Mernda,2-MDD-vpt-1.4.H,-37.69157608,145.01217333,401
MDD,Mernda,2-MDD-vpt-1.4.H,-37.68849328,145.01268272,402
MDD,Mernda,2-MDD-vpt-1.4.H,-37.68793292,145.01277944,403
MDD,Mernda,2-MDD-vpt-1.4.H,-37.68783952,145.01279316,404
MDD,Mernda,2-MDD-vpt-1.4.H,-37.68774042,145.01281123,405
MDD,Mernda,2-MDD-vpt-1.4.H,-37.68447601,145.01335138,406
MDD,Mernda,2-MDD-vpt-1.4.H,-37.68420784,145.01340151,407
MDD,Mernda,2-MDD-vpt-1.4.H,-37.68402577,145.01344232,408
MDD,Mernda,2-MDD-vpt-1.4.H,-37.68368159,145.01353292,409
MDD,Mernda,2-MDD-vpt-1.4.H,-37.68332139,145.01365127,410
MDD,Mernda,2-MDD-vpt-1.4.H,-37.68291706,145.01379212,411
MDD,Mernda,2-MDD-vpt-1.4.H,-37.68273671,145.01384445,412
MDD,Mernda,2-MDD-vpt-1.4.H,-37.68256446,145.01389122,413
MDD,Mernda,2-MDD-vpt-1.4.H,-37.6823982,145.01392934,414
MDD,Mernda,2-MDD-vpt-1.4.H,-37.68201283,145.014003,415
MDD,Mernda,2-MDD-vpt-1.4.H,-37.68152143,145.01407949,416
MDD,Mernda,2-MDD-vpt-1.4.H,-37.68104467,145.01416365,417
MDD,Mernda,2-MDD-vpt-1.4.H,-37.68031367,145.0142844,418
MDD,Mernda,2-MDD-vpt-1.4.H,-37.67484702,145.01519094,419
MDD,Mernda,2-MDD-vpt-1.4.H,-37.67416072,145.01530119,420
MDD,Mernda,2-MDD-vpt-1.4.H,-37.67388953,145.01534832,421
MDD,Mernda,2-MDD-vpt-1.4.H,-37.6728367,145.01551719,422
MDD,Mernda,2-MDD-vpt-1.4.H,-37.67253471,145.01557115,423
MDD,Mernda,2-MDD-vpt-1.4.H,-37.67190367,145.01567141,424
MDD,Mernda,2-MDD-vpt-1.4.H,-37.67084761,145.01585181,425
MDD,Mernda,2-MDD-vpt-1.4.H,-37.67074239,145.01586459,426
MDD,Mernda,2-MDD-vpt-1.4.H,-37.67015748,145.01597019,427
MDD,Mernda,2-MDD-vpt-1.4.H,-37.66989124,145.01602229,428
MDD,Mernda,2-MDD-vpt-1.4.H,-37.66930179,145.01616304,429
MDD,Mernda,2-MDD-vpt-1.4.H,-37.6690773,145.01622763,430
MDD,Mernda,2-MDD-vpt-1.4.H,-37.66853652,145.01638488,431
MDD,Mernda,2-MDD-vpt-1.4.H,-37.66835921,145.01644096,432
MDD,Mernda,2-MDD-vpt-1.4.H,-37.66713687,145.01680851,433
MDD,Mernda,2-MDD-vpt-1.4.H,-37.66585233,145.01719086,434
MDD,Mernda,2-MDD-vpt-1.4.H,-37.66460893,145.01756019,435
MDD,Mernda,2-MDD-vpt-1.4.H,-37.66405643,145.01772805,436
MDD,Mernda,2-MDD-vpt-1.4.H,-37.66383317,145.01780133,437
MDD,Mernda,2-MDD-vpt-1.4.H,-37.66359312,145.01788843,438
MDD,Mernda,2-MDD-vpt-1.4.H,-37.66334312,145.01798475,439
MDD,Mernda,2-MDD-vpt-1.4.H,-37.66275587,145.01823005,440
MDD,Mernda,2-MDD-vpt-1.4.H,-37.66232797,145.01845444,441
MDD,Mernda,2-MDD-vpt-1.4.H,-37.66190354,145.01869801,442
MDD,Mernda,2-MDD-vpt-1.4.H,-37.66149931,145.0189586,443
MDD,Mernda,2-MDD-vpt-1.4.H,-37.6611104,145.0192299,444
MDD,Mernda,2-MDD-vpt-1.4.H,-37.66070783,145.01954611,445
MDD,Mernda,2-MDD-vpt-1.4.H,-37.66041021,145.01979604,446
MDD,Mernda,2-MDD-vpt-1.4.H,-37.6600618,145.02011217,447
MDD,Mernda,2-MDD-vpt-1.4.H,-37.65987247,145.0202903,448
MDD,Mernda,2-MDD-vpt-1.4.H,-37.65889653,145.02123374,449
MDD,Mernda,2-MDD-vpt-1.4.H,-37.65861227,145.02151188,450
MDD,Mernda,2-MDD-vpt-1.4.H,-37.65822274,145.02188609,451
MDD,Mernda,2-MDD-vpt-1.4.H,-37.65786273,145.02227914,452
MDD,Mernda,2-MDD-vpt-1.4.H,-37.65744764,145.02282224,453
MDD,Mernda,2-MDD-vpt-1.4.H,-37.65714824,145.02322455,454
MDD,Mernda,2-MDD-vpt-1.4.H,-37.65664178,145.02389782,455
MDD,Mernda,2-MDD-vpt-1.4.H,-37.65638689,145.024229,456
MDD,Mernda,2-MDD-vpt-1.4.H,-37.65612676,145.02451735,457
MDD,Mernda,2-MDD-vpt-1.4.H,-37.65596118,145.02468769,458
MDD,Mernda,2-MDD-vpt-1.4.H,-37.65580089,145.02482978,459
MDD,Mernda,2-MDD-vpt-1.4.H,-37.65542082,145.02513956,460
MDD,Mernda,2-MDD-vpt-1.4.H,-37.65506077,145.02542386,461
MDD,Mernda,2-MDD-vpt-1.4.H,-37.65469662,145.02572165,462
MDD,Mernda,2-MDD-vpt-1.4.H,-37.65452446,145.02589216,463
MDD,Mernda,2-MDD-vpt-1.4.H,-37.65438652,145.02606652,464
MDD,Mernda,2-MDD-vpt-1.4.H,-37.65420084,145.02633906,465
MDD,Mernda,2-MDD-vpt-1.4.H,-37.65402883,145.02661531,466
MDD,Mernda,2-MDD-vpt-1.4.H,-37.65385667,145.02693181,467
MDD,Mernda,2-MDD-vpt-1.4.H,-37.65267181,145.02926257,468
MDD,Mernda,2-MDD-vpt-1.4.H,-37.65253381,145.02954653,469
MDD,Mernda,2-MDD-vpt-1.4.H,-37.65242306,145.02976301,470
MDD,Mernda,2-MDD-vpt-1.4.H,-37.65232766,145.03004584,471
MDD,Mernda,2-MDD-vpt-1.4.H,-37.65219221,145.03063395,472
MDD,Mernda,2-MDD-vpt-1.4.H,-37.65214973,145.03091811,473
MDD,Mernda,2-MDD-vpt-1.4.H,-37.65212548,145.03118183,474
MDD,Mernda,2-MDD-vpt-1.4.H,-37.65211642,145.03143268,475
MDD,Mernda,2-MDD-vpt-1.4.H,-37.652037,145.03365152,476
MDD,Mernda,2-MDD-vpt-1.4.H,-37.65203479,145.03406995,477
MDD,Mernda,2-MDD-vpt-1.4.H,-37.65204396,145.03431205,478
MDD,Mernda,2-MDD-vpt-1.4.H,-37.65205131,145.0346774,479
MDD,Mernda,2-MDD-vpt-1.4.H,-37.65206979,145.03532696,480
MDD,Mernda,2-MDD-vpt-1.4.H,-37.65207524,145.03606494,481
MDD,Mernda,2-MDD-vpt-1.4.H,-37.65207031,145.03641815,482
MDD,Mernda,2-MDD-vpt-1.4.H,-37.65206198,145.03677905,483
MDD,Mernda,2-MDD-vpt-1.4.H,-37.65204984,145.0371049,484
MDD,Mernda,2-MDD-vpt-1.4.H,-37.65199378,145.03839379,485
MDD,Mernda,2-MDD-vpt-1.4.H,-37.65165297,145.04591883,486
MDD,Mernda,2-MDD-vpt-1.4.H,-37.65160136,145.04679625,487
MDD,Mernda,2-MDD-vpt-1.4.H,-37.65156872,145.04721989,488
MDD,Mernda,2-MDD-vpt-1.4.H,-37.65154077,145.04754582,489
MDD,Mernda,2-MDD-vpt-1.4.H,-37.65148647,145.0480709,490
MDD,Mernda,2-MDD-vpt-1.4.H,-37.65142534,145.0486134,491
MDD,Mernda,2-MDD-vpt-1.4.H,-37.65012478,145.05917349,492
MDD,Mernda,2-MDD-vpt-1.4.H,-37.64989003,145.06106465,493
MDD,Mernda,2-MDD-vpt-1.4.H,-37.64984711,145.0614304,494
MDD,Mernda,2-MDD-vpt-1.4.H,-37.64973858,145.06228977,495
MDD,Mernda,2-MDD-vpt-1.4.H,-37.64965863,145.06285438,496
MDD,Mernda,2-MDD-vpt-1.4.H,-37.64955072,145.0635487,497
MDD,Mernda,2-MDD-vpt-1.4.H,-37.64942707,145.06432288,498
MDD,Mernda,2-MDD-vpt-1.4.H,-37.64931753,145.06506156,499
MDD,Mernda,2-MDD-vpt-1.4.H,-37.6492118,145.06587312,500
MDD,Mernda,2-MDD-vpt-1.4.H,-37.64899273,145.06766091,501
MDD,Mernda,2-MDD-vpt-1.4.H,-37.64899265,145.0676616,502
MDD,Mernda,2-MDD-vpt-1.4.H,-37.64896441,145.0678744,503
MDD,Mernda,2-MDD-vpt-1.4.H,-37.64890334,145.06840439,504
MDD,Mernda,2-MDD-vpt-1.4.H,-37.64887758,145.06864727,505
MDD,Mernda,2-MDD-vpt-1.4.H,-37.64885643,145.06887485,506
MDD,Mernda,2-MDD-vpt-1.4.H,-37.64874608,145.07031467,507
MDD,Mernda,2-MDD-vpt-1.4.H,-37.64869642,145.07081558,508
MDD,Mernda,2-MDD-vpt-1.4.H,-37.64863988,145.07128708,509
MDD,Mernda,2-MDD-vpt-1.4.H,-37.64744306,145.08074943,510
MDD,Mernda,2-MDD-vpt-1.4.H,-37.64661596,145.0875749,511
MDD,Mernda,2-MDD-vpt-1.4.H,-37.64656481,145.08790524,512
MDD,Mernda,2-MDD-vpt-1.4.H,-37.64650076,145.08822367,513
MDD,Mernda,2-MDD-vpt-1.4.H,-37.64642636,145.08852604,514
MDD,Mernda,2-MDD-vpt-1.4.H,-37.64634002,145.08882079,515
MDD,Mernda,2-MDD-vpt-1.4.H,-37.64623339,145.08912546,516
MDD,Mernda,2-MDD-vpt-1.4.H,-37.64611241,145.08942959,517
MDD,Mernda,2-MDD-vpt-1.4.H,-37.64599109,145.08968976,518
MDD,Mernda,2-MDD-vpt-1.4.H,-37.64591227,145.0898424,519
MDD,Mernda,2-MDD-vpt-1.4.H,-37.64574577,145.09013421,520
MDD,Mernda,2-MDD-vpt-1.4.H,-37.64566066,145.09027104,521
MDD,Mernda,2-MDD-vpt-1.4.H,-37.64547831,145.09053605,522
MDD,Mernda,2-MDD-vpt-1.4.H,-37.64530436,145.09075834,523
MDD,Mernda,2-MDD-vpt-1.4.H,-37.64520203,145.09088325,524
MDD,Mernda,2-MDD-vpt-1.4.H,-37.64510794,145.09098891,525
MDD,Mernda,2-MDD-vpt-1.4.H,-37.64384617,145.0923383,526
MDD,Mernda,2-MDD-vpt-1.4.H,-37.64328167,145.09294118,527
MDD,Mernda,2-MDD-vpt-1.4.H,-37.64307996,145.09315238,528
MDD,Mernda,2-MDD-vpt-1.4.H,-37.64285942,145.09336316,529
MDD,Mernda,2-MDD-vpt-1.4.H,-37.64258214,145.0936044,530
MDD,Mernda,2-MDD-vpt-1.4.H,-37.64230917,145.09380586,531
MDD,Mernda,2-MDD-vpt-1.4.H,-37.64218649,145.09388209,532
MDD,Mernda,2-MDD-vpt-1.4.H,-37.6419658,145.09401172,533
MDD,Mernda,2-MDD-vpt-1.4.H,-37.64180068,145.09409448,534
MDD,Mernda,2-MDD-vpt-1.4.H,-37.64159511,145.0941887,535
MDD,Mernda,2-MDD-vpt-1.4.H,-37.64133788,145.09428254,536
MDD,Mernda,2-MDD-vpt-1.4.H,-37.64101568,145.09437623,537
MDD,Mernda,2-MDD-vpt-1.4.H,-37.63985393,145.09466125,538
MDD,Mernda,2-MDD-vpt-1.4.H,-37.63865653,145.09499306,539
MDD,Mernda,2-MDD-vpt-1.4.H,-37.63787076,145.09527277,540
MDD,Mernda,2-MDD-vpt-1.4.H,-37.63782473,145.0952906,541
MDD,Mernda,2-MDD-vpt-1.4.H,-37.63750519,145.09543215,542
MDD,Mernda,2-MDD-vpt-1.4.H,-37.63729976,145.09551888,543
MDD,Mernda,2-MDD-vpt-1.4.H,-37.63678261,145.09570082,544
MDD,Mernda,2-MDD-vpt-1.4.H,-37.63662008,145.09575438,545
MDD,Mernda,2-MDD-vpt-1.4.H,-37.63600622,145.09591375,546
MDD,Mernda,2-MDD-vpt-1.4.H,-37.63563352,145.09598876,547
MDD,Mernda,2-MDD-vpt-1.4.H,-37.63519936,145.09606455,548
MDD,Mernda,2-MDD-vpt-1.4.H,-37.63383661,145.09628654,549
MDD,Mernda,2-MDD-vpt-1.4.H,-37.6319296,145.0965921,550
MDD,Mernda,2-MDD-vpt-1.4.H,-37.63041723,145.09681301,551
MDD,Mernda,2-MDD-vpt-1.4.H,-37.630119,145.09684555,552
MDD,Mernda,2-MDD-vpt-1.4.H,-37.62806144,145.09699175,553
MDD,Mernda,2-MDD-vpt-1.4.H,-37.62626368,145.09711385,554
MDD,Mernda,2-MDD-vpt-1.4.H,-37.62519652,145.09716849,555
MDD,Mernda,2-MDD-vpt-1.4.H,-37.62453183,145.09719915,556
MDD,Mernda,2-MDD-vpt-1.4.H,-37.62289702,145.09731131,557
MDD,Mernda,2-MDD-vpt-1.4.H,-37.62103092,145.0974433,558
MDD,Mernda,2-MDD-vpt-1.4.H,-37.61995023,145.09754155,559
MDD,Mernda,2-MDD-vpt-1.4.H,-37.61776744,145.09770153,560
MDD,Mernda,2-MDD-vpt-1.4.H,-37.61746061,145.09772079,561
MDD,Mernda,2-MDD-vpt-1.4.H,-37.61704941,145.09775552,562
MDD,Mernda,2-MDD-vpt-1.4.H,-37.61664899,145.09780005,563
MDD,Mernda,2-MDD-vpt-1.4.H,-37.6163866,145.09784175,564
MDD,Mernda,2-MDD-vpt-1.4.H,-37.61606467,145.09790286,565
MDD,Mernda,2-MDD-vpt-1.4.H,-37.61546899,145.09802147,566
MDD,Mernda,2-MDD-vpt-1.4.H,-37.61410146,145.09833388,567
MDD,Mernda,2-MDD-vpt-1.4.H,-37.61310591,145.09856475,568
MDD,Mernda,2-MDD-vpt-1.4.H,-37.61236014,145.0987428,569
MDD,Mernda,2-MDD-vpt-1.4.H,-37.60981074,145.09931218,570
MDD,Mernda,2-MDD-vpt-1.4.H,-37.60962642,145.09935573,571
MDD,Mernda,2-MDD-vpt-1.4.H,-37.60943658,145.09940905,572
MDD,Mernda,2-MDD-vpt-1.4.H,-37.60915757,145.09949319,573
MDD,Mernda,2-MDD-vpt-1.4.H,-37.60904038,145.09952517,574
MDD,Mernda,2-MDD-vpt-1.4.H,-37.60883399,145.09957495,575
MDD,Mernda,2-MDD-vpt-1.4.H,-37.60759013,145.09985492,576
MDD,Mernda,2-MDD-vpt-1.4.H,-37.60510527,145.10040853,577
MDD,Mernda,2-MDD-vpt-1.4.H,-37.60484993,145.10046305,578
MDD,Mernda,2-MDD-vpt-1.4.H,-37.60232015,145.10102558,579
PKM,Pakenham,2-PKM-vpt-1.15.H,-37.81603172,144.96692653,1
PKM,Pakenham,2-PKM-vpt-1.15.H,-37.81688297,144.96731315,2
PKM,Pakenham,2-PKM-vpt-1.15.H,-37.81733083,144.96752068,3
PKM,Pakenham,2-PKM-vpt-1.15.H,-37.8185997,144.96808535,4
PKM,Pakenham,2-PKM-vpt-1.15.H,-37.81953042,144.96878916,5
PKM,Pakenham,2-PKM-vpt-1.15.H,-37.82137526,144.97039609,6
PKM,Pakenham,2-PKM-vpt-1.15.H,-37.82209848,144.97081105,7
PKM,Pakenham,2-PKM-vpt-1.15.H,-37.82453902,144.97154663,8
PKM,Pakenham,2-PKM-vpt-1.15.H,-37.82527159,144.97167756,9
PKM,Pakenham,2-PKM-vpt-1.15.H,-37.82591589,144.97170695,10
PKM,Pakenham,2-PKM-vpt-1.15.H,-37.8266697,144.97166382,11
PKM,Pakenham,2-PKM-vpt-1.15.H,-37.82706774,144.97160565,12
PKM,Pakenham,2-PKM-vpt-1.15.H,-37.82755573,144.97151185,13
PKM,Pakenham,2-PKM-vpt-1.15.H,-37.82801821,144.97143851,14
PKM,Pakenham,2-PKM-vpt-1.15.H,-37.82927534,144.97124422,15
PKM,Pakenham,2-PKM-vpt-1.15.H,-37.82956916,144.97121516,16
PKM,Pakenham,2-PKM-vpt-1.15.H,-37.82999246,144.97118981,17
PKM,Pakenham,2-PKM-vpt-1.15.H,-37.83069767,144.97122912,18
PKM,Pakenham,2-PKM-vpt-1.15.H,-37.83098478,144.97128602,19
PKM,Pakenham,2-PKM-vpt-1.15.H,-37.83153844,144.9715148,20
PKM,Pakenham,2-PKM-vpt-1.15.H,-37.83200344,144.97174488,21
PKM,Pakenham,2-PKM-vpt-1.15.H,-37.83223646,144.97190541,22
PKM,Pakenham,2-PKM-vpt-1.15.H,-37.83236647,144.97205012,23
PKM,Pakenham,2-PKM-vpt-1.15.H,-37.83252257,144.97227128,24
PKM,Pakenham,2-PKM-vpt-1.15.H,-37.83267602,144.97247387,25
PKM,Pakenham,2-PKM-vpt-1.15.H,-37.83303882,144.97285492,26
PKM,Pakenham,2-PKM-vpt-1.15.H,-37.83403753,144.97390395,27
PKM,Pakenham,2-PKM-vpt-1.15.H,-37.83445807,144.97433093,28
PKM,Pakenham,2-PKM-vpt-1.15.H,-37.83537222,144.97523198,29
PKM,Pakenham,2-PKM-vpt-1.15.H,-37.83597851,144.97559265,30
PKM,Pakenham,2-PKM-vpt-1.15.H,-37.83629389,144.97592605,31
PKM,Pakenham,2-PKM-vpt-1.15.H,-37.83661579,144.97635575,32
PKM,Pakenham,2-PKM-vpt-1.15.H,-37.8370742,144.97710465,33
PKM,Pakenham,2-PKM-vpt-1.15.H,-37.83722412,144.97743815,34
PKM,Pakenham,2-PKM-vpt-1.15.H,-37.83743179,144.97807506,35
PKM,Pakenham,2-PKM-vpt-1.15.H,-37.83766729,144.97933107,36
PKM,Pakenham,2-PKM-vpt-1.15.H,-37.83793807,144.98146268,37
PKM,Pakenham,2-PKM-vpt-1.15.H,-37.83810863,144.98291161,38
PKM,Pakenham,2-PKM-vpt-1.15.H,-37.83826674,144.98647273,39
PKM,Pakenham,2-PKM-vpt-1.15.H,-37.8384553,144.98761836,40
PKM,Pakenham,2-PKM-vpt-1.15.H,-37.83871294,144.98874654,41
PKM,Pakenham,2-PKM-vpt-1.15.H,-37.8390311,144.98975162,42
PKM,Pakenham,2-PKM-vpt-1.15.H,-37.83944659,144.990821,43
PKM,Pakenham,2-PKM-vpt-1.15.H,-37.83966853,144.99140565,44
PKM,Pakenham,2-PKM-vpt-1.15.H,-37.839976,144.99208116,45
PKM,Pakenham,2-PKM-vpt-1.15.H,-37.84009171,144.99226109,46
PKM,Pakenham,2-PKM-vpt-1.15.H,-37.84040114,144.99260247,47
PKM,Pakenham,2-PKM-vpt-1.15.H,-37.84070923,144.99289195,48
PKM,Pakenham,2-PKM-vpt-1.15.H,-37.84080637,144.9930133,49
PKM,Pakenham,2-PKM-vpt-1.15.H,-37.84095671,144.99322604,50
PKM,Pakenham,2-PKM-vpt-1.15.H,-37.84100666,144.99330685,51
PKM,Pakenham,2-PKM-vpt-1.15.H,-37.84112503,144.99351557,52
PKM,Pakenham,2-PKM-vpt-1.15.H,-37.84126639,144.99381992,53
PKM,Pakenham,2-PKM-vpt-1.15.H,-37.84136126,144.9940569,54
PKM,Pakenham,2-PKM-vpt-1.15.H,-37.84145589,144.99432149,55
PKM,Pakenham,2-PKM-vpt-1.15.H,-37.84161989,144.99480239,56
PKM,Pakenham,2-PKM-vpt-1.15.H,-37.84205271,144.99603955,57
PKM,Pakenham,2-PKM-vpt-1.15.H,-37.84227933,144.99664173,58
PKM,Pakenham,2-PKM-vpt-1.15.H,-37.84243394,144.99700539,59
PKM,Pakenham,2-PKM-vpt-1.15.H,-37.84326128,144.99885295,60
PKM,Pakenham,2-PKM-vpt-1.15.H,-37.8437932,145.00002737,61
PKM,Pakenham,2-PKM-vpt-1.15.H,-37.84389013,145.00025862,62
PKM,Pakenham,2-PKM-vpt-1.15.H,-37.84399799,145.00051765,63
PKM,Pakenham,2-PKM-vpt-1.15.H,-37.84409449,145.00077142,64
PKM,Pakenham,2-PKM-vpt-1.15.H,-37.84420042,145.00108698,65
PKM,Pakenham,2-PKM-vpt-1.15.H,-37.8442803,145.00134915,66
PKM,Pakenham,2-PKM-vpt-1.15.H,-37.84437087,145.00162002,67
PKM,Pakenham,2-PKM-vpt-1.15.H,-37.8444471,145.00183195,68
PKM,Pakenham,2-PKM-vpt-1.15.H,-37.84448894,145.00193957,69
PKM,Pakenham,2-PKM-vpt-1.15.H,-37.84446924,145.00188874,70
PKM,Pakenham,2-PKM-vpt-1.15.H,-37.84453294,145.00205248,71
PKM,Pakenham,2-PKM-vpt-1.15.H,-37.84461686,145.00225045,72
PKM,Pakenham,2-PKM-vpt-1.15.H,-37.84470687,145.00244576,73
PKM,Pakenham,2-PKM-vpt-1.15.H,-37.84484482,145.0027258,74
PKM,Pakenham,2-PKM-vpt-1.15.H,-37.84506087,145.00314761,75
PKM,Pakenham,2-PKM-vpt-1.15.H,-37.84513871,145.00331654,76
PKM,Pakenham,2-PKM-vpt-1.15.H,-37.84526326,145.0036307,77
PKM,Pakenham,2-PKM-vpt-1.15.H,-37.84593589,145.00551701,78
PKM,Pakenham,2-PKM-vpt-1.15.H,-37.84649798,145.0070829,79
PKM,Pakenham,2-PKM-vpt-1.15.H,-37.84657412,145.00730063,80
PKM,Pakenham,2-PKM-vpt-1.15.H,-37.84727781,145.00917311,81
PKM,Pakenham,2-PKM-vpt-1.15.H,-37.84738618,145.00945317,82
PKM,Pakenham,2-PKM-vpt-1.15.H,-37.84747304,145.0096654,83
PKM,Pakenham,2-PKM-vpt-1.15.H,-37.84762657,145.01001039,84
PKM,Pakenham,2-PKM-vpt-1.15.H,-37.84770756,145.01017914,85
PKM,Pakenham,2-PKM-vpt-1.15.H,-37.84779256,145.01034596,86
PKM,Pakenham,2-PKM-vpt-1.15.H,-37.84796923,145.01067329,87
PKM,Pakenham,2-PKM-vpt-1.15.H,-37.84806127,145.01083492,88
PKM,Pakenham,2-PKM-vpt-1.15.H,-37.84815693,145.01099237,89
PKM,Pakenham,2-PKM-vpt-1.15.H,-37.84844808,145.01143891,90
PKM,Pakenham,2-PKM-vpt-1.15.H,-37.84859163,145.01163621,91
PKM,Pakenham,2-PKM-vpt-1.15.H,-37.84873801,145.01183003,92
PKM,Pakenham,2-PKM-vpt-1.15.H,-37.84889341,145.01201872,93
PKM,Pakenham,2-PKM-vpt-1.15.H,-37.84905229,145.01220572,94
PKM,Pakenham,2-PKM-vpt-1.15.H,-37.8494459,145.01262599,95
PKM,Pakenham,2-PKM-vpt-1.15.H,-37.8495402,145.01272416,96
PKM,Pakenham,2-PKM-vpt-1.15.H,-37.85068443,145.01386722,97
PKM,Pakenham,2-PKM-vpt-1.15.H,-37.85123584,145.01442148,98
PKM,Pakenham,2-PKM-vpt-1.15.H,-37.85185466,145.01503475,99
PKM,Pakenham,2-PKM-vpt-1.15.H,-37.85428067,145.01738966,100
PKM,Pakenham,2-PKM-vpt-1.15.H,-37.855298,145.0183684,101
PKM,Pakenham,2-PKM-vpt-1.15.H,-37.8554177,145.01849318,102
PKM,Pakenham,2-PKM-vpt-1.15.H,-37.85554818,145.01863698,103
PKM,Pakenham,2-PKM-vpt-1.15.H,-37.8558961,145.01904775,104
PKM,Pakenham,2-PKM-vpt-1.15.H,-37.8559812,145.01914061,105
PKM,Pakenham,2-PKM-vpt-1.15.H,-37.85609663,145.01926311,106
PKM,Pakenham,2-PKM-vpt-1.15.H,-37.85615616,145.01932528,107
PKM,Pakenham,2-PKM-vpt-1.15.H,-37.85635269,145.01951177,108
PKM,Pakenham,2-PKM-vpt-1.15.H,-37.85653406,145.01967036,109
PKM,Pakenham,2-PKM-vpt-1.15.H,-37.85686277,145.01993026,110
PKM,Pakenham,2-PKM-vpt-1.15.H,-37.85703409,145.02006968,111
PKM,Pakenham,2-PKM-vpt-1.15.H,-37.85714736,145.02016588,112
PKM,Pakenham,2-PKM-vpt-1.15.H,-37.85749714,145.02048955,113
PKM,Pakenham,2-PKM-vpt-1.15.H,-37.86142674,145.02425515,114
PKM,Pakenham,2-PKM-vpt-1.15.H,-37.86178096,145.02460261,115
PKM,Pakenham,2-PKM-vpt-1.15.H,-37.86202424,145.0248471,116
PKM,Pakenham,2-PKM-vpt-1.15.H,-37.86226734,145.02510819,117
PKM,Pakenham,2-PKM-vpt-1.15.H,-37.86289169,145.02579093,118
PKM,Pakenham,2-PKM-vpt-1.15.H,-37.86473974,145.02781774,119
PKM,Pakenham,2-PKM-vpt-1.15.H,-37.86533521,145.02846163,120
PKM,Pakenham,2-PKM-vpt-1.15.H,-37.86564978,145.02880973,121
PKM,Pakenham,2-PKM-vpt-1.15.H,-37.86610444,145.02930575,122
PKM,Pakenham,2-PKM-vpt-1.15.H,-37.86626792,145.02949453,123
PKM,Pakenham,2-PKM-vpt-1.15.H,-37.8668285,145.03013778,124
PKM,Pakenham,2-PKM-vpt-1.15.H,-37.86736233,145.03075527,125
PKM,Pakenham,2-PKM-vpt-1.15.H,-37.86779964,145.0312545,126
PKM,Pakenham,2-PKM-vpt-1.15.H,-37.87142472,145.03529382,127
PKM,Pakenham,2-PKM-vpt-1.15.H,-37.87150658,145.03538213,128
PKM,Pakenham,2-PKM-vpt-1.15.H,-37.87473173,145.03897122,129
PKM,Pakenham,2-PKM-vpt-1.15.H,-37.87521724,145.03952009,130
PKM,Pakenham,2-PKM-vpt-1.15.H,-37.8753604,145.0396858,131
PKM,Pakenham,2-PKM-vpt-1.15.H,-37.87560386,145.03997528,132
PKM,Pakenham,2-PKM-vpt-1.15.H,-37.87590838,145.04034398,133
PKM,Pakenham,2-PKM-vpt-1.15.H,-37.87602551,145.04048913,134
PKM,Pakenham,2-PKM-vpt-1.15.H,-37.87618399,145.04070322,135
PKM,Pakenham,2-PKM-vpt-1.15.H,-37.87634108,145.04093133,136
PKM,Pakenham,2-PKM-vpt-1.15.H,-37.87652807,145.04122879,137
PKM,Pakenham,2-PKM-vpt-1.15.H,-37.8769458,145.04202165,138
PKM,Pakenham,2-PKM-vpt-1.15.H,-37.87717797,145.04240797,139
PKM,Pakenham,2-PKM-vpt-1.15.H,-37.87761429,145.04307266,140
PKM,Pakenham,2-PKM-vpt-1.15.H,-37.87789422,145.04349115,141
PKM,Pakenham,2-PKM-vpt-1.15.H,-37.87802241,145.04366194,142
PKM,Pakenham,2-PKM-vpt-1.15.H,-37.87887657,145.04468784,143
PKM,Pakenham,2-PKM-vpt-1.15.H,-37.87895998,145.04480513,144
PKM,Pakenham,2-PKM-vpt-1.15.H,-37.87979813,145.04606171,145
PKM,Pakenham,2-PKM-vpt-1.15.H,-37.88008292,145.0464644,146
PKM,Pakenham,2-PKM-vpt-1.15.H,-37.88063227,145.04720257,147
PKM,Pakenham,2-PKM-vpt-1.15.H,-37.88087386,145.04755434,148
PKM,Pakenham,2-PKM-vpt-1.15.H,-37.88108479,145.04787838,149
PKM,Pakenham,2-PKM-vpt-1.15.H,-37.88130358,145.04824702,150
PKM,Pakenham,2-PKM-vpt-1.15.H,-37.88181113,145.04914413,151
PKM,Pakenham,2-PKM-vpt-1.15.H,-37.88213573,145.04970918,152
PKM,Pakenham,2-PKM-vpt-1.15.H,-37.88234611,145.05008191,153
PKM,Pakenham,2-PKM-vpt-1.15.H,-37.88244852,145.05026875,154
PKM,Pakenham,2-PKM-vpt-1.15.H,-37.88264088,145.05064719,155
PKM,Pakenham,2-PKM-vpt-1.15.H,-37.88282559,145.05104255,156
PKM,Pakenham,2-PKM-vpt-1.15.H,-37.88291103,145.05123848,157
PKM,Pakenham,2-PKM-vpt-1.15.H,-37.88340991,145.05244627,158
PKM,Pakenham,2-PKM-vpt-1.15.H,-37.88358377,145.05284545,159
PKM,Pakenham,2-PKM-vpt-1.15.H,-37.88518353,145.05640447,160
PKM,Pakenham,2-PKM-vpt-1.15.H,-37.88615964,145.05856914,161
PKM,Pakenham,2-PKM-vpt-1.15.H,-37.88664704,145.05965851,162
PKM,Pakenham,2-PKM-vpt-1.15.H,-37.8889944,145.06480657,163
PKM,Pakenham,2-PKM-vpt-1.15.H,-37.88933316,145.06560755,164
PKM,Pakenham,2-PKM-vpt-1.15.H,-37.89013492,145.06738847,165
PKM,Pakenham,2-PKM-vpt-1.15.H,-37.89069422,145.06862515,166
PKM,Pakenham,2-PKM-vpt-1.15.H,-37.89099194,145.06928806,167
PKM,Pakenham,2-PKM-vpt-1.15.H,-37.89133353,145.07006491,168
PKM,Pakenham,2-PKM-vpt-1.15.H,-37.89249148,145.07263458,169
PKM,Pakenham,2-PKM-vpt-1.15.H,-37.89303243,145.0738161,170
PKM,Pakenham,2-PKM-vpt-1.15.H,-37.89393204,145.07581332,171
PKM,Pakenham,2-PKM-vpt-1.15.H,-37.89493617,145.07803737,172
PKM,Pakenham,2-PKM-vpt-1.15.H,-37.89506681,145.07831122,173
PKM,Pakenham,2-PKM-vpt-1.15.H,-37.89554361,145.07927615,174
PKM,Pakenham,2-PKM-vpt-1.15.H,-37.89579555,145.07982092,175
PKM,Pakenham,2-PKM-vpt-1.15.H,-37.89795539,145.08460825,176
PKM,Pakenham,2-PKM-vpt-1.15.H,-37.89836887,145.08551746,177
PKM,Pakenham,2-PKM-vpt-1.15.H,-37.89851986,145.08582516,178
PKM,Pakenham,2-PKM-vpt-1.15.H,-37.89863578,145.08603698,179
PKM,Pakenham,2-PKM-vpt-1.15.H,-37.89876387,145.08624986,180
PKM,Pakenham,2-PKM-vpt-1.15.H,-37.89895648,145.08653954,181
PKM,Pakenham,2-PKM-vpt-1.15.H,-37.89930218,145.08701097,182
PKM,Pakenham,2-PKM-vpt-1.15.H,-37.89960038,145.08739902,183
PKM,Pakenham,2-PKM-vpt-1.15.H,-37.90031774,145.08834829,184
PKM,Pakenham,2-PKM-vpt-1.15.H,-37.90068893,145.08884194,185
PKM,Pakenham,2-PKM-vpt-1.15.H,-37.90126826,145.08960532,186
PKM,Pakenham,2-PKM-vpt-1.15.H,-37.90147129,145.08986586,187
PKM,Pakenham,2-PKM-vpt-1.15.H,-37.90209789,145.09064942,188
PKM,Pakenham,2-PKM-vpt-1.15.H,-37.90234857,145.09097504,189
PKM,Pakenham,2-PKM-vpt-1.15.H,-37.9043084,145.09356135,190
PKM,Pakenham,2-PKM-vpt-1.15.H,-37.90488246,145.09432438,191
PKM,Pakenham,2-PKM-vpt-1.15.H,-37.90599797,145.09579535,192
PKM,Pakenham,2-PKM-vpt-1.15.H,-37.90960284,145.10055983,193
PKM,Pakenham,2-PKM-vpt-1.15.H,-37.90984947,145.10089939,194
PKM,Pakenham,2-PKM-vpt-1.15.H,-37.91021083,145.10141753,195
PKM,Pakenham,2-PKM-vpt-1.15.H,-37.91035972,145.10162504,196
PKM,Pakenham,2-PKM-vpt-1.15.H,-37.91100609,145.10248256,197
PKM,Pakenham,2-PKM-vpt-1.15.H,-37.9117936,145.10353712,198
PKM,Pakenham,2-PKM-vpt-1.15.H,-37.91278399,145.10483936,199
PKM,Pakenham,2-PKM-vpt-1.15.H,-37.91494448,145.10769449,200
PKM,Pakenham,2-PKM-vpt-1.15.H,-37.91667913,145.10999657,201
PKM,Pakenham,2-PKM-vpt-1.15.H,-37.91768618,145.11132517,202
PKM,Pakenham,2-PKM-vpt-1.15.H,-37.91928067,145.11343932,203
PKM,Pakenham,2-PKM-vpt-1.15.H,-37.9203224,145.11481434,204
PKM,Pakenham,2-PKM-vpt-1.15.H,-37.92049761,145.11505195,205
PKM,Pakenham,2-PKM-vpt-1.15.H,-37.92070317,145.11534441,206
PKM,Pakenham,2-PKM-vpt-1.15.H,-37.92084489,145.11555569,207
PKM,Pakenham,2-PKM-vpt-1.15.H,-37.92136816,145.11636904,208
PKM,Pakenham,2-PKM-vpt-1.15.H,-37.92151606,145.11659507,209
PKM,Pakenham,2-PKM-vpt-1.15.H,-37.92165758,145.11680545,210
PKM,Pakenham,2-PKM-vpt-1.15.H,-37.92181882,145.11703204,211
PKM,Pakenham,2-PKM-vpt-1.15.H,-37.92192744,145.11717978,212
PKM,Pakenham,2-PKM-vpt-1.15.H,-37.92252109,145.11794836,213
PKM,Pakenham,2-PKM-vpt-1.15.H,-37.92280287,145.11831888,214
PKM,Pakenham,2-PKM-vpt-1.15.H,-37.92300737,145.11859671,215
PKM,Pakenham,2-PKM-vpt-1.15.H,-37.92361651,145.11944944,216
PKM,Pakenham,2-PKM-vpt-1.15.H,-37.9238264,145.11973738,217
PKM,Pakenham,2-PKM-vpt-1.15.H,-37.9247417,145.12095345,218
PKM,Pakenham,2-PKM-vpt-1.15.H,-37.92693691,145.12385754,219
PKM,Pakenham,2-PKM-vpt-1.15.H,-37.92729463,145.12431776,220
PKM,Pakenham,2-PKM-vpt-1.15.H,-37.9275926,145.12468734,221
PKM,Pakenham,2-PKM-vpt-1.15.H,-37.92917322,145.12661866,222
PKM,Pakenham,2-PKM-vpt-1.15.H,-37.92946793,145.12699323,223
PKM,Pakenham,2-PKM-vpt-1.15.H,-37.92990109,145.12756875,224
PKM,Pakenham,2-PKM-vpt-1.15.H,-37.93093894,145.12897078,225
PKM,Pakenham,2-PKM-vpt-1.15.H,-37.93140243,145.12960608,226
PKM,Pakenham,2-PKM-vpt-1.15.H,-37.93180779,145.13013944,227
PKM,Pakenham,2-PKM-vpt-1.15.H,-37.93338496,145.13212535,228
PKM,Pakenham,2-PKM-vpt-1.15.H,-37.93370944,145.13253744,229
PKM,Pakenham,2-PKM-vpt-1.15.H,-37.93428306,145.13330495,230
PKM,Pakenham,2-PKM-vpt-1.15.H,-37.9348984,145.13421444,231
PKM,Pakenham,2-PKM-vpt-1.15.H,-37.93628623,145.13612542,232
PKM,Pakenham,2-PKM-vpt-1.15.H,-37.93667764,145.1366955,233
PKM,Pakenham,2-PKM-vpt-1.15.H,-37.93701916,145.1371377,234
PKM,Pakenham,2-PKM-vpt-1.15.H,-37.93782908,145.1382095,235
PKM,Pakenham,2-PKM-vpt-1.15.H,-37.93819649,145.13869339,236
PKM,Pakenham,2-PKM-vpt-1.15.H,-37.9383394,145.13886923,237
PKM,Pakenham,2-PKM-vpt-1.15.H,-37.9384394,145.13898698,238
PKM,Pakenham,2-PKM-vpt-1.15.H,-37.93886312,145.13946388,239
PKM,Pakenham,2-PKM-vpt-1.15.H,-37.93898561,145.13960815,240
PKM,Pakenham,2-PKM-vpt-1.15.H,-37.93911401,145.13976615,241
PKM,Pakenham,2-PKM-vpt-1.15.H,-37.93928721,145.13999357,242
PKM,Pakenham,2-PKM-vpt-1.15.H,-37.93951711,145.1403023,243
PKM,Pakenham,2-PKM-vpt-1.15.H,-37.93956346,145.14037805,244
PKM,Pakenham,2-PKM-vpt-1.15.H,-37.93964808,145.14049745,245
PKM,Pakenham,2-PKM-vpt-1.15.H,-37.93985223,145.14076164,246
PKM,Pakenham,2-PKM-vpt-1.15.H,-37.94091726,145.1421604,247
PKM,Pakenham,2-PKM-vpt-1.15.H,-37.9421801,145.14383938,248
PKM,Pakenham,2-PKM-vpt-1.15.H,-37.9425397,145.14432091,249
PKM,Pakenham,2-PKM-vpt-1.15.H,-37.94290347,145.14479835,250
PKM,Pakenham,2-PKM-vpt-1.15.H,-37.94300511,145.14494611,251
PKM,Pakenham,2-PKM-vpt-1.15.H,-37.94382259,145.14602165,252
PKM,Pakenham,2-PKM-vpt-1.15.H,-37.94411529,145.14641566,253
PKM,Pakenham,2-PKM-vpt-1.15.H,-37.94471839,145.14720688,254
PKM,Pakenham,2-PKM-vpt-1.15.H,-37.94549137,145.14823386,255
PKM,Pakenham,2-PKM-vpt-1.15.H,-37.94619981,145.14917985,256
PKM,Pakenham,2-PKM-vpt-1.15.H,-37.94687001,145.15014162,257
PKM,Pakenham,2-PKM-vpt-1.15.H,-37.94693742,145.15022767,258
PKM,Pakenham,2-PKM-vpt-1.15.H,-37.94717939,145.15051396,259
PKM,Pakenham,2-PKM-vpt-1.15.H,-37.94736379,145.15077336,260
PKM,Pakenham,2-PKM-vpt-1.15.H,-37.94778559,145.15138972,261
PKM,Pakenham,2-PKM-vpt-1.15.H,-37.94853334,145.15244177,262
PKM,Pakenham,2-PKM-vpt-1.15.H,-37.94898629,145.15303962,263
PKM,Pakenham,2-PKM-vpt-1.15.H,-37.94918112,145.15330321,264
PKM,Pakenham,2-PKM-vpt-1.15.H,-37.94966536,145.15394251,265
PKM,Pakenham,2-PKM-vpt-1.15.H,-37.95026956,145.15474987,266
PKM,Pakenham,2-PKM-vpt-1.15.H,-37.95077779,145.15540806,267
PKM,Pakenham,2-PKM-vpt-1.15.H,-37.95092948,145.1555818,268
PKM,Pakenham,2-PKM-vpt-1.15.H,-37.95117643,145.15587642,269
PKM,Pakenham,2-PKM-vpt-1.15.H,-37.95176173,145.15656525,270
PKM,Pakenham,2-PKM-vpt-1.15.H,-37.95289311,145.15796507,271
PKM,Pakenham,2-PKM-vpt-1.15.H,-37.95340681,145.15860575,272
PKM,Pakenham,2-PKM-vpt-1.15.H,-37.95405018,145.15948755,273
PKM,Pakenham,2-PKM-vpt-1.15.H,-37.9549389,145.16066646,274
PKM,Pakenham,2-PKM-vpt-1.15.H,-37.95538594,145.16130405,275
PKM,Pakenham,2-PKM-vpt-1.15.H,-37.95564362,145.16169245,276
PKM,Pakenham,2-PKM-vpt-1.15.H,-37.95599839,145.16223869,277
PKM,Pakenham,2-PKM-vpt-1.15.H,-37.95636426,145.16276292,278
PKM,Pakenham,2-PKM-vpt-1.15.H,-37.95683967,145.16337081,279
PKM,Pakenham,2-PKM-vpt-1.15.H,-37.95715801,145.16377786,280
PKM,Pakenham,2-PKM-vpt-1.15.H,-37.95853396,145.16544213,281
PKM,Pakenham,2-PKM-vpt-1.15.H,-37.95897198,145.16602264,282
PKM,Pakenham,2-PKM-vpt-1.15.H,-37.95932048,145.16649783,283
PKM,Pakenham,2-PKM-vpt-1.15.H,-37.95957544,145.16687416,284
PKM,Pakenham,2-PKM-vpt-1.15.H,-37.95987379,145.16732932,285
PKM,Pakenham,2-PKM-vpt-1.15.H,-37.96040059,145.16812527,286
PKM,Pakenham,2-PKM-vpt-1.15.H,-37.96061789,145.16843346,287
PKM,Pakenham,2-PKM-vpt-1.15.H,-37.9608382,145.1687385,288
PKM,Pakenham,2-PKM-vpt-1.15.H,-37.96231393,145.17070404,289
PKM,Pakenham,2-PKM-vpt-1.15.H,-37.96334927,145.17207615,290
PKM,Pakenham,2-PKM-vpt-1.15.H,-37.96395204,145.17288032,291
PKM,Pakenham,2-PKM-vpt-1.15.H,-37.9648314,145.17406307,292
PKM,Pakenham,2-PKM-vpt-1.15.H,-37.96501747,145.17432847,293
PKM,Pakenham,2-PKM-vpt-1.15.H,-37.96583808,145.17544248,294
PKM,Pakenham,2-PKM-vpt-1.15.H,-37.96623859,145.17596689,295
PKM,Pakenham,2-PKM-vpt-1.15.H,-37.96680513,145.17670872,296
PKM,Pakenham,2-PKM-vpt-1.15.H,-37.9669099,145.17685776,297
PKM,Pakenham,2-PKM-vpt-1.15.H,-37.96794258,145.17816135,298
PKM,Pakenham,2-PKM-vpt-1.15.H,-37.96902619,145.1795656,299
PKM,Pakenham,2-PKM-vpt-1.15.H,-37.97219974,145.18340211,300
PKM,Pakenham,2-PKM-vpt-1.15.H,-37.97272307,145.18407397,301
PKM,Pakenham,2-PKM-vpt-1.15.H,-37.97350864,145.18514284,302
PKM,Pakenham,2-PKM-vpt-1.15.H,-37.97451496,145.18648397,303
PKM,Pakenham,2-PKM-vpt-1.15.H,-37.97521117,145.18742224,304
PKM,Pakenham,2-PKM-vpt-1.15.H,-37.97581052,145.18833262,305
PKM,Pakenham,2-PKM-vpt-1.15.H,-37.97609096,145.18875379,306
PKM,Pakenham,2-PKM-vpt-1.15.H,-37.97684739,145.18990522,307
PKM,Pakenham,2-PKM-vpt-1.15.H,-37.9791307,145.1931677,308
PKM,Pakenham,2-PKM-vpt-1.15.H,-37.98140056,145.19642899,309
PKM,Pakenham,2-PKM-vpt-1.15.H,-37.98257403,145.19811872,310
PKM,Pakenham,2-PKM-vpt-1.15.H,-37.98388333,145.20002869,311
PKM,Pakenham,2-PKM-vpt-1.15.H,-37.98428531,145.20059124,312
PKM,Pakenham,2-PKM-vpt-1.15.H,-37.98484216,145.20138116,313
PKM,Pakenham,2-PKM-vpt-1.15.H,-37.98606407,145.20314365,314
PKM,Pakenham,2-PKM-vpt-1.15.H,-37.98671773,145.20407744,315
PKM,Pakenham,2-PKM-vpt-1.15.H,-37.98691367,145.20436815,316
PKM,Pakenham,2-PKM-vpt-1.15.H,-37.98743686,145.20511556,317
PKM,Pakenham,2-PKM-vpt-1.15.H,-37.9880853,145.20605657,318
PKM,Pakenham,2-PKM-vpt-1.15.H,-37.98829437,145.20635186,319
PKM,Pakenham,2-PKM-vpt-1.15.H,-37.98850038,145.20665338,320
PKM,Pakenham,2-PKM-vpt-1.15.H,-37.98856612,145.20675665,321
PKM,Pakenham,2-PKM-vpt-1.15.H,-37.98867473,145.20694052,322
PKM,Pakenham,2-PKM-vpt-1.15.H,-37.98872584,145.20703595,323
PKM,Pakenham,2-PKM-vpt-1.15.H,-37.9888914,145.20737375,324
PKM,Pakenham,2-PKM-vpt-1.15.H,-37.98904578,145.20767573,325
PKM,Pakenham,2-PKM-vpt-1.15.H,-37.9891828,145.20792051,326
PKM,Pakenham,2-PKM-vpt-1.15.H,-37.98893716,145.20739006,327
PKM,Pakenham,2-PKM-vpt-1.15.H,-37.98880849,145.20711945,328
PKM,Pakenham,2-PKM-vpt-1.15.H,-37.98871639,145.20694235,329
PKM,Pakenham,2-PKM-vpt-1.15.H,-37.98859253,145.20672708,330
PKM,Pakenham,2-PKM-vpt-1.15.H,-37.98851677,145.20661096,331
PKM,Pakenham,2-PKM-vpt-1.15.H,-37.98790299,145.2057201,332
PKM,Pakenham,2-PKM-vpt-1.15.H,-37.98782796,145.20561603,333
PKM,Pakenham,2-PKM-vpt-1.15.H,-37.98775567,145.20550871,334
PKM,Pakenham,2-PKM-vpt-1.15.H,-37.98767698,145.20540166,335
PKM,Pakenham,2-PKM-vpt-1.15.H,-37.98724566,145.20476906,336
PKM,Pakenham,2-PKM-vpt-1.15.H,-37.98692186,145.2043142,337
PKM,Pakenham,2-PKM-vpt-1.15.H,-37.98610877,145.20314335,338
PKM,Pakenham,2-PKM-vpt-1.15.H,-37.98565892,145.20250212,339
PKM,Pakenham,2-PKM-vpt-1.15.H,-37.98548489,145.20224209,340
PKM,Pakenham,2-PKM-vpt-1.15.H,-37.98470959,145.20112741,341
PKM,Pakenham,2-PKM-vpt-1.15.H,-37.98416531,145.20035837,342
PKM,Pakenham,2-PKM-vpt-1.15.H,-37.98368512,145.19966713,343
PKM,Pakenham,2-PKM-vpt-1.15.H,-37.98282799,145.19841856,344
PKM,Pakenham,2-PKM-vpt-1.15.H,-37.98243162,145.19785248,345
PKM,Pakenham,2-PKM-vpt-1.15.H,-37.98201148,145.19724052,346
PKM,Pakenham,2-PKM-vpt-1.15.H,-37.98151316,145.19653144,347
PKM,Pakenham,2-PKM-vpt-1.15.H,-37.98142959,145.19640585,348
PKM,Pakenham,2-PKM-vpt-1.15.H,-37.97968506,145.19389802,349
PKM,Pakenham,2-PKM-vpt-1.15.H,-37.97918812,145.19316891,350
PKM,Pakenham,2-PKM-vpt-1.15.H,-37.97893649,145.19277466,351
PKM,Pakenham,2-PKM-vpt-1.15.H,-37.97875291,145.19246334,352
PKM,Pakenham,2-PKM-vpt-1.15.H,-37.97837796,145.19186707,353
PKM,Pakenham,2-PKM-vpt-1.15.H,-37.97807504,145.19141979,354
PKM,Pakenham,2-PKM-vpt-1.15.H,-37.97774762,145.19098529,355
PKM,Pakenham,2-PKM-vpt-1.15.H,-37.97807504,145.19141979,356
PKM,Pakenham,2-PKM-vpt-1.15.H,-37.97837796,145.19186707,357
PKM,Pakenham,2-PKM-vpt-1.15.H,-37.97875291,145.19246334,358
PKM,Pakenham,2-PKM-vpt-1.15.H,-37.97893649,145.19277466,359
PKM,Pakenham,2-PKM-vpt-1.15.H,-37.97918812,145.19316891,360
PKM,Pakenham,2-PKM-vpt-1.15.H,-37.97968506,145.19389802,361
PKM,Pakenham,2-PKM-vpt-1.15.H,-37.98142959,145.19640585,362
PKM,Pakenham,2-PKM-vpt-1.15.H,-37.98151316,145.19653144,363
PKM,Pakenham,2-PKM-vpt-1.15.H,-37.98201148,145.19724052,364
PKM,Pakenham,2-PKM-vpt-1.15.H,-37.98243162,145.19785248,365
PKM,Pakenham,2-PKM-vpt-1.15.H,-37.98282799,145.19841856,366
PKM,Pakenham,2-PKM-vpt-1.15.H,-37.98368512,145.19966713,367
PKM,Pakenham,2-PKM-vpt-1.15.H,-37.98416531,145.20035837,368
PKM,Pakenham,2-PKM-vpt-1.15.H,-37.98470959,145.20112741,369
PKM,Pakenham,2-PKM-vpt-1.15.H,-37.98548489,145.20224209,370
PKM,Pakenham,2-PKM-vpt-1.15.H,-37.98565892,145.20250212,371
PKM,Pakenham,2-PKM-vpt-1.15.H,-37.98610877,145.20314335,372
PKM,Pakenham,2-PKM-vpt-1.15.H,-37.98692186,145.2043142,373
PKM,Pakenham,2-PKM-vpt-1.15.H,-37.98724566,145.20476906,374
PKM,Pakenham,2-PKM-vpt-1.15.H,-37.98767698,145.20540166,375
PKM,Pakenham,2-PKM-vpt-1.15.H,-37.98775567,145.20550871,376
PKM,Pakenham,2-PKM-vpt-1.15.H,-37.98782796,145.20561603,377
PKM,Pakenham,2-PKM-vpt-1.15.H,-37.98790299,145.2057201,378
PKM,Pakenham,2-PKM-vpt-1.15.H,-37.98851677,145.20661096,379
PKM,Pakenham,2-PKM-vpt-1.15.H,-37.98859253,145.20672708,380
PKM,Pakenham,2-PKM-vpt-1.15.H,-37.98871639,145.20694235,381
PKM,Pakenham,2-PKM-vpt-1.15.H,-37.98880849,145.20711945,382
PKM,Pakenham,2-PKM-vpt-1.15.H,-37.98893716,145.20739006,383
PKM,Pakenham,2-PKM-vpt-1.15.H,-37.9891828,145.20792051,384
PKM,Pakenham,2-PKM-vpt-1.15.H,-37.98929277,145.20815889,385
PKM,Pakenham,2-PKM-vpt-1.15.H,-37.98934267,145.20827588,386
PKM,Pakenham,2-PKM-vpt-1.15.H,-37.98943339,145.20851587,387
PKM,Pakenham,2-PKM-vpt-1.15.H,-37.98947262,145.20863664,388
PKM,Pakenham,2-PKM-vpt-1.15.H,-37.99000844,145.20979475,389
PKM,Pakenham,2-PKM-vpt-1.15.H,-37.99011389,145.21002039,390
PKM,Pakenham,2-PKM-vpt-1.15.H,-37.99058624,145.2110531,391
PKM,Pakenham,2-PKM-vpt-1.15.H,-37.99063862,145.21116091,392
PKM,Pakenham,2-PKM-vpt-1.15.H,-37.99091112,145.21175235,393
PKM,Pakenham,2-PKM-vpt-1.15.H,-37.99120898,145.21240545,394
PKM,Pakenham,2-PKM-vpt-1.15.H,-37.99141662,145.21283859,395
PKM,Pakenham,2-PKM-vpt-1.15.H,-37.99152849,145.21304278,396
PKM,Pakenham,2-PKM-vpt-1.15.H,-37.99158798,145.21314428,397
PKM,Pakenham,2-PKM-vpt-1.15.H,-37.99165809,145.21325076,398
PKM,Pakenham,2-PKM-vpt-1.15.H,-37.99176332,145.21339715,399
PKM,Pakenham,2-PKM-vpt-1.15.H,-37.99189004,145.21355224,400
PKM,Pakenham,2-PKM-vpt-1.15.H,-37.99207744,145.21374481,401
PKM,Pakenham,2-PKM-vpt-1.15.H,-37.99220239,145.21385451,402
PKM,Pakenham,2-PKM-vpt-1.15.H,-37.99229251,145.21392612,403
PKM,Pakenham,2-PKM-vpt-1.15.H,-37.99246629,145.2140524,404
PKM,Pakenham,2-PKM-vpt-1.15.H,-37.99308099,145.21445632,405
PKM,Pakenham,2-PKM-vpt-1.15.H,-37.99317806,145.21451649,406
PKM,Pakenham,2-PKM-vpt-1.15.H,-37.99366214,145.2148343,407
PKM,Pakenham,2-PKM-vpt-1.15.H,-37.99514207,145.21579668,408
PKM,Pakenham,2-PKM-vpt-1.15.H,-37.99605082,145.21639609,409
PKM,Pakenham,2-PKM-vpt-1.15.H,-37.99628551,145.21655815,410
PKM,Pakenham,2-PKM-vpt-1.15.H,-37.9965415,145.21674623,411
PKM,Pakenham,2-PKM-vpt-1.15.H,-37.99674658,145.21691015,412
PKM,Pakenham,2-PKM-vpt-1.15.H,-37.99692643,145.21706283,413
PKM,Pakenham,2-PKM-vpt-1.15.H,-37.99716582,145.21728525,414
PKM,Pakenham,2-PKM-vpt-1.15.H,-37.99744581,145.21757035,415
PKM,Pakenham,2-PKM-vpt-1.15.H,-37.99758003,145.21771503,416
PKM,Pakenham,2-PKM-vpt-1.15.H,-37.99779533,145.21796537,417
PKM,Pakenham,2-PKM-vpt-1.15.H,-37.9979632,145.2181778,418
PKM,Pakenham,2-PKM-vpt-1.15.H,-37.99814268,145.21841956,419
PKM,Pakenham,2-PKM-vpt-1.15.H,-37.99833593,145.21870152,420
PKM,Pakenham,2-PKM-vpt-1.15.H,-37.99843768,145.21886225,421
PKM,Pakenham,2-PKM-vpt-1.15.H,-37.99857538,145.21908828,422
PKM,Pakenham,2-PKM-vpt-1.15.H,-37.99869057,145.21929163,423
PKM,Pakenham,2-PKM-vpt-1.15.H,-37.99880854,145.21950618,424
PKM,Pakenham,2-PKM-vpt-1.15.H,-37.99898141,145.21985276,425
PKM,Pakenham,2-PKM-vpt-1.15.H,-37.99932233,145.22059125,426
PKM,Pakenham,2-PKM-vpt-1.15.H,-37.9995101,145.22101184,427
PKM,Pakenham,2-PKM-vpt-1.15.H,-38.000007,145.22210122,428
PKM,Pakenham,2-PKM-vpt-1.15.H,-38.00017554,145.22248413,429
PKM,Pakenham,2-PKM-vpt-1.15.H,-38.00040971,145.22300509,430
PKM,Pakenham,2-PKM-vpt-1.15.H,-38.00101411,145.2243396,431
PKM,Pakenham,2-PKM-vpt-1.15.H,-38.0016294,145.22570429,432
PKM,Pakenham,2-PKM-vpt-1.15.H,-38.00173652,145.22594668,433
PKM,Pakenham,2-PKM-vpt-1.15.H,-38.00186053,145.22621634,434
PKM,Pakenham,2-PKM-vpt-1.15.H,-38.00202356,145.22658095,435
PKM,Pakenham,2-PKM-vpt-1.15.H,-38.00279291,145.22827885,436
PKM,Pakenham,2-PKM-vpt-1.15.H,-38.00335143,145.2295034,437
PKM,Pakenham,2-PKM-vpt-1.15.H,-38.00349872,145.22984073,438
PKM,Pakenham,2-PKM-vpt-1.15.H,-38.00800677,145.23982582,439
PKM,Pakenham,2-PKM-vpt-1.15.H,-38.00919203,145.24245965,440
PKM,Pakenham,2-PKM-vpt-1.15.H,-38.00997741,145.24418996,441
PKM,Pakenham,2-PKM-vpt-1.15.H,-38.01070742,145.24580556,442
PKM,Pakenham,2-PKM-vpt-1.15.H,-38.01119077,145.24690197,443
PKM,Pakenham,2-PKM-vpt-1.15.H,-38.01558892,145.25667682,444
PKM,Pakenham,2-PKM-vpt-1.15.H,-38.01574222,145.25702335,445
PKM,Pakenham,2-PKM-vpt-1.15.H,-38.01596158,145.2575713,446
PKM,Pakenham,2-PKM-vpt-1.15.H,-38.01624213,145.25843585,447
PKM,Pakenham,2-PKM-vpt-1.15.H,-38.01642289,145.25909806,448
PKM,Pakenham,2-PKM-vpt-1.15.H,-38.01654821,145.25964324,449
PKM,Pakenham,2-PKM-vpt-1.15.H,-38.0166989,145.26049014,450
PKM,Pakenham,2-PKM-vpt-1.15.H,-38.0167846,145.26111144,451
PKM,Pakenham,2-PKM-vpt-1.15.H,-38.01687147,145.26182988,452
PKM,Pakenham,2-PKM-vpt-1.15.H,-38.01692143,145.26236272,453
PKM,Pakenham,2-PKM-vpt-1.15.H,-38.01720178,145.2648575,454
PKM,Pakenham,2-PKM-vpt-1.15.H,-38.0172389,145.26515029,455
PKM,Pakenham,2-PKM-vpt-1.15.H,-38.0172791,145.26542536,456
PKM,Pakenham,2-PKM-vpt-1.15.H,-38.01753044,145.26705055,457
PKM,Pakenham,2-PKM-vpt-1.15.H,-38.01761681,145.26759075,458
PKM,Pakenham,2-PKM-vpt-1.15.H,-38.0178216,145.26939874,459
PKM,Pakenham,2-PKM-vpt-1.15.H,-38.0179008,145.27007729,460
PKM,Pakenham,2-PKM-vpt-1.15.H,-38.01792628,145.27029597,461
PKM,Pakenham,2-PKM-vpt-1.15.H,-38.01802206,145.27124456,462
PKM,Pakenham,2-PKM-vpt-1.15.H,-38.01817797,145.27272269,463
PKM,Pakenham,2-PKM-vpt-1.15.H,-38.01824692,145.27335512,464
PKM,Pakenham,2-PKM-vpt-1.15.H,-38.01829433,145.27384019,465
PKM,Pakenham,2-PKM-vpt-1.15.H,-38.0183406,145.27435264,466
PKM,Pakenham,2-PKM-vpt-1.15.H,-38.01837438,145.27481183,467
PKM,Pakenham,2-PKM-vpt-1.15.H,-38.01841426,145.27552127,468
PKM,Pakenham,2-PKM-vpt-1.15.H,-38.0184412,145.27593893,469
PKM,Pakenham,2-PKM-vpt-1.15.H,-38.01850324,145.27679548,470
PKM,Pakenham,2-PKM-vpt-1.15.H,-38.01853022,145.27709308,471
PKM,Pakenham,2-PKM-vpt-1.15.H,-38.01875546,145.27924296,472
PKM,Pakenham,2-PKM-vpt-1.15.H,-38.01917967,145.28312714,473
PKM,Pakenham,2-PKM-vpt-1.15.H,-38.01933496,145.28464692,474
PKM,Pakenham,2-PKM-vpt-1.15.H,-38.01946369,145.2858479,475
PKM,Pakenham,2-PKM-vpt-1.15.H,-38.01955126,145.28660625,476
PKM,Pakenham,2-PKM-vpt-1.15.H,-38.01960043,145.28695005,477
PKM,Pakenham,2-PKM-vpt-1.15.H,-38.0196521,145.28725539,478
PKM,Pakenham,2-PKM-vpt-1.15.H,-38.01979547,145.28794148,479
PKM,Pakenham,2-PKM-vpt-1.15.H,-38.01992819,145.28844145,480
PKM,Pakenham,2-PKM-vpt-1.15.H,-38.0200914,145.28897979,481
PKM,Pakenham,2-PKM-vpt-1.15.H,-38.02025243,145.28945017,482
PKM,Pakenham,2-PKM-vpt-1.15.H,-38.02047554,145.28999953,483
PKM,Pakenham,2-PKM-vpt-1.15.H,-38.02063689,145.29035542,484
PKM,Pakenham,2-PKM-vpt-1.15.H,-38.02112652,145.29131657,485
PKM,Pakenham,2-PKM-vpt-1.15.H,-38.02211202,145.2932121,486
PKM,Pakenham,2-PKM-vpt-1.15.H,-38.0243034,145.29741039,487
PKM,Pakenham,2-PKM-vpt-1.15.H,-38.02470727,145.29820991,488
PKM,Pakenham,2-PKM-vpt-1.15.H,-38.02498481,145.29878097,489
PKM,Pakenham,2-PKM-vpt-1.15.H,-38.02581811,145.30057313,490
PKM,Pakenham,2-PKM-vpt-1.15.H,-38.02602887,145.30097042,491
PKM,Pakenham,2-PKM-vpt-1.15.H,-38.02637666,145.30163889,492
PKM,Pakenham,2-PKM-vpt-1.15.H,-38.02753317,145.3038183,493
PKM,Pakenham,2-PKM-vpt-1.15.H,-38.02758542,145.3039169,494
PKM,Pakenham,2-PKM-vpt-1.15.H,-38.02815102,145.30502333,495
PKM,Pakenham,2-PKM-vpt-1.15.H,-38.02864537,145.3059521,496
PKM,Pakenham,2-PKM-vpt-1.15.H,-38.02895982,145.30657923,497
PKM,Pakenham,2-PKM-vpt-1.15.H,-38.02973559,145.30805753,498
PKM,Pakenham,2-PKM-vpt-1.15.H,-38.03000561,145.30859808,499
PKM,Pakenham,2-PKM-vpt-1.15.H,-38.0302358,145.30910115,500
PKM,Pakenham,2-PKM-vpt-1.15.H,-38.03049433,145.30975728,501
PKM,Pakenham,2-PKM-vpt-1.15.H,-38.03069555,145.31036448,502
PKM,Pakenham,2-PKM-vpt-1.15.H,-38.03091679,145.31118531,503
PKM,Pakenham,2-PKM-vpt-1.15.H,-38.03119681,145.31242316,504
PKM,Pakenham,2-PKM-vpt-1.15.H,-38.03153661,145.31388354,505
PKM,Pakenham,2-PKM-vpt-1.15.H,-38.03192132,145.31556097,506
PKM,Pakenham,2-PKM-vpt-1.15.H,-38.03272088,145.31900635,507
PKM,Pakenham,2-PKM-vpt-1.15.H,-38.03304086,145.32033997,508
PKM,Pakenham,2-PKM-vpt-1.15.H,-38.03405283,145.32478704,509
PKM,Pakenham,2-PKM-vpt-1.15.H,-38.03422293,145.3256441,510
PKM,Pakenham,2-PKM-vpt-1.15.H,-38.03434982,145.32637874,511
PKM,Pakenham,2-PKM-vpt-1.15.H,-38.03442387,145.32687646,512
PKM,Pakenham,2-PKM-vpt-1.15.H,-38.0345504,145.3279347,513
PKM,Pakenham,2-PKM-vpt-1.15.H,-38.03465072,145.32894991,514
PKM,Pakenham,2-PKM-vpt-1.15.H,-38.03541554,145.33709441,515
PKM,Pakenham,2-PKM-vpt-1.15.H,-38.03549572,145.33784415,516
PKM,Pakenham,2-PKM-vpt-1.15.H,-38.03562985,145.33862459,517
PKM,Pakenham,2-PKM-vpt-1.15.H,-38.03582737,145.33944541,518
PKM,Pakenham,2-PKM-vpt-1.15.H,-38.03608093,145.34023387,519
PKM,Pakenham,2-PKM-vpt-1.15.H,-38.03629322,145.34076768,520
PKM,Pakenham,2-PKM-vpt-1.15.H,-38.03660026,145.341432,521
PKM,Pakenham,2-PKM-vpt-1.15.H,-38.03691748,145.34198807,522
PKM,Pakenham,2-PKM-vpt-1.15.H,-38.03705522,145.3422206,523
PKM,Pakenham,2-PKM-vpt-1.15.H,-38.03741898,145.3427411,524
PKM,Pakenham,2-PKM-vpt-1.15.H,-38.03753329,145.34289076,525
PKM,Pakenham,2-PKM-vpt-1.15.H,-38.03786172,145.34329595,526
PKM,Pakenham,2-PKM-vpt-1.15.H,-38.03827163,145.34375355,527
PKM,Pakenham,2-PKM-vpt-1.15.H,-38.03871422,145.34423447,528
PKM,Pakenham,2-PKM-vpt-1.15.H,-38.03901626,145.34453225,529
PKM,Pakenham,2-PKM-vpt-1.15.H,-38.03942171,145.34489743,530
PKM,Pakenham,2-PKM-vpt-1.15.H,-38.03977528,145.34519349,531
PKM,Pakenham,2-PKM-vpt-1.15.H,-38.04023264,145.34554601,532
PKM,Pakenham,2-PKM-vpt-1.15.H,-38.04066346,145.34585093,533
PKM,Pakenham,2-PKM-vpt-1.15.H,-38.04118706,145.3462096,534
PKM,Pakenham,2-PKM-vpt-1.15.H,-38.04139851,145.34636575,535
PKM,Pakenham,2-PKM-vpt-1.15.H,-38.04165534,145.34655095,536
PKM,Pakenham,2-PKM-vpt-1.15.H,-38.04184821,145.34669897,537
PKM,Pakenham,2-PKM-vpt-1.15.H,-38.04206662,145.34687604,538
PKM,Pakenham,2-PKM-vpt-1.15.H,-38.04226723,145.34704883,539
PKM,Pakenham,2-PKM-vpt-1.15.H,-38.04250682,145.34726463,540
PKM,Pakenham,2-PKM-vpt-1.15.H,-38.0430445,145.34777912,541
PKM,Pakenham,2-PKM-vpt-1.15.H,-38.04329917,145.34802843,542
PKM,Pakenham,2-PKM-vpt-1.15.H,-38.04371171,145.34845025,543
PKM,Pakenham,2-PKM-vpt-1.15.H,-38.04389491,145.34865467,544
PKM,Pakenham,2-PKM-vpt-1.15.H,-38.04412022,145.34892492,545
PKM,Pakenham,2-PKM-vpt-1.15.H,-38.04429368,145.34914142,546
PKM,Pakenham,2-PKM-vpt-1.15.H,-38.04447297,145.34938855,547
PKM,Pakenham,2-PKM-vpt-1.15.H,-38.04461888,145.34960088,548
PKM,Pakenham,2-PKM-vpt-1.15.H,-38.04478003,145.34985184,549
PKM,Pakenham,2-PKM-vpt-1.15.H,-38.0449155,145.35007831,550
PKM,Pakenham,2-PKM-vpt-1.15.H,-38.04513022,145.35046721,551
PKM,Pakenham,2-PKM-vpt-1.15.H,-38.04521514,145.3506302,552
PKM,Pakenham,2-PKM-vpt-1.15.H,-38.04544527,145.35112235,553
PKM,Pakenham,2-PKM-vpt-1.15.H,-38.04570407,145.35175003,554
PKM,Pakenham,2-PKM-vpt-1.15.H,-38.04601994,145.35253462,555
PKM,Pakenham,2-PKM-vpt-1.15.H,-38.04632511,145.35330167,556
PKM,Pakenham,2-PKM-vpt-1.15.H,-38.04641608,145.35354225,557
PKM,Pakenham,2-PKM-vpt-1.15.H,-38.0465741,145.35393108,558
PKM,Pakenham,2-PKM-vpt-1.15.H,-38.04680738,145.35453987,559
PKM,Pakenham,2-PKM-vpt-1.15.H,-38.04721063,145.35565141,560
PKM,Pakenham,2-PKM-vpt-1.15.H,-38.04786441,145.35752455,561
PKM,Pakenham,2-PKM-vpt-1.15.H,-38.04800838,145.35792784,562
PKM,Pakenham,2-PKM-vpt-1.15.H,-38.04986237,145.36321631,563
PKM,Pakenham,2-PKM-vpt-1.15.H,-38.0500311,145.36370328,564
PKM,Pakenham,2-PKM-vpt-1.15.H,-38.05039538,145.3647342,565
PKM,Pakenham,2-PKM-vpt-1.15.H,-38.05087835,145.3661225,566
PKM,Pakenham,2-PKM-vpt-1.15.H,-38.05164161,145.36829792,567
PKM,Pakenham,2-PKM-vpt-1.15.H,-38.05190243,145.36902619,568
PKM,Pakenham,2-PKM-vpt-1.15.H,-38.05200478,145.36929733,569
PKM,Pakenham,2-PKM-vpt-1.15.H,-38.05211641,145.36957465,570
PKM,Pakenham,2-PKM-vpt-1.15.H,-38.05220523,145.36978659,571
PKM,Pakenham,2-PKM-vpt-1.15.H,-38.05235231,145.37011133,572
PKM,Pakenham,2-PKM-vpt-1.15.H,-38.05248254,145.37037866,573
PKM,Pakenham,2-PKM-vpt-1.15.H,-38.05262571,145.37065574,574
PKM,Pakenham,2-PKM-vpt-1.15.H,-38.05273621,145.37085855,575
PKM,Pakenham,2-PKM-vpt-1.15.H,-38.05290792,145.37115972,576
PKM,Pakenham,2-PKM-vpt-1.15.H,-38.0531209,145.37149987,577
PKM,Pakenham,2-PKM-vpt-1.15.H,-38.05323937,145.37167914,578
PKM,Pakenham,2-PKM-vpt-1.15.H,-38.05340879,145.37191986,579
PKM,Pakenham,2-PKM-vpt-1.15.H,-38.0535898,145.3721643,580
PKM,Pakenham,2-PKM-vpt-1.15.H,-38.05378787,145.37241703,581
PKM,Pakenham,2-PKM-vpt-1.15.H,-38.05396324,145.37263174,582
PKM,Pakenham,2-PKM-vpt-1.15.H,-38.05416412,145.37286641,583
PKM,Pakenham,2-PKM-vpt-1.15.H,-38.05800134,145.37722164,584
PKM,Pakenham,2-PKM-vpt-1.15.H,-38.05830536,145.37757134,585
PKM,Pakenham,2-PKM-vpt-1.15.H,-38.05875711,145.3781186,586
PKM,Pakenham,2-PKM-vpt-1.15.H,-38.05887362,145.37827378,587
PKM,Pakenham,2-PKM-vpt-1.15.H,-38.05904874,145.37851679,588
PKM,Pakenham,2-PKM-vpt-1.15.H,-38.0591559,145.37867422,589
PKM,Pakenham,2-PKM-vpt-1.15.H,-38.05932172,145.37892896,590
PKM,Pakenham,2-PKM-vpt-1.15.H,-38.0595064,145.37925109,591
PKM,Pakenham,2-PKM-vpt-1.15.H,-38.05968792,145.37958595,592
PKM,Pakenham,2-PKM-vpt-1.15.H,-38.05986526,145.37995088,593
PKM,Pakenham,2-PKM-vpt-1.15.H,-38.06001921,145.38029911,594
PKM,Pakenham,2-PKM-vpt-1.15.H,-38.06016767,145.38066765,595
PKM,Pakenham,2-PKM-vpt-1.15.H,-38.06035071,145.38120491,596
PKM,Pakenham,2-PKM-vpt-1.15.H,-38.06045921,145.38156463,597
PKM,Pakenham,2-PKM-vpt-1.15.H,-38.06054732,145.38190247,598
PKM,Pakenham,2-PKM-vpt-1.15.H,-38.06062714,145.38224802,599
PKM,Pakenham,2-PKM-vpt-1.15.H,-38.06071367,145.38266784,600
PKM,Pakenham,2-PKM-vpt-1.15.H,-38.06079279,145.38306709,601
PKM,Pakenham,2-PKM-vpt-1.15.H,-38.06343173,145.39689125,602
PKM,Pakenham,2-PKM-vpt-1.15.H,-38.06543627,145.40737749,603
PKM,Pakenham,2-PKM-vpt-1.15.H,-38.06600669,145.41035622,604
PKM,Pakenham,2-PKM-vpt-1.15.H,-38.06614146,145.41104546,605
PKM,Pakenham,2-PKM-vpt-1.15.H,-38.06627667,145.41171439,606
PKM,Pakenham,2-PKM-vpt-1.15.H,-38.06664168,145.41368471,607
PKM,Pakenham,2-PKM-vpt-1.15.H,-38.07131646,145.43815935,608
PKM,Pakenham,2-PKM-vpt-1.15.H,-38.07478403,145.45631639,609
PKM,Pakenham,2-PKM-vpt-1.15.H,-38.07570761,145.46122386,610
PKM,Pakenham,2-PKM-vpt-1.15.H,-38.07632079,145.4644211,611
PKM,Pakenham,2-PKM-vpt-1.15.H,-38.07694648,145.46766466,612
PKM,Pakenham,2-PKM-vpt-1.15.H,-38.07746986,145.47007517,613
PKM,Pakenham,2-PKM-vpt-1.15.H,-38.07788811,145.47222283,614
PKM,Pakenham,2-PKM-vpt-1.15.H,-38.07824729,145.47416812,615
PKM,Pakenham,2-PKM-vpt-1.15.H,-38.07877526,145.47690914,616
PKM,Pakenham,2-PKM-vpt-1.15.H,-38.07951241,145.48076981,617
PKM,Pakenham,2-PKM-vpt-1.15.H,-38.0797809,145.48218747,618
PKM,Pakenham,2-PKM-vpt-1.15.H,-38.08009988,145.4838937,619
PKM,Pakenham,2-PKM-vpt-1.15.H,-38.08044939,145.48572689,620
PKM,Pakenham,2-PKM-vpt-1.15.H,-38.08074673,145.48726873,621
PKM,Pakenham,2-PKM-vpt-1.15.H,-38.08178754,145.49273897,622
PKM,Pakenham,2-PKM-vpt-1.15.H,-38.08189326,145.49333698,623
PKM,Pakenham,2-PKM-vpt-1.15.H,-38.08202953,145.49423046,624
PKM,Pakenham,2-PKM-vpt-1.15.H,-38.08222522,145.49571163,625
PKM,Pakenham,2-PKM-vpt-1.15.H,-38.08229332,145.49624395,626
PKM,Pakenham,2-PKM-vpt-1.15.H,-38.08237207,145.49678505,627
PKM,Pakenham,2-PKM-vpt-1.15.H,-38.08252702,145.49774578,628
PKM,Pakenham,2-PKM-vpt-1.15.H,-38.08286544,145.49956006,629
PKM,Pakenham,2-PKM-vpt-1.15.H,-38.08300828,145.50011765,630
PKM,Pakenham,2-PKM-vpt-1.15.H,-38.08311566,145.50067164,631
PKM,Pakenham,2-PKM-vpt-1.15.H,-38.08339056,145.50212329,632
PKM,Pakenham,2-PKM-vpt-1.15.H,-38.08348977,145.5025607,633
PKM,Pakenham,2-PKM-vpt-1.15.H,-38.08371614,145.50348647,634
PKM,Pakenham,2-PKM-vpt-1.15.H,-38.08397788,145.50453627,635
PKM,Pakenham,2-PKM-vpt-1.15.H,-38.0841623,145.50552335,636
PKM,Pakenham,2-PKM-vpt-1.15.H,-38.08434419,145.50647479,637
RCE,Flemington Racecourse,2-RCE-vpt-46.2.R,-37.78766128,144.90710836,1
RCE,Flemington Racecourse,2-RCE-vpt-46.2.R,-37.78712927,144.9078057,2
RCE,Flemington Racecourse,2-RCE-vpt-46.2.R,-37.7870834,144.9078615,3
RCE,Flemington Racecourse,2-RCE-vpt-46.2.R,-37.78700967,144.90794193,4
RCE,Flemington Racecourse,2-RCE-vpt-46.2.R,-37.786887,144.90806746,5
RCE,Flemington Racecourse,2-RCE-vpt-46.2.R,-37.78680406,144.90816711,6
RCE,Flemington Racecourse,2-RCE-vpt-46.2.R,-37.78670643,144.90829216,7
RCE,Flemington Racecourse,2-RCE-vpt-46.2.R,-37.78662292,144.90839046,8
RCE,Flemington Racecourse,2-RCE-vpt-46.2.R,-37.78656439,144.90845366,9
RCE,Flemington Racecourse,2-RCE-vpt-46.2.R,-37.78645859,144.9085602,10
RCE,Flemington Racecourse,2-RCE-vpt-46.2.R,-37.78632733,144.90867904,11
RCE,Flemington Racecourse,2-RCE-vpt-46.2.R,-37.78622289,144.90876556,12
RCE,Flemington Racecourse,2-RCE-vpt-46.2.R,-37.78614236,144.90882869,13
RCE,Flemington Racecourse,2-RCE-vpt-46.2.R,-37.78593666,144.90897268,14
RCE,Flemington Racecourse,2-RCE-vpt-46.2.R,-37.78560929,144.90917722,15
RCE,Flemington Racecourse,2-RCE-vpt-46.2.R,-37.78547618,144.90926352,16
RCE,Flemington Racecourse,2-RCE-vpt-46.2.R,-37.7854341,144.90929377,17
RCE,Flemington Racecourse,2-RCE-vpt-46.2.R,-37.7853443,144.90936273,18
RCE,Flemington Racecourse,2-RCE-vpt-46.2.R,-37.78524276,144.90945019,19
RCE,Flemington Racecourse,2-RCE-vpt-46.2.R,-37.78520072,144.90948317,20
RCE,Flemington Racecourse,2-RCE-vpt-46.2.R,-37.7849104,144.90968835,21
RCE,Flemington Racecourse,2-RCE-vpt-46.2.R,-37.78480489,144.90977547,22
RCE,Flemington Racecourse,2-RCE-vpt-46.2.R,-37.78471923,144.9098593,23
RCE,Flemington Racecourse,2-RCE-vpt-46.2.R,-37.78460913,144.90997765,24
RCE,Flemington Racecourse,2-RCE-vpt-46.2.R,-37.78452649,144.91007365,25
RCE,Flemington Racecourse,2-RCE-vpt-46.2.R,-37.78441046,144.91021806,26
RCE,Flemington Racecourse,2-RCE-vpt-46.2.R,-37.78430236,144.91036804,27
RCE,Flemington Racecourse,2-RCE-vpt-46.2.R,-37.78414563,144.91062078,28
RCE,Flemington Racecourse,2-RCE-vpt-46.2.R,-37.78403164,144.91083462,29
RCE,Flemington Racecourse,2-RCE-vpt-46.2.R,-37.78396394,144.91097551,30
RCE,Flemington Racecourse,2-RCE-vpt-46.2.R,-37.78386308,144.91120817,31
RCE,Flemington Racecourse,2-RCE-vpt-46.2.R,-37.7837818,144.91142699,32
RCE,Flemington Racecourse,2-RCE-vpt-46.2.R,-37.78370373,144.91167491,33
RCE,Flemington Racecourse,2-RCE-vpt-46.2.R,-37.78364641,144.91190293,34
RCE,Flemington Racecourse,2-RCE-vpt-46.2.R,-37.78359944,144.91211545,35
RCE,Flemington Racecourse,2-RCE-vpt-46.2.R,-37.78356904,144.91229185,36
RCE,Flemington Racecourse,2-RCE-vpt-46.2.R,-37.78354619,144.9124518,37
RCE,Flemington Racecourse,2-RCE-vpt-46.2.R,-37.7835266,144.91265787,38
RCE,Flemington Racecourse,2-RCE-vpt-46.2.R,-37.78351133,144.91286405,39
RCE,Flemington Racecourse,2-RCE-vpt-46.2.R,-37.78350438,144.91305693,40
RCE,Flemington Racecourse,2-RCE-vpt-46.2.R,-37.78350882,144.91327697,41
RCE,Flemington Racecourse,2-RCE-vpt-46.2.R,-37.78350888,144.91341754,42
RCE,Flemington Racecourse,2-RCE-vpt-46.2.R,-37.78349324,144.91378622,43
RCE,Flemington Racecourse,2-RCE-vpt-46.2.R,-37.78350117,144.91414764,44
RCE,Flemington Racecourse,2-RCE-vpt-46.2.R,-37.78352935,144.91514333,45
RCE,Flemington Racecourse,2-RCE-vpt-46.2.R,-37.78360051,144.9177855,46
RCE,Flemington Racecourse,2-RCE-vpt-46.2.R,-37.78363153,144.91962772,47
RCE,Flemington Racecourse,2-RCE-vpt-46.2.R,-37.78368179,144.92150472,48
RCE,Flemington Racecourse,2-RCE-vpt-46.2.R,-37.78369371,144.92204737,49
RCE,Flemington Racecourse,2-RCE-vpt-46.2.R,-37.78376033,144.92446088,50
RCE,Flemington Racecourse,2-RCE-vpt-46.2.R,-37.78377728,144.92478867,51
RCE,Flemington Racecourse,2-RCE-vpt-46.2.R,-37.78379924,144.92503275,52
RCE,Flemington Racecourse,2-RCE-vpt-46.2.R,-37.78382684,144.9252182,53
RCE,Flemington Racecourse,2-RCE-vpt-46.2.R,-37.7838647,144.92543867,54
RCE,Flemington Racecourse,2-RCE-vpt-46.2.R,-37.78390537,144.92562443,55
RCE,Flemington Racecourse,2-RCE-vpt-46.2.R,-37.78395801,144.92580918,56
RCE,Flemington Racecourse,2-RCE-vpt-46.2.R,-37.78400364,144.92593905,57
RCE,Flemington Racecourse,2-RCE-vpt-46.2.R,-37.78407627,144.92612313,58
RCE,Flemington Racecourse,2-RCE-vpt-46.2.R,-37.78423412,144.92649933,59
RCE,Flemington Racecourse,2-RCE-vpt-46.2.R,-37.78439791,144.9268656,60
RCE,Flemington Racecourse,2-RCE-vpt-46.2.R,-37.78453941,144.92714313,61
RCE,Flemington Racecourse,2-RCE-vpt-46.2.R,-37.78464691,144.92732158,62
RCE,Flemington Racecourse,2-RCE-vpt-46.2.R,-37.78482434,144.92757222,63
RCE,Flemington Racecourse,2-RCE-vpt-46.2.R,-37.78495111,144.92772935,64
RCE,Flemington Racecourse,2-RCE-vpt-46.2.R,-37.78512273,144.92791554,65
RCE,Flemington Racecourse,2-RCE-vpt-46.2.R,-37.78528454,144.92807215,66
RCE,Flemington Racecourse,2-RCE-vpt-46.2.R,-37.785453,144.92822233,67
RCE,Flemington Racecourse,2-RCE-vpt-46.2.R,-37.78563582,144.92837438,68
RCE,Flemington Racecourse,2-RCE-vpt-46.2.R,-37.78578373,144.92848402,69
RCE,Flemington Racecourse,2-RCE-vpt-46.2.R,-37.78594716,144.92858359,70
RCE,Flemington Racecourse,2-RCE-vpt-46.2.R,-37.78610436,144.92865743,71
RCE,Flemington Racecourse,2-RCE-vpt-46.2.R,-37.78627462,144.92872581,72
RCE,Flemington Racecourse,2-RCE-vpt-46.2.R,-37.78657491,144.92883427,73
RCE,Flemington Racecourse,2-RCE-vpt-46.2.R,-37.78732328,144.9290206,74
RCE,Flemington Racecourse,2-RCE-vpt-46.2.R,-37.78826252,144.92923841,75
RCE,Flemington Racecourse,2-RCE-vpt-46.2.R,-37.78952444,144.9295359,76
RCE,Flemington Racecourse,2-RCE-vpt-46.2.R,-37.79176014,144.9300674,77
RCE,Flemington Racecourse,2-RCE-vpt-46.2.R,-37.79278276,144.93030698,78
RCE,Flemington Racecourse,2-RCE-vpt-46.2.R,-37.79361759,144.93050581,79
RCE,Flemington Racecourse,2-RCE-vpt-46.2.R,-37.79378173,144.93054892,80
RCE,Flemington Racecourse,2-RCE-vpt-46.2.R,-37.79389303,144.93057989,81
RCE,Flemington Racecourse,2-RCE-vpt-46.2.R,-37.79420332,144.93067298,82
RCE,Flemington Racecourse,2-RCE-vpt-46.2.R,-37.79451863,144.93077491,83
RCE,Flemington Racecourse,2-RCE-vpt-46.2.R,-37.79461457,144.93080903,84
RCE,Flemington Racecourse,2-RCE-vpt-46.2.R,-37.79496,144.93092261,85
RCE,Flemington Racecourse,2-RCE-vpt-46.2.R,-37.79665496,144.93149346,86
RCE,Flemington Racecourse,2-RCE-vpt-46.2.R,-37.79693303,144.93158416,87
RCE,Flemington Racecourse,2-RCE-vpt-46.2.R,-37.79841424,144.93207912,88
RCE,Flemington Racecourse,2-RCE-vpt-46.2.R,-37.79867244,144.93216743,89
RCE,Flemington Racecourse,2-RCE-vpt-46.2.R,-37.79880686,144.93221672,90
RCE,Flemington Racecourse,2-RCE-vpt-46.2.R,-37.79898982,144.93229498,91
RCE,Flemington Racecourse,2-RCE-vpt-46.2.R,-37.79908953,144.93234342,92
RCE,Flemington Racecourse,2-RCE-vpt-46.2.R,-37.79924669,144.93243046,93
RCE,Flemington Racecourse,2-RCE-vpt-46.2.R,-37.79936521,144.93250291,94
RCE,Flemington Racecourse,2-RCE-vpt-46.2.R,-37.7997668,144.93276088,95
RCE,Flemington Racecourse,2-RCE-vpt-46.2.R,-37.80000121,144.93291607,96
RCE,Flemington Racecourse,2-RCE-vpt-46.2.R,-37.80024432,144.93308919,97
RCE,Flemington Racecourse,2-RCE-vpt-46.2.R,-37.80039578,144.93321081,98
RCE,Flemington Racecourse,2-RCE-vpt-46.2.R,-37.80046258,144.93326834,99
RCE,Flemington Racecourse,2-RCE-vpt-46.2.R,-37.80055501,144.93335424,100
RCE,Flemington Racecourse,2-RCE-vpt-46.2.R,-37.8007029,144.93350321,101
RCE,Flemington Racecourse,2-RCE-vpt-46.2.R,-37.80081991,144.93363374,102
RCE,Flemington Racecourse,2-RCE-vpt-46.2.R,-37.80095044,144.93379036,103
RCE,Flemington Racecourse,2-RCE-vpt-46.2.R,-37.8010919,144.93397915,104
RCE,Flemington Racecourse,2-RCE-vpt-46.2.R,-37.80119626,144.93413354,105
RCE,Flemington Racecourse,2-RCE-vpt-46.2.R,-37.80124848,144.93421284,106
RCE,Flemington Racecourse,2-RCE-vpt-46.2.R,-37.80137294,144.9344188,107
RCE,Flemington Racecourse,2-RCE-vpt-46.2.R,-37.80149548,144.93464379,108
RCE,Flemington Racecourse,2-RCE-vpt-46.2.R,-37.80158233,144.93481207,109
RCE,Flemington Racecourse,2-RCE-vpt-46.2.R,-37.80176836,144.93518339,110
RCE,Flemington Racecourse,2-RCE-vpt-46.2.R,-37.80207291,144.93579776,111
RCE,Flemington Racecourse,2-RCE-vpt-46.2.R,-37.80233206,144.93633605,112
RCE,Flemington Racecourse,2-RCE-vpt-46.2.R,-37.80279787,144.93726633,113
RCE,Flemington Racecourse,2-RCE-vpt-46.2.R,-37.80312109,144.93791813,114
RCE,Flemington Racecourse,2-RCE-vpt-46.2.R,-37.80331711,144.93825875,115
RCE,Flemington Racecourse,2-RCE-vpt-46.2.R,-37.80349996,144.93854227,116
RCE,Flemington Racecourse,2-RCE-vpt-46.2.R,-37.80364033,144.93872054,117
RCE,Flemington Racecourse,2-RCE-vpt-46.2.R,-37.80380449,144.93891906,118
RCE,Flemington Racecourse,2-RCE-vpt-46.2.R,-37.80422668,144.9393923,119
RCE,Flemington Racecourse,2-RCE-vpt-46.2.R,-37.80460062,144.93974502,120
RCE,Flemington Racecourse,2-RCE-vpt-46.2.R,-37.80491663,144.94005222,121
RCE,Flemington Racecourse,2-RCE-vpt-46.2.R,-37.80503794,144.94019184,122
RCE,Flemington Racecourse,2-RCE-vpt-46.2.R,-37.80537652,144.94054317,123
RCE,Flemington Racecourse,2-RCE-vpt-46.2.R,-37.8056347,144.94079008,124
RCE,Flemington Racecourse,2-RCE-vpt-46.2.R,-37.80595668,144.94107815,125
RCE,Flemington Racecourse,2-RCE-vpt-46.2.R,-37.80629064,144.94133465,126
RCE,Flemington Racecourse,2-RCE-vpt-46.2.R,-37.80654297,144.94154641,127
RCE,Flemington Racecourse,2-RCE-vpt-46.2.R,-37.80732608,144.94216425,128
RCE,Flemington Racecourse,2-RCE-vpt-46.2.R,-37.8077078,144.94246749,129
RCE,Flemington Racecourse,2-RCE-vpt-46.2.R,-37.80784636,144.94257348,130
RCE,Flemington Racecourse,2-RCE-vpt-46.2.R,-37.80790463,144.94262343,131
RCE,Flemington Racecourse,2-RCE-vpt-46.2.R,-37.80811233,144.94282302,132
RCE,Flemington Racecourse,2-RCE-vpt-46.2.R,-37.80817577,144.94287998,133
RCE,Flemington Racecourse,2-RCE-vpt-46.2.R,-37.80826292,144.94295265,134
RCE,Flemington Racecourse,2-RCE-vpt-46.2.R,-37.80835949,144.943028,135
RCE,Flemington Racecourse,2-RCE-vpt-46.2.R,-37.80861262,144.94321271,136
RCE,Flemington Racecourse,2-RCE-vpt-46.2.R,-37.80917604,144.94364176,137
RCE,Flemington Racecourse,2-RCE-vpt-46.2.R,-37.8102605,144.94448755,138
RCE,Flemington Racecourse,2-RCE-vpt-46.2.R,-37.81066446,144.9448103,139
RCE,Flemington Racecourse,2-RCE-vpt-46.2.R,-37.81078404,144.94491353,140
RCE,Flemington Racecourse,2-RCE-vpt-46.2.R,-37.8110351,144.94515045,141
RCE,Flemington Racecourse,2-RCE-vpt-46.2.R,-37.81132339,144.94544495,142
RCE,Flemington Racecourse,2-RCE-vpt-46.2.R,-37.81159068,144.94578092,143
RCE,Flemington Racecourse,2-RCE-vpt-46.2.R,-37.8117923,144.94606646,144
RCE,Flemington Racecourse,2-RCE-vpt-46.2.R,-37.81189607,144.94620387,145
RCE,Flemington Racecourse,2-RCE-vpt-46.2.R,-37.81199746,144.94633317,146
RCE,Flemington Racecourse,2-RCE-vpt-46.2.R,-37.81211522,144.94647155,147
RCE,Flemington Racecourse,2-RCE-vpt-46.2.R,-37.8122013,144.94656561,148
RCE,Flemington Racecourse,2-RCE-vpt-46.2.R,-37.81275289,144.94715895,149
RCE,Flemington Racecourse,2-RCE-vpt-46.2.R,-37.81284957,144.94726146,150
RCE,Flemington Racecourse,2-RCE-vpt-46.2.R,-37.81292689,144.94733849,151
RCE,Flemington Racecourse,2-RCE-vpt-46.2.R,-37.81318804,144.9475865,152
RCE,Flemington Racecourse,2-RCE-vpt-46.2.R,-37.81350932,144.94786624,153
RCE,Flemington Racecourse,2-RCE-vpt-46.2.R,-37.81360636,144.94794796,154
RCE,Flemington Racecourse,2-RCE-vpt-46.2.R,-37.81376684,144.94805563,155
RCE,Flemington Racecourse,2-RCE-vpt-46.2.R,-37.8139002,144.94813725,156
RCE,Flemington Racecourse,2-RCE-vpt-46.2.R,-37.81425839,144.94841495,157
RCE,Flemington Racecourse,2-RCE-vpt-46.2.R,-37.81503508,144.94902902,158
RCE,Flemington Racecourse,2-RCE-vpt-46.2.R,-37.81517707,144.94914572,159
RCE,Flemington Racecourse,2-RCE-vpt-46.2.R,-37.81524416,144.94920555,160
RCE,Flemington Racecourse,2-RCE-vpt-46.2.R,-37.81540079,144.94935571,161
RCE,Flemington Racecourse,2-RCE-vpt-46.2.R,-37.81565364,144.94960816,162
RCE,Flemington Racecourse,2-RCE-vpt-46.2.R,-37.81573786,144.94968876,163
RCE,Flemington Racecourse,2-RCE-vpt-46.2.R,-37.81581974,144.94975908,164
RCE,Flemington Racecourse,2-RCE-vpt-46.2.R,-37.81593463,144.94985155,165
RCE,Flemington Racecourse,2-RCE-vpt-46.2.R,-37.81599678,144.94990686,166
RCE,Flemington Racecourse,2-RCE-vpt-46.2.R,-37.81691708,144.95064285,167
RCE,Flemington Racecourse,2-RCE-vpt-46.2.R,-37.81716253,144.9508277,168
RCE,Flemington Racecourse,2-RCE-vpt-46.2.R,-37.81731407,144.95092904,169
RCE,Flemington Racecourse,2-RCE-vpt-46.2.R,-37.81753014,144.95106177,170
RCE,Flemington Racecourse,2-RCE-vpt-46.2.R,-37.81760182,144.95110046,171
RCE,Flemington Racecourse,2-RCE-vpt-46.2.R,-37.81784293,144.95124795,172
RCE,Flemington Racecourse,2-RCE-vpt-46.2.R,-37.81793408,144.95131257,173
RCE,Flemington Racecourse,2-RCE-vpt-46.2.R,-37.8184847,144.95174788,174
RCE,Flemington Racecourse,2-RCE-vpt-46.2.R,-37.81925198,144.95235024,175
RCE,Flemington Racecourse,2-RCE-vpt-46.2.R,-37.81945726,144.95250497,176
RCE,Flemington Racecourse,2-RCE-vpt-46.2.R,-37.81963318,144.95261984,177
RCE,Flemington Racecourse,2-RCE-vpt-46.2.R,-37.81977061,144.95271852,178
RCE,Flemington Racecourse,2-RCE-vpt-46.2.R,-37.81992764,144.9528505,179
RCE,Flemington Racecourse,2-RCE-vpt-46.2.R,-37.82001684,144.95293744,180
RCE,Flemington Racecourse,2-RCE-vpt-46.2.R,-37.82015802,144.95310179,181
RCE,Flemington Racecourse,2-RCE-vpt-46.2.R,-37.82043558,144.95347458,182
RCE,Flemington Racecourse,2-RCE-vpt-46.2.R,-37.82077664,144.95394468,183
RCE,Flemington Racecourse,2-RCE-vpt-46.2.R,-37.82091537,144.95415443,184
RCE,Flemington Racecourse,2-RCE-vpt-46.2.R,-37.82099579,144.95429126,185
RCE,Flemington Racecourse,2-RCE-vpt-46.2.R,-37.82105879,144.95441085,186
RCE,Flemington Racecourse,2-RCE-vpt-46.2.R,-37.82112223,144.95455065,187
RCE,Flemington Racecourse,2-RCE-vpt-46.2.R,-37.82116071,144.95464445,188
RCE,Flemington Racecourse,2-RCE-vpt-46.2.R,-37.82118338,144.95470404,189
RCE,Flemington Racecourse,2-RCE-vpt-46.2.R,-37.82123088,144.95484496,190
RCE,Flemington Racecourse,2-RCE-vpt-46.2.R,-37.82127913,144.95500779,191
RCE,Flemington Racecourse,2-RCE-vpt-46.2.R,-37.82129852,144.95508621,192
RCE,Flemington Racecourse,2-RCE-vpt-46.2.R,-37.82131523,144.95516107,193
RCE,Flemington Racecourse,2-RCE-vpt-46.2.R,-37.82134283,144.95530788,194
RCE,Flemington Racecourse,2-RCE-vpt-46.2.R,-37.82135638,144.95539771,195
RCE,Flemington Racecourse,2-RCE-vpt-46.2.R,-37.82137846,144.95560568,196
RCE,Flemington Racecourse,2-RCE-vpt-46.2.R,-37.8213848,144.95569559,197
RCE,Flemington Racecourse,2-RCE-vpt-46.2.R,-37.82138946,144.95586553,198
RCE,Flemington Racecourse,2-RCE-vpt-46.2.R,-37.82138892,144.95597995,199
RCE,Flemington Racecourse,2-RCE-vpt-46.2.R,-37.82138212,144.95611248,200
RCE,Flemington Racecourse,2-RCE-vpt-46.2.R,-37.8213671,144.95628547,201
RCE,Flemington Racecourse,2-RCE-vpt-46.2.R,-37.82134816,144.95642447,202
RCE,Flemington Racecourse,2-RCE-vpt-46.2.R,-37.82131587,144.95659975,203
RCE,Flemington Racecourse,2-RCE-vpt-46.2.R,-37.82128452,144.95673535,204
RCE,Flemington Racecourse,2-RCE-vpt-46.2.R,-37.82125533,144.95684465,205
RCE,Flemington Racecourse,2-RCE-vpt-46.2.R,-37.8212033,144.95700911,206
RCE,Flemington Racecourse,2-RCE-vpt-46.2.R,-37.82115488,144.95713711,207
RCE,Flemington Racecourse,2-RCE-vpt-46.2.R,-37.82112296,144.95721445,208
RCE,Flemington Racecourse,2-RCE-vpt-46.2.R,-37.82108533,144.95729944,209
RCE,Flemington Racecourse,2-RCE-vpt-46.2.R,-37.82102183,144.95742604,210
RCE,Flemington Racecourse,2-RCE-vpt-46.2.R,-37.82094462,144.95756734,211
RCE,Flemington Racecourse,2-RCE-vpt-46.2.R,-37.82090513,144.95763386,212
RCE,Flemington Racecourse,2-RCE-vpt-46.2.R,-37.82059936,144.95811704,213
RCE,Flemington Racecourse,2-RCE-vpt-46.2.R,-37.82051318,144.95826108,214
RCE,Flemington Racecourse,2-RCE-vpt-46.2.R,-37.82039877,144.95847099,215
RCE,Flemington Racecourse,2-RCE-vpt-46.2.R,-37.82031908,144.9586361,216
RCE,Flemington Racecourse,2-RCE-vpt-46.2.R,-37.82023781,144.95881908,217
RCE,Flemington Racecourse,2-RCE-vpt-46.2.R,-37.8201525,144.95903887,218
RCE,Flemington Racecourse,2-RCE-vpt-46.2.R,-37.82006841,144.95928805,219
RCE,Flemington Racecourse,2-RCE-vpt-46.2.R,-37.81980144,144.96020059,220
RCE,Flemington Racecourse,2-RCE-vpt-46.2.R,-37.8197386,144.96042305,221
RCE,Flemington Racecourse,2-RCE-vpt-46.2.R,-37.8197037,144.96056715,222
RCE,Flemington Racecourse,2-RCE-vpt-46.2.R,-37.8196628,144.96075515,223
RCE,Flemington Racecourse,2-RCE-vpt-46.2.R,-37.81962892,144.96094274,224
RCE,Flemington Racecourse,2-RCE-vpt-46.2.R,-37.81960597,144.96110071,225
RCE,Flemington Racecourse,2-RCE-vpt-46.2.R,-37.81958824,144.96125831,226
RCE,Flemington Racecourse,2-RCE-vpt-46.2.R,-37.81957484,144.96141056,227
RCE,Flemington Racecourse,2-RCE-vpt-46.2.R,-37.8195591,144.96165206,228
RCE,Flemington Racecourse,2-RCE-vpt-46.2.R,-37.81955327,144.96178355,229
RCE,Flemington Racecourse,2-RCE-vpt-46.2.R,-37.81952751,144.96207065,230
RCE,Flemington Racecourse,2-RCE-vpt-46.2.R,-37.81949176,144.96231167,231
RCE,Flemington Racecourse,2-RCE-vpt-46.2.R,-37.81946946,144.96241885,232
RCE,Flemington Racecourse,2-RCE-vpt-46.2.R,-37.81918598,144.9636657,233
RCE,Flemington Racecourse,2-RCE-vpt-46.2.R,-37.81911804,144.96394203,234
RCE,Flemington Racecourse,2-RCE-vpt-46.2.R,-37.81905421,144.96422211,235
RCE,Flemington Racecourse,2-RCE-vpt-46.2.R,-37.81900816,144.96439401,236
RCE,Flemington Racecourse,2-RCE-vpt-46.2.R,-37.81896712,144.96452214,237
RCE,Flemington Racecourse,2-RCE-vpt-46.2.R,-37.81894169,144.96460997,238
RCE,Flemington Racecourse,2-RCE-vpt-46.2.R,-37.81891072,144.96473181,239
RCE,Flemington Racecourse,2-RCE-vpt-46.2.R,-37.81887806,144.96488028,240
RCE,Flemington Racecourse,2-RCE-vpt-46.2.R,-37.81881314,144.96514948,241
RCE,Flemington Racecourse,2-RCE-vpt-46.2.R,-37.81854269,144.96615592,242
RCE,Flemington Racecourse,2-RCE-vpt-46.2.R,-37.81841774,144.96663863,243
SHM,Sandringham,2-SHM-vpt-1.3.R,-37.95028507,145.00450534,1
SHM,Sandringham,2-SHM-vpt-1.3.R,-37.94909993,145.00473235,2
SHM,Sandringham,2-SHM-vpt-1.3.R,-37.94885024,145.00477655,3
SHM,Sandringham,2-SHM-vpt-1.3.R,-37.94876718,145.00479416,4
SHM,Sandringham,2-SHM-vpt-1.3.R,-37.94764662,145.00500883,5
SHM,Sandringham,2-SHM-vpt-1.3.R,-37.94746694,145.005041,6
SHM,Sandringham,2-SHM-vpt-1.3.R,-37.94522123,145.0054709,7
SHM,Sandringham,2-SHM-vpt-1.3.R,-37.94474133,145.00555967,8
SHM,Sandringham,2-SHM-vpt-1.3.R,-37.94459673,145.00558269,9
SHM,Sandringham,2-SHM-vpt-1.3.R,-37.94437873,145.0056093,10
SHM,Sandringham,2-SHM-vpt-1.3.R,-37.9442105,145.00562625,11
SHM,Sandringham,2-SHM-vpt-1.3.R,-37.94402129,145.0056333,12
SHM,Sandringham,2-SHM-vpt-1.3.R,-37.94385613,145.00563458,13
SHM,Sandringham,2-SHM-vpt-1.3.R,-37.94377291,145.00563239,14
SHM,Sandringham,2-SHM-vpt-1.3.R,-37.94368453,145.00562864,15
SHM,Sandringham,2-SHM-vpt-1.3.R,-37.94351491,145.00561627,16
SHM,Sandringham,2-SHM-vpt-1.3.R,-37.94329313,145.00558949,17
SHM,Sandringham,2-SHM-vpt-1.3.R,-37.94310731,145.00555799,18
SHM,Sandringham,2-SHM-vpt-1.3.R,-37.94290109,145.00551338,19
SHM,Sandringham,2-SHM-vpt-1.3.R,-37.94274486,145.005473,20
SHM,Sandringham,2-SHM-vpt-1.3.R,-37.9425563,145.00541745,21
SHM,Sandringham,2-SHM-vpt-1.3.R,-37.94233146,145.00533784,22
SHM,Sandringham,2-SHM-vpt-1.3.R,-37.94218254,145.00527644,23
SHM,Sandringham,2-SHM-vpt-1.3.R,-37.94211434,145.00524551,24
SHM,Sandringham,2-SHM-vpt-1.3.R,-37.9420246,145.0052039,25
SHM,Sandringham,2-SHM-vpt-1.3.R,-37.94184337,145.00511367,26
SHM,Sandringham,2-SHM-vpt-1.3.R,-37.94171959,145.00504658,27
SHM,Sandringham,2-SHM-vpt-1.3.R,-37.94153764,145.00494044,28
SHM,Sandringham,2-SHM-vpt-1.3.R,-37.94135914,145.00482476,29
SHM,Sandringham,2-SHM-vpt-1.3.R,-37.941246,145.00474771,30
SHM,Sandringham,2-SHM-vpt-1.3.R,-37.94115502,145.00468087,31
SHM,Sandringham,2-SHM-vpt-1.3.R,-37.94103652,145.00459077,32
SHM,Sandringham,2-SHM-vpt-1.3.R,-37.94095547,145.00452492,33
SHM,Sandringham,2-SHM-vpt-1.3.R,-37.94080158,145.00439356,34
SHM,Sandringham,2-SHM-vpt-1.3.R,-37.94066123,145.0042641,35
SHM,Sandringham,2-SHM-vpt-1.3.R,-37.94047028,145.00407344,36
SHM,Sandringham,2-SHM-vpt-1.3.R,-37.94038649,145.00398388,37
SHM,Sandringham,2-SHM-vpt-1.3.R,-37.94004429,145.00361035,38
SHM,Sandringham,2-SHM-vpt-1.3.R,-37.93909481,145.00255859,39
SHM,Sandringham,2-SHM-vpt-1.3.R,-37.93882413,145.0022637,40
SHM,Sandringham,2-SHM-vpt-1.3.R,-37.93873101,145.00215585,41
SHM,Sandringham,2-SHM-vpt-1.3.R,-37.93814806,145.00150951,42
SHM,Sandringham,2-SHM-vpt-1.3.R,-37.93581811,144.99892843,43
SHM,Sandringham,2-SHM-vpt-1.3.R,-37.93560066,144.99868503,44
SHM,Sandringham,2-SHM-vpt-1.3.R,-37.93460269,144.99758226,45
SHM,Sandringham,2-SHM-vpt-1.3.R,-37.93444931,144.99740745,46
SHM,Sandringham,2-SHM-vpt-1.3.R,-37.93438176,144.99732485,47
SHM,Sandringham,2-SHM-vpt-1.3.R,-37.93426334,144.99717116,48
SHM,Sandringham,2-SHM-vpt-1.3.R,-37.93420087,144.99708525,49
SHM,Sandringham,2-SHM-vpt-1.3.R,-37.93406191,144.99687375,50
SHM,Sandringham,2-SHM-vpt-1.3.R,-37.9339576,144.99669613,51
SHM,Sandringham,2-SHM-vpt-1.3.R,-37.9338853,144.99656224,52
SHM,Sandringham,2-SHM-vpt-1.3.R,-37.93374259,144.9962737,53
SHM,Sandringham,2-SHM-vpt-1.3.R,-37.93363822,144.99605603,54
SHM,Sandringham,2-SHM-vpt-1.3.R,-37.93314444,144.99500687,55
SHM,Sandringham,2-SHM-vpt-1.3.R,-37.93300096,144.9947204,56
SHM,Sandringham,2-SHM-vpt-1.3.R,-37.93294421,144.99461602,57
SHM,Sandringham,2-SHM-vpt-1.3.R,-37.93287846,144.99450221,58
SHM,Sandringham,2-SHM-vpt-1.3.R,-37.93275643,144.99430539,59
SHM,Sandringham,2-SHM-vpt-1.3.R,-37.93263498,144.99413267,60
SHM,Sandringham,2-SHM-vpt-1.3.R,-37.93258549,144.99406826,61
SHM,Sandringham,2-SHM-vpt-1.3.R,-37.93243871,144.99388998,62
SHM,Sandringham,2-SHM-vpt-1.3.R,-37.93237284,144.99381645,63
SHM,Sandringham,2-SHM-vpt-1.3.R,-37.93224933,144.99368668,64
SHM,Sandringham,2-SHM-vpt-1.3.R,-37.93218414,144.9936211,65
SHM,Sandringham,2-SHM-vpt-1.3.R,-37.93199692,144.99344369,66
SHM,Sandringham,2-SHM-vpt-1.3.R,-37.9305378,144.99210499,67
SHM,Sandringham,2-SHM-vpt-1.3.R,-37.93037031,144.9919489,68
SHM,Sandringham,2-SHM-vpt-1.3.R,-37.93020518,144.99178831,69
SHM,Sandringham,2-SHM-vpt-1.3.R,-37.93010896,144.99168944,70
SHM,Sandringham,2-SHM-vpt-1.3.R,-37.9298871,144.99145246,71
SHM,Sandringham,2-SHM-vpt-1.3.R,-37.92880541,144.99025317,72
SHM,Sandringham,2-SHM-vpt-1.3.R,-37.92864226,144.99007728,73
SHM,Sandringham,2-SHM-vpt-1.3.R,-37.92848863,144.98992537,74
SHM,Sandringham,2-SHM-vpt-1.3.R,-37.92841266,144.98985656,75
SHM,Sandringham,2-SHM-vpt-1.3.R,-37.92828304,144.98974905,76
SHM,Sandringham,2-SHM-vpt-1.3.R,-37.92819582,144.98968135,77
SHM,Sandringham,2-SHM-vpt-1.3.R,-37.92804442,144.98957557,78
SHM,Sandringham,2-SHM-vpt-1.3.R,-37.9279669,144.98952705,79
SHM,Sandringham,2-SHM-vpt-1.3.R,-37.92783202,144.98944915,80
SHM,Sandringham,2-SHM-vpt-1.3.R,-37.92777391,144.98941843,81
SHM,Sandringham,2-SHM-vpt-1.3.R,-37.92760882,144.9893451,82
SHM,Sandringham,2-SHM-vpt-1.3.R,-37.92751062,144.98930955,83
SHM,Sandringham,2-SHM-vpt-1.3.R,-37.92742336,144.9892819,84
SHM,Sandringham,2-SHM-vpt-1.3.R,-37.92736089,144.98926494,85
SHM,Sandringham,2-SHM-vpt-1.3.R,-37.92730057,144.98925225,86
SHM,Sandringham,2-SHM-vpt-1.3.R,-37.92713893,144.98922775,87
SHM,Sandringham,2-SHM-vpt-1.3.R,-37.92704851,144.98922009,88
SHM,Sandringham,2-SHM-vpt-1.3.R,-37.92687302,144.98921338,89
SHM,Sandringham,2-SHM-vpt-1.3.R,-37.92670503,144.9892175,90
SHM,Sandringham,2-SHM-vpt-1.3.R,-37.92659764,144.98922464,91
SHM,Sandringham,2-SHM-vpt-1.3.R,-37.92642616,144.98924615,92
SHM,Sandringham,2-SHM-vpt-1.3.R,-37.92635166,144.9892583,93
SHM,Sandringham,2-SHM-vpt-1.3.R,-37.9262505,144.98927653,94
SHM,Sandringham,2-SHM-vpt-1.3.R,-37.92609319,144.98931529,95
SHM,Sandringham,2-SHM-vpt-1.3.R,-37.9259043,144.989373,96
SHM,Sandringham,2-SHM-vpt-1.3.R,-37.92581554,144.98940533,97
SHM,Sandringham,2-SHM-vpt-1.3.R,-37.92564371,144.98947475,98
SHM,Sandringham,2-SHM-vpt-1.3.R,-37.92525208,144.98964435,99
SHM,Sandringham,2-SHM-vpt-1.3.R,-37.9251355,144.98970452,100
SHM,Sandringham,2-SHM-vpt-1.3.R,-37.92413708,144.99031498,101
SHM,Sandringham,2-SHM-vpt-1.3.R,-37.92405821,144.99035592,102
SHM,Sandringham,2-SHM-vpt-1.3.R,-37.92388623,144.99043284,103
SHM,Sandringham,2-SHM-vpt-1.3.R,-37.9238419,144.99045476,104
SHM,Sandringham,2-SHM-vpt-1.3.R,-37.92373943,144.99051192,105
SHM,Sandringham,2-SHM-vpt-1.3.R,-37.91995399,144.9928238,106
SHM,Sandringham,2-SHM-vpt-1.3.R,-37.91697424,144.99463898,107
SHM,Sandringham,2-SHM-vpt-1.3.R,-37.91679798,144.99475058,108
SHM,Sandringham,2-SHM-vpt-1.3.R,-37.9166779,144.99483256,109
SHM,Sandringham,2-SHM-vpt-1.3.R,-37.91651573,144.99494605,110
SHM,Sandringham,2-SHM-vpt-1.3.R,-37.91637364,144.99505286,111
SHM,Sandringham,2-SHM-vpt-1.3.R,-37.91618284,144.99521058,112
SHM,Sandringham,2-SHM-vpt-1.3.R,-37.91597572,144.99539377,113
SHM,Sandringham,2-SHM-vpt-1.3.R,-37.91589586,144.99546669,114
SHM,Sandringham,2-SHM-vpt-1.3.R,-37.91573083,144.99562405,115
SHM,Sandringham,2-SHM-vpt-1.3.R,-37.91557199,144.99578455,116
SHM,Sandringham,2-SHM-vpt-1.3.R,-37.91548514,144.99587586,117
SHM,Sandringham,2-SHM-vpt-1.3.R,-37.91534744,144.99602906,118
SHM,Sandringham,2-SHM-vpt-1.3.R,-37.91507366,144.99634635,119
SHM,Sandringham,2-SHM-vpt-1.3.R,-37.91244263,144.99940245,120
SHM,Sandringham,2-SHM-vpt-1.3.R,-37.91217598,144.9997053,121
SHM,Sandringham,2-SHM-vpt-1.3.R,-37.91203133,144.99986345,122
SHM,Sandringham,2-SHM-vpt-1.3.R,-37.91192854,144.99997123,123
SHM,Sandringham,2-SHM-vpt-1.3.R,-37.91167044,145.0002255,124
SHM,Sandringham,2-SHM-vpt-1.3.R,-37.91159397,145.00029673,125
SHM,Sandringham,2-SHM-vpt-1.3.R,-37.91148528,145.00039169,126
SHM,Sandringham,2-SHM-vpt-1.3.R,-37.91128937,145.00055635,127
SHM,Sandringham,2-SHM-vpt-1.3.R,-37.91109454,145.0007104,128
SHM,Sandringham,2-SHM-vpt-1.3.R,-37.91085871,145.00088024,129
SHM,Sandringham,2-SHM-vpt-1.3.R,-37.91066257,145.00100987,130
SHM,Sandringham,2-SHM-vpt-1.3.R,-37.91050837,145.00110515,131
SHM,Sandringham,2-SHM-vpt-1.3.R,-37.91032962,145.00120826,132
SHM,Sandringham,2-SHM-vpt-1.3.R,-37.91007233,145.00134569,133
SHM,Sandringham,2-SHM-vpt-1.3.R,-37.90987294,145.00144333,134
SHM,Sandringham,2-SHM-vpt-1.3.R,-37.90961749,145.00155693,135
SHM,Sandringham,2-SHM-vpt-1.3.R,-37.90945206,145.00162192,136
SHM,Sandringham,2-SHM-vpt-1.3.R,-37.90920392,145.00170939,137
SHM,Sandringham,2-SHM-vpt-1.3.R,-37.90910283,145.00174215,138
SHM,Sandringham,2-SHM-vpt-1.3.R,-37.90883571,145.00181569,139
SHM,Sandringham,2-SHM-vpt-1.3.R,-37.90864013,145.00186216,140
SHM,Sandringham,2-SHM-vpt-1.3.R,-37.90844763,145.00190388,141
SHM,Sandringham,2-SHM-vpt-1.3.R,-37.90813813,145.00196525,142
SHM,Sandringham,2-SHM-vpt-1.3.R,-37.9074704,145.00209444,143
SHM,Sandringham,2-SHM-vpt-1.3.R,-37.90651477,145.00227349,144
SHM,Sandringham,2-SHM-vpt-1.3.R,-37.90571798,145.00242846,145
SHM,Sandringham,2-SHM-vpt-1.3.R,-37.90551051,145.00246478,146
SHM,Sandringham,2-SHM-vpt-1.3.R,-37.90470193,145.00262085,147
SHM,Sandringham,2-SHM-vpt-1.3.R,-37.90394177,145.00276787,148
SHM,Sandringham,2-SHM-vpt-1.3.R,-37.90354253,145.00284077,149
SHM,Sandringham,2-SHM-vpt-1.3.R,-37.9031591,145.00291619,150
SHM,Sandringham,2-SHM-vpt-1.3.R,-37.89893704,145.00371904,151
SHM,Sandringham,2-SHM-vpt-1.3.R,-37.89715269,145.00406248,152
SHM,Sandringham,2-SHM-vpt-1.3.R,-37.89661886,145.00415946,153
SHM,Sandringham,2-SHM-vpt-1.3.R,-37.89662753,145.00416036,154
SHM,Sandringham,2-SHM-vpt-1.3.R,-37.89604013,145.00426004,155
SHM,Sandringham,2-SHM-vpt-1.3.R,-37.89399614,145.00464571,156
SHM,Sandringham,2-SHM-vpt-1.3.R,-37.89375632,145.00468164,157
SHM,Sandringham,2-SHM-vpt-1.3.R,-37.89351767,145.00470696,158
SHM,Sandringham,2-SHM-vpt-1.3.R,-37.89330396,145.00472035,159
SHM,Sandringham,2-SHM-vpt-1.3.R,-37.89302972,145.00473015,160
SHM,Sandringham,2-SHM-vpt-1.3.R,-37.89275578,145.00473129,161
SHM,Sandringham,2-SHM-vpt-1.3.R,-37.89251133,145.00472311,162
SHM,Sandringham,2-SHM-vpt-1.3.R,-37.89225933,145.00471001,163
SHM,Sandringham,2-SHM-vpt-1.3.R,-37.89192274,145.0046785,164
SHM,Sandringham,2-SHM-vpt-1.3.R,-37.891611,145.00463415,165
SHM,Sandringham,2-SHM-vpt-1.3.R,-37.89126152,145.00457013,166
SHM,Sandringham,2-SHM-vpt-1.3.R,-37.89095965,145.00450266,167
SHM,Sandringham,2-SHM-vpt-1.3.R,-37.89074839,145.00444764,168
SHM,Sandringham,2-SHM-vpt-1.3.R,-37.89044626,145.00435949,169
SHM,Sandringham,2-SHM-vpt-1.3.R,-37.89021073,145.00428682,170
SHM,Sandringham,2-SHM-vpt-1.3.R,-37.88971503,145.00412441,171
SHM,Sandringham,2-SHM-vpt-1.3.R,-37.88942763,145.00402255,172
SHM,Sandringham,2-SHM-vpt-1.3.R,-37.88920638,145.00393699,173
SHM,Sandringham,2-SHM-vpt-1.3.R,-37.88896197,145.00382442,174
SHM,Sandringham,2-SHM-vpt-1.3.R,-37.88878578,145.00373355,175
SHM,Sandringham,2-SHM-vpt-1.3.R,-37.88854856,145.00359373,176
SHM,Sandringham,2-SHM-vpt-1.3.R,-37.88837955,145.00348515,177
SHM,Sandringham,2-SHM-vpt-1.3.R,-37.88813294,145.00331761,178
SHM,Sandringham,2-SHM-vpt-1.3.R,-37.88770981,145.00302351,179
SHM,Sandringham,2-SHM-vpt-1.3.R,-37.88706133,145.00255652,180
SHM,Sandringham,2-SHM-vpt-1.3.R,-37.88641403,145.00207962,181
SHM,Sandringham,2-SHM-vpt-1.3.R,-37.88618609,145.0018968,182
SHM,Sandringham,2-SHM-vpt-1.3.R,-37.8857379,145.00151265,183
SHM,Sandringham,2-SHM-vpt-1.3.R,-37.88550204,145.0013255,184
SHM,Sandringham,2-SHM-vpt-1.3.R,-37.88524714,145.00113682,185
SHM,Sandringham,2-SHM-vpt-1.3.R,-37.88477315,145.00079386,186
SHM,Sandringham,2-SHM-vpt-1.3.R,-37.88472854,145.00076175,187
SHM,Sandringham,2-SHM-vpt-1.3.R,-37.88442956,145.00056199,188
SHM,Sandringham,2-SHM-vpt-1.3.R,-37.88410569,145.00035585,189
SHM,Sandringham,2-SHM-vpt-1.3.R,-37.88130849,144.9983066,190
SHM,Sandringham,2-SHM-vpt-1.3.R,-37.88096376,144.99805011,191
SHM,Sandringham,2-SHM-vpt-1.3.R,-37.88042198,144.99765866,192
SHM,Sandringham,2-SHM-vpt-1.3.R,-37.88024548,144.99753394,193
SHM,Sandringham,2-SHM-vpt-1.3.R,-37.87993438,144.99732111,194
SHM,Sandringham,2-SHM-vpt-1.3.R,-37.87957607,144.99708808,195
SHM,Sandringham,2-SHM-vpt-1.3.R,-37.87938593,144.99697169,196
SHM,Sandringham,2-SHM-vpt-1.3.R,-37.87920901,144.99686983,197
SHM,Sandringham,2-SHM-vpt-1.3.R,-37.87899861,144.99675513,198
SHM,Sandringham,2-SHM-vpt-1.3.R,-37.87872257,144.99661162,199
SHM,Sandringham,2-SHM-vpt-1.3.R,-37.87827188,144.99638315,200
SHM,Sandringham,2-SHM-vpt-1.3.R,-37.87801534,144.99625742,201
SHM,Sandringham,2-SHM-vpt-1.3.R,-37.87595338,144.99522107,202
SHM,Sandringham,2-SHM-vpt-1.3.R,-37.87595365,144.99522084,203
SHM,Sandringham,2-SHM-vpt-1.3.R,-37.87712128,144.99580676,204
SHM,Sandringham,2-SHM-vpt-1.3.R,-37.87731919,144.99590815,205
SHM,Sandringham,2-SHM-vpt-1.3.R,-37.87851359,144.99650564,206
SHM,Sandringham,2-SHM-vpt-1.3.R,-37.87881812,144.99666042,207
SHM,Sandringham,2-SHM-vpt-1.3.R,-37.87902226,144.99676756,208
SHM,Sandringham,2-SHM-vpt-1.3.R,-37.87922876,144.99688135,209
SHM,Sandringham,2-SHM-vpt-1.3.R,-37.87950184,144.99704165,210
SHM,Sandringham,2-SHM-vpt-1.3.R,-37.87978126,144.99721997,211
SHM,Sandringham,2-SHM-vpt-1.3.R,-37.87996311,144.99734114,212
SHM,Sandringham,2-SHM-vpt-1.3.R,-37.88038384,144.99763115,213
SHM,Sandringham,2-SHM-vpt-1.3.R,-37.88056561,144.99775834,214
SHM,Sandringham,2-SHM-vpt-1.3.R,-37.88072037,144.99787092,215
SHM,Sandringham,2-SHM-vpt-1.3.R,-37.88124414,144.99825866,216
SHM,Sandringham,2-SHM-vpt-1.3.R,-37.88238441,144.99909657,217
SHM,Sandringham,2-SHM-vpt-1.3.R,-37.88401804,145.00029398,218
SHM,Sandringham,2-SHM-vpt-1.3.R,-37.88411024,145.00035846,219
SHM,Sandringham,2-SHM-vpt-1.3.R,-37.88442414,145.00056646,220
SHM,Sandringham,2-SHM-vpt-1.3.R,-37.88472275,145.00076066,221
SHM,Sandringham,2-SHM-vpt-1.3.R,-37.88492414,145.00090223,222
SHM,Sandringham,2-SHM-vpt-1.3.R,-37.88531932,145.0011899,223
SHM,Sandringham,2-SHM-vpt-1.3.R,-37.88553684,145.00135265,224
SHM,Sandringham,2-SHM-vpt-1.3.R,-37.88566106,145.0014506,225
SHM,Sandringham,2-SHM-vpt-1.3.R,-37.88583309,145.00159365,226
SHM,Sandringham,2-SHM-vpt-1.3.R,-37.88618443,145.00189446,227
SHM,Sandringham,2-SHM-vpt-1.3.R,-37.88627437,145.00196923,228
SHM,Sandringham,2-SHM-vpt-1.3.R,-37.88639649,145.00206531,229
SHM,Sandringham,2-SHM-vpt-1.3.R,-37.88673394,145.00231805,230
SHM,Sandringham,2-SHM-vpt-1.3.R,-37.8870902,145.00257973,231
SHM,Sandringham,2-SHM-vpt-1.3.R,-37.88772193,145.00303159,232
SHM,Sandringham,2-SHM-vpt-1.3.R,-37.88776534,145.00306681,233
SHM,Sandringham,2-SHM-vpt-1.3.R,-37.88795681,145.00323504,234
SHM,Sandringham,2-SHM-vpt-1.3.R,-37.88801628,145.00328255,235
SHM,Sandringham,2-SHM-vpt-1.3.R,-37.88745393,145.00289374,236
SHM,Sandringham,2-SHM-vpt-1.3.R,-37.88712979,145.00266099,237
SHM,Sandringham,2-SHM-vpt-1.3.R,-37.8859671,145.00180607,238
SHM,Sandringham,2-SHM-vpt-1.3.R,-37.88525681,145.00128699,239
SHM,Sandringham,2-SHM-vpt-1.3.R,-37.88508264,145.00115594,240
SHM,Sandringham,2-SHM-vpt-1.3.R,-37.884777,145.00093543,241
SHM,Sandringham,2-SHM-vpt-1.3.R,-37.88471777,145.00089155,242
SHM,Sandringham,2-SHM-vpt-1.3.R,-37.88457658,145.00077655,243
SHM,Sandringham,2-SHM-vpt-1.3.R,-37.88440423,145.00065148,244
SHM,Sandringham,2-SHM-vpt-1.3.R,-37.88383959,145.00021887,245
SHM,Sandringham,2-SHM-vpt-1.3.R,-37.88366682,145.00009052,246
SHM,Sandringham,2-SHM-vpt-1.3.R,-37.88307392,144.99965448,247
SHM,Sandringham,2-SHM-vpt-1.3.R,-37.88242802,144.99917554,248
SHM,Sandringham,2-SHM-vpt-1.3.R,-37.88171431,144.99865195,249
SHM,Sandringham,2-SHM-vpt-1.3.R,-37.88160028,144.99857078,250
SHM,Sandringham,2-SHM-vpt-1.3.R,-37.88050321,144.99776117,251
SHM,Sandringham,2-SHM-vpt-1.3.R,-37.88021243,144.99755655,252
SHM,Sandringham,2-SHM-vpt-1.3.R,-37.87991001,144.99735065,253
SHM,Sandringham,2-SHM-vpt-1.3.R,-37.87965129,144.99718166,254
SHM,Sandringham,2-SHM-vpt-1.3.R,-37.87946083,144.99706255,255
SHM,Sandringham,2-SHM-vpt-1.3.R,-37.87932928,144.99698436,256
SHM,Sandringham,2-SHM-vpt-1.3.R,-37.87915346,144.99688396,257
SHM,Sandringham,2-SHM-vpt-1.3.R,-37.8789619,144.99677977,258
SHM,Sandringham,2-SHM-vpt-1.3.R,-37.87875098,144.99667066,259
SHM,Sandringham,2-SHM-vpt-1.3.R,-37.87670338,144.99564118,260
SHM,Sandringham,2-SHM-vpt-1.3.R,-37.87315828,144.99386555,261
SHM,Sandringham,2-SHM-vpt-1.3.R,-37.8729038,144.99374467,262
SHM,Sandringham,2-SHM-vpt-1.3.R,-37.87275288,144.99367748,263
SHM,Sandringham,2-SHM-vpt-1.3.R,-37.87256268,144.99360056,264
SHM,Sandringham,2-SHM-vpt-1.3.R,-37.87235446,144.99352879,265
SHM,Sandringham,2-SHM-vpt-1.3.R,-37.87211094,144.99345889,266
SHM,Sandringham,2-SHM-vpt-1.3.R,-37.87185893,144.99340309,267
SHM,Sandringham,2-SHM-vpt-1.3.R,-37.87169072,144.99337377,268
SHM,Sandringham,2-SHM-vpt-1.3.R,-37.87150711,144.99335034,269
SHM,Sandringham,2-SHM-vpt-1.3.R,-37.8713935,144.99334137,270
SHM,Sandringham,2-SHM-vpt-1.3.R,-37.8711468,144.9933334,271
SHM,Sandringham,2-SHM-vpt-1.3.R,-37.87104209,144.99333328,272
SHM,Sandringham,2-SHM-vpt-1.3.R,-37.87087993,144.99333677,273
SHM,Sandringham,2-SHM-vpt-1.3.R,-37.87074588,144.99334462,274
SHM,Sandringham,2-SHM-vpt-1.3.R,-37.87061409,144.99335808,275
SHM,Sandringham,2-SHM-vpt-1.3.R,-37.87047957,144.99337549,276
SHM,Sandringham,2-SHM-vpt-1.3.R,-37.87026448,144.99340815,277
SHM,Sandringham,2-SHM-vpt-1.3.R,-37.86933942,144.99357683,278
SHM,Sandringham,2-SHM-vpt-1.3.R,-37.87026448,144.99340815,279
SHM,Sandringham,2-SHM-vpt-1.3.R,-37.87047957,144.99337549,280
SHM,Sandringham,2-SHM-vpt-1.3.R,-37.87061409,144.99335808,281
SHM,Sandringham,2-SHM-vpt-1.3.R,-37.87074588,144.99334462,282
SHM,Sandringham,2-SHM-vpt-1.3.R,-37.87087993,144.99333677,283
SHM,Sandringham,2-SHM-vpt-1.3.R,-37.87104209,144.99333328,284
SHM,Sandringham,2-SHM-vpt-1.3.R,-37.8711468,144.9933334,285
SHM,Sandringham,2-SHM-vpt-1.3.R,-37.8713935,144.99334137,286
SHM,Sandringham,2-SHM-vpt-1.3.R,-37.87150711,144.99335034,287
SHM,Sandringham,2-SHM-vpt-1.3.R,-37.87169072,144.99337377,288
SHM,Sandringham,2-SHM-vpt-1.3.R,-37.87185893,144.99340309,289
SHM,Sandringham,2-SHM-vpt-1.3.R,-37.87211094,144.99345889,290
SHM,Sandringham,2-SHM-vpt-1.3.R,-37.87235446,144.99352879,291
SHM,Sandringham,2-SHM-vpt-1.3.R,-37.87256268,144.99360056,292
SHM,Sandringham,2-SHM-vpt-1.3.R,-37.87275288,144.99367748,293
SHM,Sandringham,2-SHM-vpt-1.3.R,-37.8729038,144.99374467,294
SHM,Sandringham,2-SHM-vpt-1.3.R,-37.87315828,144.99386555,295
SHM,Sandringham,2-SHM-vpt-1.3.R,-37.87670338,144.99564118,296
SHM,Sandringham,2-SHM-vpt-1.3.R,-37.87875098,144.99667066,297
SHM,Sandringham,2-SHM-vpt-1.3.R,-37.8789619,144.99677977,298
SHM,Sandringham,2-SHM-vpt-1.3.R,-37.87915346,144.99688396,299
SHM,Sandringham,2-SHM-vpt-1.3.R,-37.87932928,144.99698436,300
SHM,Sandringham,2-SHM-vpt-1.3.R,-37.87946083,144.99706255,301
SHM,Sandringham,2-SHM-vpt-1.3.R,-37.87965129,144.99718166,302
SHM,Sandringham,2-SHM-vpt-1.3.R,-37.87991001,144.99735065,303
SHM,Sandringham,2-SHM-vpt-1.3.R,-37.88021243,144.99755655,304
SHM,Sandringham,2-SHM-vpt-1.3.R,-37.88050321,144.99776117,305
SHM,Sandringham,2-SHM-vpt-1.3.R,-37.88160028,144.99857078,306
SHM,Sandringham,2-SHM-vpt-1.3.R,-37.88171431,144.99865195,307
SHM,Sandringham,2-SHM-vpt-1.3.R,-37.88242802,144.99917554,308
SHM,Sandringham,2-SHM-vpt-1.3.R,-37.88307392,144.99965448,309
SHM,Sandringham,2-SHM-vpt-1.3.R,-37.88366682,145.00009052,310
SHM,Sandringham,2-SHM-vpt-1.3.R,-37.88383959,145.00021887,311
SHM,Sandringham,2-SHM-vpt-1.3.R,-37.88440423,145.00065148,312
SHM,Sandringham,2-SHM-vpt-1.3.R,-37.88457658,145.00077655,313
SHM,Sandringham,2-SHM-vpt-1.3.R,-37.88471777,145.00089155,314
SHM,Sandringham,2-SHM-vpt-1.3.R,-37.884777,145.00093543,315
SHM,Sandringham,2-SHM-vpt-1.3.R,-37.88508264,145.00115594,316
SHM,Sandringham,2-SHM-vpt-1.3.R,-37.88525681,145.00128699,317
SHM,Sandringham,2-SHM-vpt-1.3.R,-37.8859671,145.00180607,318
SHM,Sandringham,2-SHM-vpt-1.3.R,-37.88712979,145.00266099,319
SHM,Sandringham,2-SHM-vpt-1.3.R,-37.88745393,145.00289374,320
SHM,Sandringham,2-SHM-vpt-1.3.R,-37.88801628,145.00328255,321
SHM,Sandringham,2-SHM-vpt-1.3.R,-37.88795681,145.00323504,322
SHM,Sandringham,2-SHM-vpt-1.3.R,-37.88776534,145.00306681,323
SHM,Sandringham,2-SHM-vpt-1.3.R,-37.88772193,145.00303159,324
SHM,Sandringham,2-SHM-vpt-1.3.R,-37.8870902,145.00257973,325
SHM,Sandringham,2-SHM-vpt-1.3.R,-37.88673394,145.00231805,326
SHM,Sandringham,2-SHM-vpt-1.3.R,-37.88639649,145.00206531,327
SHM,Sandringham,2-SHM-vpt-1.3.R,-37.88627437,145.00196923,328
SHM,Sandringham,2-SHM-vpt-1.3.R,-37.88618443,145.00189446,329
SHM,Sandringham,2-SHM-vpt-1.3.R,-37.88583309,145.00159365,330
SHM,Sandringham,2-SHM-vpt-1.3.R,-37.88566106,145.0014506,331
SHM,Sandringham,2-SHM-vpt-1.3.R,-37.88553684,145.00135265,332
SHM,Sandringham,2-SHM-vpt-1.3.R,-37.88531932,145.0011899,333
SHM,Sandringham,2-SHM-vpt-1.3.R,-37.88492414,145.00090223,334
SHM,Sandringham,2-SHM-vpt-1.3.R,-37.88472275,145.00076066,335
SHM,Sandringham,2-SHM-vpt-1.3.R,-37.88442414,145.00056646,336
SHM,Sandringham,2-SHM-vpt-1.3.R,-37.88411024,145.00035846,337
SHM,Sandringham,2-SHM-vpt-1.3.R,-37.88401804,145.00029398,338
SHM,Sandringham,2-SHM-vpt-1.3.R,-37.88238441,144.99909657,339
SHM,Sandringham,2-SHM-vpt-1.3.R,-37.88056561,144.99775834,340
SHM,Sandringham,2-SHM-vpt-1.3.R,-37.88013934,144.99746098,341
SHM,Sandringham,2-SHM-vpt-1.3.R,-37.87996311,144.99734114,342
SHM,Sandringham,2-SHM-vpt-1.3.R,-37.87978126,144.99721997,343
SHM,Sandringham,2-SHM-vpt-1.3.R,-37.87950184,144.99704165,344
SHM,Sandringham,2-SHM-vpt-1.3.R,-37.87935453,144.99695378,345
SHM,Sandringham,2-SHM-vpt-1.3.R,-37.87913359,144.99682788,346
SHM,Sandringham,2-SHM-vpt-1.3.R,-37.87902226,144.99676756,347
SHM,Sandringham,2-SHM-vpt-1.3.R,-37.87869794,144.99659899,348
SHM,Sandringham,2-SHM-vpt-1.3.R,-37.8745738,144.99452906,349
SHM,Sandringham,2-SHM-vpt-1.3.R,-37.87315652,144.99381489,350
SHM,Sandringham,2-SHM-vpt-1.3.R,-37.8729097,144.99369926,351
SHM,Sandringham,2-SHM-vpt-1.3.R,-37.87281174,144.99365679,352
SHM,Sandringham,2-SHM-vpt-1.3.R,-37.87262318,144.99358107,353
SHM,Sandringham,2-SHM-vpt-1.3.R,-37.87245051,144.99351755,354
SHM,Sandringham,2-SHM-vpt-1.3.R,-37.87226006,144.99345723,355
SHM,Sandringham,2-SHM-vpt-1.3.R,-37.87204974,144.99339984,356
SHM,Sandringham,2-SHM-vpt-1.3.R,-37.8719703,144.99338142,357
SHM,Sandringham,2-SHM-vpt-1.3.R,-37.87178573,144.99334357,358
SHM,Sandringham,2-SHM-vpt-1.3.R,-37.87160691,144.99331591,359
SHM,Sandringham,2-SHM-vpt-1.3.R,-37.87152032,144.99330587,360
SHM,Sandringham,2-SHM-vpt-1.3.R,-37.87143638,144.99329826,361
SHM,Sandringham,2-SHM-vpt-1.3.R,-37.87125413,144.9932907,362
SHM,Sandringham,2-SHM-vpt-1.3.R,-37.87108061,144.99328824,363
SHM,Sandringham,2-SHM-vpt-1.3.R,-37.87093484,144.99329072,364
SHM,Sandringham,2-SHM-vpt-1.3.R,-37.87066436,144.99330954,365
SHM,Sandringham,2-SHM-vpt-1.3.R,-37.87051532,144.99332609,366
SHM,Sandringham,2-SHM-vpt-1.3.R,-37.87040976,144.99334009,367
SHM,Sandringham,2-SHM-vpt-1.3.R,-37.87027198,144.99336202,368
SHM,Sandringham,2-SHM-vpt-1.3.R,-37.86979394,144.99344854,369
SHM,Sandringham,2-SHM-vpt-1.3.R,-37.86892223,144.99361156,370
SHM,Sandringham,2-SHM-vpt-1.3.R,-37.86787651,144.99380226,371
SHM,Sandringham,2-SHM-vpt-1.3.R,-37.86728238,144.99391398,372
SHM,Sandringham,2-SHM-vpt-1.3.R,-37.86613753,144.9941202,373
SHM,Sandringham,2-SHM-vpt-1.3.R,-37.86406457,144.99450674,374
SHM,Sandringham,2-SHM-vpt-1.3.R,-37.86251153,144.9947896,375
SHM,Sandringham,2-SHM-vpt-1.3.R,-37.86208854,144.99487006,376
SHM,Sandringham,2-SHM-vpt-1.3.R,-37.86171433,144.99493624,377
SHM,Sandringham,2-SHM-vpt-1.3.R,-37.86147846,144.99496605,378
SHM,Sandringham,2-SHM-vpt-1.3.R,-37.86132592,144.9949786,379
SHM,Sandringham,2-SHM-vpt-1.3.R,-37.86125198,144.99498128,380
SHM,Sandringham,2-SHM-vpt-1.3.R,-37.86110857,144.99498437,381
SHM,Sandringham,2-SHM-vpt-1.3.R,-37.86094624,144.99498275,382
SHM,Sandringham,2-SHM-vpt-1.3.R,-37.86079038,144.99497492,383
SHM,Sandringham,2-SHM-vpt-1.3.R,-37.86071629,144.99496897,384
SHM,Sandringham,2-SHM-vpt-1.3.R,-37.86063631,144.99496057,385
SHM,Sandringham,2-SHM-vpt-1.3.R,-37.86041681,144.9949306,386
SHM,Sandringham,2-SHM-vpt-1.3.R,-37.86026197,144.99490286,387
SHM,Sandringham,2-SHM-vpt-1.3.R,-37.86018507,144.99488573,388
SHM,Sandringham,2-SHM-vpt-1.3.R,-37.86003849,144.99485083,389
SHM,Sandringham,2-SHM-vpt-1.3.R,-37.85989819,144.99481428,390
SHM,Sandringham,2-SHM-vpt-1.3.R,-37.8597708,144.99477465,391
SHM,Sandringham,2-SHM-vpt-1.3.R,-37.85962641,144.9947256,392
SHM,Sandringham,2-SHM-vpt-1.3.R,-37.85946949,144.99466597,393
SHM,Sandringham,2-SHM-vpt-1.3.R,-37.8593397,144.99461141,394
SHM,Sandringham,2-SHM-vpt-1.3.R,-37.85920191,144.99454842,395
SHM,Sandringham,2-SHM-vpt-1.3.R,-37.8590935,144.99449521,396
SHM,Sandringham,2-SHM-vpt-1.3.R,-37.85893534,144.9944105,397
SHM,Sandringham,2-SHM-vpt-1.3.R,-37.85879856,144.99433237,398
SHM,Sandringham,2-SHM-vpt-1.3.R,-37.85856881,144.99418731,399
SHM,Sandringham,2-SHM-vpt-1.3.R,-37.85823599,144.99396412,400
SHM,Sandringham,2-SHM-vpt-1.3.R,-37.85762174,144.99354568,401
SHM,Sandringham,2-SHM-vpt-1.3.R,-37.85746586,144.99343636,402
SHM,Sandringham,2-SHM-vpt-1.3.R,-37.85724326,144.99326644,403
SHM,Sandringham,2-SHM-vpt-1.3.R,-37.85697838,144.99304847,404
SHM,Sandringham,2-SHM-vpt-1.3.R,-37.85674401,144.99283296,405
SHM,Sandringham,2-SHM-vpt-1.3.R,-37.85662711,144.99271565,406
SHM,Sandringham,2-SHM-vpt-1.3.R,-37.85653001,144.99261281,407
SHM,Sandringham,2-SHM-vpt-1.3.R,-37.85629822,144.99233767,408
SHM,Sandringham,2-SHM-vpt-1.3.R,-37.85600542,144.99194633,409
SHM,Sandringham,2-SHM-vpt-1.3.R,-37.85556428,144.99134864,410
SHM,Sandringham,2-SHM-vpt-1.3.R,-37.85549148,144.99125435,411
SHM,Sandringham,2-SHM-vpt-1.3.R,-37.85542451,144.99117433,412
SHM,Sandringham,2-SHM-vpt-1.3.R,-37.85532759,144.99106603,413
SHM,Sandringham,2-SHM-vpt-1.3.R,-37.85521143,144.99094484,414
SHM,Sandringham,2-SHM-vpt-1.3.R,-37.85507479,144.99081671,415
SHM,Sandringham,2-SHM-vpt-1.3.R,-37.85492947,144.99069222,416
SHM,Sandringham,2-SHM-vpt-1.3.R,-37.85484662,144.99062684,417
SHM,Sandringham,2-SHM-vpt-1.3.R,-37.85474073,144.99054766,418
SHM,Sandringham,2-SHM-vpt-1.3.R,-37.85454667,144.99041347,419
SHM,Sandringham,2-SHM-vpt-1.3.R,-37.85435051,144.99028855,420
SHM,Sandringham,2-SHM-vpt-1.3.R,-37.85411307,144.99014713,421
SHM,Sandringham,2-SHM-vpt-1.3.R,-37.85394687,144.99005628,422
SHM,Sandringham,2-SHM-vpt-1.3.R,-37.85370487,144.98993795,423
SHM,Sandringham,2-SHM-vpt-1.3.R,-37.85349882,144.98985103,424
SHM,Sandringham,2-SHM-vpt-1.3.R,-37.8533468,144.98979356,425
SHM,Sandringham,2-SHM-vpt-1.3.R,-37.85319474,144.98974405,426
SHM,Sandringham,2-SHM-vpt-1.3.R,-37.85292157,144.98966895,427
SHM,Sandringham,2-SHM-vpt-1.3.R,-37.85277268,144.98963595,428
SHM,Sandringham,2-SHM-vpt-1.3.R,-37.85261339,144.98960686,429
SHM,Sandringham,2-SHM-vpt-1.3.R,-37.85243476,144.98957955,430
SHM,Sandringham,2-SHM-vpt-1.3.R,-37.85217584,144.98955214,431
SHM,Sandringham,2-SHM-vpt-1.3.R,-37.85199659,144.98954144,432
SHM,Sandringham,2-SHM-vpt-1.3.R,-37.85177437,144.98953646,433
SHM,Sandringham,2-SHM-vpt-1.3.R,-37.85162419,144.98953906,434
SHM,Sandringham,2-SHM-vpt-1.3.R,-37.85144759,144.98954636,435
SHM,Sandringham,2-SHM-vpt-1.3.R,-37.85125742,144.98956584,436
SHM,Sandringham,2-SHM-vpt-1.3.R,-37.85114197,144.98958125,437
SHM,Sandringham,2-SHM-vpt-1.3.R,-37.85092758,144.98961276,438
SHM,Sandringham,2-SHM-vpt-1.3.R,-37.84970794,144.98981432,439
SHM,Sandringham,2-SHM-vpt-1.3.R,-37.84887359,144.98995404,440
SHM,Sandringham,2-SHM-vpt-1.3.R,-37.8480866,144.9901077,441
SHM,Sandringham,2-SHM-vpt-1.3.R,-37.84093467,144.99156357,442
SHM,Sandringham,2-SHM-vpt-1.3.R,-37.84047354,144.99165892,443
SHM,Sandringham,2-SHM-vpt-1.3.R,-37.84027889,144.99170136,444
SHM,Sandringham,2-SHM-vpt-1.3.R,-37.8385193,144.99210533,445
SHM,Sandringham,2-SHM-vpt-1.3.R,-37.83668238,144.99252546,446
SHM,Sandringham,2-SHM-vpt-1.3.R,-37.83624583,144.99262444,447
SHM,Sandringham,2-SHM-vpt-1.3.R,-37.83579351,144.99272375,448
SHM,Sandringham,2-SHM-vpt-1.3.R,-37.83552472,144.99277353,449
SHM,Sandringham,2-SHM-vpt-1.3.R,-37.83520686,144.99281976,450
SHM,Sandringham,2-SHM-vpt-1.3.R,-37.83477221,144.99287755,451
SHM,Sandringham,2-SHM-vpt-1.3.R,-37.83447079,144.99292106,452
SHM,Sandringham,2-SHM-vpt-1.3.R,-37.83418266,144.99297762,453
SHM,Sandringham,2-SHM-vpt-1.3.R,-37.8327871,144.99326893,454
SHM,Sandringham,2-SHM-vpt-1.3.R,-37.83130898,144.99358565,455
SHM,Sandringham,2-SHM-vpt-1.3.R,-37.83051983,144.99373963,456
SHM,Sandringham,2-SHM-vpt-1.3.R,-37.83009289,144.99381073,457
SHM,Sandringham,2-SHM-vpt-1.3.R,-37.82869682,144.99405067,458
SHM,Sandringham,2-SHM-vpt-1.3.R,-37.82833882,144.99408434,459
SHM,Sandringham,2-SHM-vpt-1.3.R,-37.82792463,144.99406283,460
SHM,Sandringham,2-SHM-vpt-1.3.R,-37.82755912,144.99399445,461
SHM,Sandringham,2-SHM-vpt-1.3.R,-37.8273061,144.99392234,462
SHM,Sandringham,2-SHM-vpt-1.3.R,-37.82720554,144.99388575,463
SHM,Sandringham,2-SHM-vpt-1.3.R,-37.82702307,144.99380264,464
SHM,Sandringham,2-SHM-vpt-1.3.R,-37.82681976,144.99369135,465
SHM,Sandringham,2-SHM-vpt-1.3.R,-37.82663538,144.99358546,466
SHM,Sandringham,2-SHM-vpt-1.3.R,-37.82646578,144.99346939,467
SHM,Sandringham,2-SHM-vpt-1.3.R,-37.82614603,144.99319379,468
SHM,Sandringham,2-SHM-vpt-1.3.R,-37.82589708,144.99291616,469
SHM,Sandringham,2-SHM-vpt-1.3.R,-37.82557703,144.99250163,470
SHM,Sandringham,2-SHM-vpt-1.3.R,-37.8254161,144.99226445,471
SHM,Sandringham,2-SHM-vpt-1.3.R,-37.82524637,144.99200377,472
SHM,Sandringham,2-SHM-vpt-1.3.R,-37.8248378,144.99133908,473
SHM,Sandringham,2-SHM-vpt-1.3.R,-37.82471599,144.9911247,474
SHM,Sandringham,2-SHM-vpt-1.3.R,-37.82462698,144.99094625,475
SHM,Sandringham,2-SHM-vpt-1.3.R,-37.82456453,144.99079877,476
SHM,Sandringham,2-SHM-vpt-1.3.R,-37.8244893,144.99060438,477
SHM,Sandringham,2-SHM-vpt-1.3.R,-37.82442889,144.99040186,478
SHM,Sandringham,2-SHM-vpt-1.3.R,-37.82431866,144.99001016,479
SHM,Sandringham,2-SHM-vpt-1.3.R,-37.82418781,144.98952451,480
SHM,Sandringham,2-SHM-vpt-1.3.R,-37.82408533,144.98914385,481
SHM,Sandringham,2-SHM-vpt-1.3.R,-37.82355556,144.98722619,482
SHM,Sandringham,2-SHM-vpt-1.3.R,-37.82344747,144.98686013,483
SHM,Sandringham,2-SHM-vpt-1.3.R,-37.82336279,144.98659863,484
SHM,Sandringham,2-SHM-vpt-1.3.R,-37.82325997,144.98630888,485
SHM,Sandringham,2-SHM-vpt-1.3.R,-37.82322511,144.98620428,486
SHM,Sandringham,2-SHM-vpt-1.3.R,-37.82320166,144.98615039,487
SHM,Sandringham,2-SHM-vpt-1.3.R,-37.82306408,144.98586227,488
SHM,Sandringham,2-SHM-vpt-1.3.R,-37.82298797,144.9856962,489
SHM,Sandringham,2-SHM-vpt-1.3.R,-37.82281089,144.98533792,490
SHM,Sandringham,2-SHM-vpt-1.3.R,-37.82273777,144.98516222,491
SHM,Sandringham,2-SHM-vpt-1.3.R,-37.82261397,144.98480545,492
SHM,Sandringham,2-SHM-vpt-1.3.R,-37.82252812,144.98459159,493
SHM,Sandringham,2-SHM-vpt-1.3.R,-37.82231417,144.98409106,494
SHM,Sandringham,2-SHM-vpt-1.3.R,-37.82205801,144.98350955,495
SHM,Sandringham,2-SHM-vpt-1.3.R,-37.82197483,144.9833355,496
SHM,Sandringham,2-SHM-vpt-1.3.R,-37.82190506,144.98320289,497
SHM,Sandringham,2-SHM-vpt-1.3.R,-37.82181012,144.98302699,498
SHM,Sandringham,2-SHM-vpt-1.3.R,-37.82165368,144.98274815,499
SHM,Sandringham,2-SHM-vpt-1.3.R,-37.82138642,144.98229748,500
SHM,Sandringham,2-SHM-vpt-1.3.R,-37.82120797,144.98201241,501
SHM,Sandringham,2-SHM-vpt-1.3.R,-37.82101681,144.98175883,502
SHM,Sandringham,2-SHM-vpt-1.3.R,-37.82071764,144.98139254,503
SHM,Sandringham,2-SHM-vpt-1.3.R,-37.8205788,144.98121535,504
SHM,Sandringham,2-SHM-vpt-1.3.R,-37.82049183,144.98108912,505
SHM,Sandringham,2-SHM-vpt-1.3.R,-37.82032352,144.98082241,506
SHM,Sandringham,2-SHM-vpt-1.3.R,-37.82018052,144.98057695,507
SHM,Sandringham,2-SHM-vpt-1.3.R,-37.8198478,144.97984612,508
SHM,Sandringham,2-SHM-vpt-1.3.R,-37.8196477,144.97950281,509
SHM,Sandringham,2-SHM-vpt-1.3.R,-37.81946434,144.97919427,510
SHM,Sandringham,2-SHM-vpt-1.3.R,-37.81938172,144.97901192,511
SHM,Sandringham,2-SHM-vpt-1.3.R,-37.81933117,144.9789073,512
SHM,Sandringham,2-SHM-vpt-1.3.R,-37.81927217,144.97879315,513
SHM,Sandringham,2-SHM-vpt-1.3.R,-37.81914583,144.97858359,514
SHM,Sandringham,2-SHM-vpt-1.3.R,-37.81895992,144.97825808,515
SHM,Sandringham,2-SHM-vpt-1.3.R,-37.81887931,144.97811362,516
SHM,Sandringham,2-SHM-vpt-1.3.R,-37.81869027,144.977764,517
SHM,Sandringham,2-SHM-vpt-1.3.R,-37.81838412,144.97719083,518
SHM,Sandringham,2-SHM-vpt-1.3.R,-37.818119,144.97671913,519
SHM,Sandringham,2-SHM-vpt-1.3.R,-37.81777378,144.97612261,520
SHM,Sandringham,2-SHM-vpt-1.3.R,-37.81770568,144.97599849,521
SHM,Sandringham,2-SHM-vpt-1.3.R,-37.81763801,144.97586811,522
SHM,Sandringham,2-SHM-vpt-1.3.R,-37.81757958,144.97575042,523
SHM,Sandringham,2-SHM-vpt-1.3.R,-37.81745456,144.97546598,524
SHM,Sandringham,2-SHM-vpt-1.3.R,-37.81737299,144.97525555,525
SHM,Sandringham,2-SHM-vpt-1.3.R,-37.81732088,144.97510247,526
SHM,Sandringham,2-SHM-vpt-1.3.R,-37.81728237,144.97497993,527
SHM,Sandringham,2-SHM-vpt-1.3.R,-37.81723218,144.97481283,528
SHM,Sandringham,2-SHM-vpt-1.3.R,-37.81719597,144.97467228,529
SHM,Sandringham,2-SHM-vpt-1.3.R,-37.81713344,144.97439022,530
SHM,Sandringham,2-SHM-vpt-1.3.R,-37.81710674,144.97424202,531
SHM,Sandringham,2-SHM-vpt-1.3.R,-37.81707607,144.97404644,532
SHM,Sandringham,2-SHM-vpt-1.3.R,-37.81703798,144.97369203,533
SHM,Sandringham,2-SHM-vpt-1.3.R,-37.81702957,144.97356469,534
SHM,Sandringham,2-SHM-vpt-1.3.R,-37.81702248,144.97337245,535
SHM,Sandringham,2-SHM-vpt-1.3.R,-37.81702088,144.97323765,536
SHM,Sandringham,2-SHM-vpt-1.3.R,-37.81702143,144.97311779,537
SHM,Sandringham,2-SHM-vpt-1.3.R,-37.81702807,144.97292801,538
SHM,Sandringham,2-SHM-vpt-1.3.R,-37.81705446,144.97263897,539
SHM,Sandringham,2-SHM-vpt-1.3.R,-37.81706793,144.97253693,540
SHM,Sandringham,2-SHM-vpt-1.3.R,-37.81709381,144.97237548,541
SHM,Sandringham,2-SHM-vpt-1.3.R,-37.8171341,144.97216695,542
SHM,Sandringham,2-SHM-vpt-1.3.R,-37.81721904,144.97178759,543
SHM,Sandringham,2-SHM-vpt-1.3.R,-37.81738071,144.9711077,544
SHM,Sandringham,2-SHM-vpt-1.3.R,-37.81744319,144.97086879,545
SHM,Sandringham,2-SHM-vpt-1.3.R,-37.81755428,144.97048019,546
SHM,Sandringham,2-SHM-vpt-1.3.R,-37.81769589,144.96999635,547
SHM,Sandringham,2-SHM-vpt-1.3.R,-37.81776808,144.96976138,548
SHM,Sandringham,2-SHM-vpt-1.3.R,-37.81790879,144.96927745,549
SHM,Sandringham,2-SHM-vpt-1.3.R,-37.81815292,144.96859824,550
SHM,Sandringham,2-SHM-vpt-1.3.R,-37.81821802,144.96840208,551
SHM,Sandringham,2-SHM-vpt-1.3.R,-37.81828704,144.96818196,552
SHM,Sandringham,2-SHM-vpt-1.3.R,-37.8184254,144.96769798,553
SHM,Sandringham,2-SHM-vpt-1.3.R,-37.8186105,144.96701436,554
SHM,Sandringham,2-SHM-vpt-1.3.R,-37.81862971,144.96694181,555
SHM,Sandringham,2-SHM-vpt-1.3.R,-37.8186732,144.9667517,556
STY,Stony Point,2-STY-vpt-1.1.R,-38.37402291,145.22133577,1
STY,Stony Point,2-STY-vpt-1.1.R,-38.37401674,145.22111969,2
STY,Stony Point,2-STY-vpt-1.1.R,-38.37400963,145.22102497,3
STY,Stony Point,2-STY-vpt-1.1.R,-38.37399546,145.22089264,4
STY,Stony Point,2-STY-vpt-1.1.R,-38.37398136,145.22078917,5
STY,Stony Point,2-STY-vpt-1.1.R,-38.3739528,145.22061759,6
STY,Stony Point,2-STY-vpt-1.1.R,-38.3739176,145.22042969,7
STY,Stony Point,2-STY-vpt-1.1.R,-38.37386868,145.22023457,8
STY,Stony Point,2-STY-vpt-1.1.R,-38.37380721,145.22003805,9
STY,Stony Point,2-STY-vpt-1.1.R,-38.37375903,145.21989751,10
STY,Stony Point,2-STY-vpt-1.1.R,-38.37370012,145.21975061,11
STY,Stony Point,2-STY-vpt-1.1.R,-38.37361154,145.21956139,12
STY,Stony Point,2-STY-vpt-1.1.R,-38.37351318,145.21937435,13
STY,Stony Point,2-STY-vpt-1.1.R,-38.37304981,145.21856154,14
STY,Stony Point,2-STY-vpt-1.1.R,-38.3728463,145.218215,15
STY,Stony Point,2-STY-vpt-1.1.R,-38.37273887,145.21804845,16
STY,Stony Point,2-STY-vpt-1.1.R,-38.37051174,145.21485745,17
STY,Stony Point,2-STY-vpt-1.1.R,-38.37027036,145.2144813,18
STY,Stony Point,2-STY-vpt-1.1.R,-38.36997666,145.21399496,19
STY,Stony Point,2-STY-vpt-1.1.R,-38.36980342,145.2136841,20
STY,Stony Point,2-STY-vpt-1.1.R,-38.36963548,145.21334347,21
STY,Stony Point,2-STY-vpt-1.1.R,-38.36945528,145.21294339,22
STY,Stony Point,2-STY-vpt-1.1.R,-38.36928943,145.21252705,23
STY,Stony Point,2-STY-vpt-1.1.R,-38.36913716,145.21209103,24
STY,Stony Point,2-STY-vpt-1.1.R,-38.36808321,145.20889297,25
STY,Stony Point,2-STY-vpt-1.1.R,-38.36770983,145.20768753,26
STY,Stony Point,2-STY-vpt-1.1.R,-38.36754724,145.2072321,27
STY,Stony Point,2-STY-vpt-1.1.R,-38.36736731,145.20681567,28
STY,Stony Point,2-STY-vpt-1.1.R,-38.36699206,145.2060314,29
STY,Stony Point,2-STY-vpt-1.1.R,-38.36579168,145.20367313,30
STY,Stony Point,2-STY-vpt-1.1.R,-38.36514956,145.20240504,31
STY,Stony Point,2-STY-vpt-1.1.R,-38.36484252,145.20181038,32
STY,Stony Point,2-STY-vpt-1.1.R,-38.36465976,145.20147462,33
STY,Stony Point,2-STY-vpt-1.1.R,-38.364503,145.20120095,34
STY,Stony Point,2-STY-vpt-1.1.R,-38.364284,145.20087068,35
STY,Stony Point,2-STY-vpt-1.1.R,-38.36397651,145.20045825,36
STY,Stony Point,2-STY-vpt-1.1.R,-38.36376619,145.20020605,37
STY,Stony Point,2-STY-vpt-1.1.R,-38.36285029,145.19918563,38
STY,Stony Point,2-STY-vpt-1.1.R,-38.35984796,145.19594324,39
STY,Stony Point,2-STY-vpt-1.1.R,-38.35387348,145.18944511,40
STY,Stony Point,2-STY-vpt-1.1.R,-38.35362561,145.1891787,41
STY,Stony Point,2-STY-vpt-1.1.R,-38.35351622,145.18905096,42
STY,Stony Point,2-STY-vpt-1.1.R,-38.35137121,145.18672224,43
STY,Stony Point,2-STY-vpt-1.1.R,-38.35050076,145.18578741,44
STY,Stony Point,2-STY-vpt-1.1.R,-38.34464614,145.17943611,45
STY,Stony Point,2-STY-vpt-1.1.R,-38.34398026,145.17869703,46
STY,Stony Point,2-STY-vpt-1.1.R,-38.3428581,145.17750359,47
STY,Stony Point,2-STY-vpt-1.1.R,-38.3427088,145.17735412,48
STY,Stony Point,2-STY-vpt-1.1.R,-38.34254797,145.17720506,49
STY,Stony Point,2-STY-vpt-1.1.R,-38.34235273,145.17704462,50
STY,Stony Point,2-STY-vpt-1.1.R,-38.34216089,145.17690641,51
STY,Stony Point,2-STY-vpt-1.1.R,-38.34195119,145.17677837,52
STY,Stony Point,2-STY-vpt-1.1.R,-38.34172873,145.17666472,53
STY,Stony Point,2-STY-vpt-1.1.R,-38.34156138,145.17659455,54
STY,Stony Point,2-STY-vpt-1.1.R,-38.3412972,145.17650346,55
STY,Stony Point,2-STY-vpt-1.1.R,-38.34108327,145.17645138,56
STY,Stony Point,2-STY-vpt-1.1.R,-38.34087698,145.17641537,57
STY,Stony Point,2-STY-vpt-1.1.R,-38.34067196,145.1763974,58
STY,Stony Point,2-STY-vpt-1.1.R,-38.34036704,145.17639303,59
STY,Stony Point,2-STY-vpt-1.1.R,-38.34020734,145.17640298,60
STY,Stony Point,2-STY-vpt-1.1.R,-38.34004773,145.17641946,61
STY,Stony Point,2-STY-vpt-1.1.R,-38.33985981,145.17645758,62
STY,Stony Point,2-STY-vpt-1.1.R,-38.33961352,145.17652657,63
STY,Stony Point,2-STY-vpt-1.1.R,-38.33936176,145.17661995,64
STY,Stony Point,2-STY-vpt-1.1.R,-38.33911166,145.17673949,65
STY,Stony Point,2-STY-vpt-1.1.R,-38.33878511,145.17692639,66
STY,Stony Point,2-STY-vpt-1.1.R,-38.33783747,145.17760985,67
STY,Stony Point,2-STY-vpt-1.1.R,-38.33716699,145.17808841,68
STY,Stony Point,2-STY-vpt-1.1.R,-38.33645908,145.17859983,69
STY,Stony Point,2-STY-vpt-1.1.R,-38.33584078,145.17903885,70
STY,Stony Point,2-STY-vpt-1.1.R,-38.33312467,145.18098297,71
STY,Stony Point,2-STY-vpt-1.1.R,-38.3311113,145.18241998,72
STY,Stony Point,2-STY-vpt-1.1.R,-38.33087294,145.18257626,73
STY,Stony Point,2-STY-vpt-1.1.R,-38.33057024,145.18275622,74
STY,Stony Point,2-STY-vpt-1.1.R,-38.33031869,145.18288137,75
STY,Stony Point,2-STY-vpt-1.1.R,-38.33009007,145.18297997,76
STY,Stony Point,2-STY-vpt-1.1.R,-38.32983623,145.18307383,77
STY,Stony Point,2-STY-vpt-1.1.R,-38.32957722,145.18315329,78
STY,Stony Point,2-STY-vpt-1.1.R,-38.3293075,145.18322271,79
STY,Stony Point,2-STY-vpt-1.1.R,-38.32898696,145.18327407,80
STY,Stony Point,2-STY-vpt-1.1.R,-38.32814017,145.18330952,81
STY,Stony Point,2-STY-vpt-1.1.R,-38.32298786,145.18329323,82
STY,Stony Point,2-STY-vpt-1.1.R,-38.32160859,145.18329335,83
STY,Stony Point,2-STY-vpt-1.1.R,-38.32115731,145.1832997,84
STY,Stony Point,2-STY-vpt-1.1.R,-38.32078557,145.18332751,85
STY,Stony Point,2-STY-vpt-1.1.R,-38.32047969,145.18336626,86
STY,Stony Point,2-STY-vpt-1.1.R,-38.32019897,145.18342336,87
STY,Stony Point,2-STY-vpt-1.1.R,-38.31989254,145.18349564,88
STY,Stony Point,2-STY-vpt-1.1.R,-38.31960526,145.18358322,89
STY,Stony Point,2-STY-vpt-1.1.R,-38.31930522,145.18369023,90
STY,Stony Point,2-STY-vpt-1.1.R,-38.31897353,145.18383153,91
STY,Stony Point,2-STY-vpt-1.1.R,-38.31868467,145.18397405,92
STY,Stony Point,2-STY-vpt-1.1.R,-38.31829127,145.18417386,93
STY,Stony Point,2-STY-vpt-1.1.R,-38.31721574,145.1847313,94
STY,Stony Point,2-STY-vpt-1.1.R,-38.31616336,145.18528163,95
STY,Stony Point,2-STY-vpt-1.1.R,-38.31573158,145.18550045,96
STY,Stony Point,2-STY-vpt-1.1.R,-38.31546766,145.18561786,97
STY,Stony Point,2-STY-vpt-1.1.R,-38.31521397,145.18571557,98
STY,Stony Point,2-STY-vpt-1.1.R,-38.31501724,145.18577892,99
STY,Stony Point,2-STY-vpt-1.1.R,-38.31480368,145.18583811,100
STY,Stony Point,2-STY-vpt-1.1.R,-38.31460466,145.18588139,101
STY,Stony Point,2-STY-vpt-1.1.R,-38.31438787,145.1859179,102
STY,Stony Point,2-STY-vpt-1.1.R,-38.31416327,145.18594443,103
STY,Stony Point,2-STY-vpt-1.1.R,-38.31392461,145.1859593,104
STY,Stony Point,2-STY-vpt-1.1.R,-38.31362014,145.18596677,105
STY,Stony Point,2-STY-vpt-1.1.R,-38.30772342,145.18595234,106
STY,Stony Point,2-STY-vpt-1.1.R,-38.307032,145.18594212,107
STY,Stony Point,2-STY-vpt-1.1.R,-38.30555853,145.18594669,108
STY,Stony Point,2-STY-vpt-1.1.R,-38.30494381,145.18594325,109
STY,Stony Point,2-STY-vpt-1.1.R,-38.3030398,145.18594334,110
STY,Stony Point,2-STY-vpt-1.1.R,-38.295921,145.18592695,111
STY,Stony Point,2-STY-vpt-1.1.R,-38.2957258,145.18593182,112
STY,Stony Point,2-STY-vpt-1.1.R,-38.2953615,145.18595713,113
STY,Stony Point,2-STY-vpt-1.1.R,-38.29499832,145.18600253,114
STY,Stony Point,2-STY-vpt-1.1.R,-38.2945408,145.18608905,115
STY,Stony Point,2-STY-vpt-1.1.R,-38.29400953,145.18620245,116
STY,Stony Point,2-STY-vpt-1.1.R,-38.29342219,145.18633199,117
STY,Stony Point,2-STY-vpt-1.1.R,-38.29114419,145.18682079,118
STY,Stony Point,2-STY-vpt-1.1.R,-38.28685726,145.18775798,119
STY,Stony Point,2-STY-vpt-1.1.R,-38.28629458,145.18785624,120
STY,Stony Point,2-STY-vpt-1.1.R,-38.28595407,145.18791101,121
STY,Stony Point,2-STY-vpt-1.1.R,-38.28561767,145.18795162,122
STY,Stony Point,2-STY-vpt-1.1.R,-38.28513224,145.18800508,123
STY,Stony Point,2-STY-vpt-1.1.R,-38.28190418,145.18834944,124
STY,Stony Point,2-STY-vpt-1.1.R,-38.28126701,145.18841524,125
STY,Stony Point,2-STY-vpt-1.1.R,-38.28111788,145.18843335,126
STY,Stony Point,2-STY-vpt-1.1.R,-38.2774769,145.18882359,127
STY,Stony Point,2-STY-vpt-1.1.R,-38.27401919,145.18918969,128
STY,Stony Point,2-STY-vpt-1.1.R,-38.27328564,145.18926975,129
STY,Stony Point,2-STY-vpt-1.1.R,-38.27294318,145.18930352,130
STY,Stony Point,2-STY-vpt-1.1.R,-38.27271228,145.18932469,131
STY,Stony Point,2-STY-vpt-1.1.R,-38.27248896,145.18934155,132
STY,Stony Point,2-STY-vpt-1.1.R,-38.27225561,145.18935615,133
STY,Stony Point,2-STY-vpt-1.1.R,-38.27208298,145.18936352,134
STY,Stony Point,2-STY-vpt-1.1.R,-38.27109982,145.1893748,135
STY,Stony Point,2-STY-vpt-1.1.R,-38.26565334,145.18937026,136
STY,Stony Point,2-STY-vpt-1.1.R,-38.26537843,145.18936074,137
STY,Stony Point,2-STY-vpt-1.1.R,-38.26522084,145.18935003,138
STY,Stony Point,2-STY-vpt-1.1.R,-38.26504691,145.18933229,139
STY,Stony Point,2-STY-vpt-1.1.R,-38.26486689,145.18930498,140
STY,Stony Point,2-STY-vpt-1.1.R,-38.26464753,145.1892622,141
STY,Stony Point,2-STY-vpt-1.1.R,-38.26445357,145.18921363,142
STY,Stony Point,2-STY-vpt-1.1.R,-38.26424671,145.18915191,143
STY,Stony Point,2-STY-vpt-1.1.R,-38.26405637,145.18908646,144
STY,Stony Point,2-STY-vpt-1.1.R,-38.26381386,145.18898676,145
STY,Stony Point,2-STY-vpt-1.1.R,-38.26355284,145.18886123,146
STY,Stony Point,2-STY-vpt-1.1.R,-38.26338297,145.18876749,147
STY,Stony Point,2-STY-vpt-1.1.R,-38.26316084,145.188633,148
STY,Stony Point,2-STY-vpt-1.1.R,-38.26273151,145.18833987,149
STY,Stony Point,2-STY-vpt-1.1.R,-38.26129182,145.18730552,150
STY,Stony Point,2-STY-vpt-1.1.R,-38.2597597,145.18620974,151
STY,Stony Point,2-STY-vpt-1.1.R,-38.25803753,145.18497541,152
STY,Stony Point,2-STY-vpt-1.1.R,-38.25772227,145.18474531,153
STY,Stony Point,2-STY-vpt-1.1.R,-38.25509273,145.18285927,154
STY,Stony Point,2-STY-vpt-1.1.R,-38.2546375,145.1825297,155
STY,Stony Point,2-STY-vpt-1.1.R,-38.25390068,145.18200306,156
STY,Stony Point,2-STY-vpt-1.1.R,-38.25356896,145.18177591,157
STY,Stony Point,2-STY-vpt-1.1.R,-38.25341228,145.18167296,158
STY,Stony Point,2-STY-vpt-1.1.R,-38.25324932,145.18157235,159
STY,Stony Point,2-STY-vpt-1.1.R,-38.25306623,145.18146915,160
STY,Stony Point,2-STY-vpt-1.1.R,-38.25288426,145.18137437,161
STY,Stony Point,2-STY-vpt-1.1.R,-38.25269812,145.18128336,162
STY,Stony Point,2-STY-vpt-1.1.R,-38.25252198,145.18120445,163
STY,Stony Point,2-STY-vpt-1.1.R,-38.25235231,145.18113542,164
STY,Stony Point,2-STY-vpt-1.1.R,-38.25217984,145.18107219,165
STY,Stony Point,2-STY-vpt-1.1.R,-38.25198722,145.18100545,166
STY,Stony Point,2-STY-vpt-1.1.R,-38.25178732,145.18094575,167
STY,Stony Point,2-STY-vpt-1.1.R,-38.25156852,145.18088722,168
STY,Stony Point,2-STY-vpt-1.1.R,-38.25140437,145.18084868,169
STY,Stony Point,2-STY-vpt-1.1.R,-38.25116828,145.18080326,170
STY,Stony Point,2-STY-vpt-1.1.R,-38.250973,145.18077385,171
STY,Stony Point,2-STY-vpt-1.1.R,-38.25074298,145.18074781,172
STY,Stony Point,2-STY-vpt-1.1.R,-38.25056661,145.18073496,173
STY,Stony Point,2-STY-vpt-1.1.R,-38.25039291,145.18072626,174
STY,Stony Point,2-STY-vpt-1.1.R,-38.25019286,145.18072028,175
STY,Stony Point,2-STY-vpt-1.1.R,-38.24380909,145.18071068,176
STY,Stony Point,2-STY-vpt-1.1.R,-38.23707336,145.18070308,177
STY,Stony Point,2-STY-vpt-1.1.R,-38.23381776,145.18070173,178
STY,Stony Point,2-STY-vpt-1.1.R,-38.2335736,145.18069891,179
STY,Stony Point,2-STY-vpt-1.1.R,-38.233334,145.18068843,180
STY,Stony Point,2-STY-vpt-1.1.R,-38.23314906,145.1806751,181
STY,Stony Point,2-STY-vpt-1.1.R,-38.23294526,145.18065436,182
STY,Stony Point,2-STY-vpt-1.1.R,-38.23273612,145.18062598,183
STY,Stony Point,2-STY-vpt-1.1.R,-38.23252936,145.18058909,184
STY,Stony Point,2-STY-vpt-1.1.R,-38.23234754,145.18055044,185
STY,Stony Point,2-STY-vpt-1.1.R,-38.23212481,145.18049418,186
STY,Stony Point,2-STY-vpt-1.1.R,-38.23192603,145.18043744,187
STY,Stony Point,2-STY-vpt-1.1.R,-38.23175524,145.18038309,188
STY,Stony Point,2-STY-vpt-1.1.R,-38.23159152,145.18032674,189
STY,Stony Point,2-STY-vpt-1.1.R,-38.23141738,145.18026002,190
STY,Stony Point,2-STY-vpt-1.1.R,-38.2311527,145.18014323,191
STY,Stony Point,2-STY-vpt-1.1.R,-38.23099368,145.18006368,192
STY,Stony Point,2-STY-vpt-1.1.R,-38.23080367,145.17996171,193
STY,Stony Point,2-STY-vpt-1.1.R,-38.23064548,145.17987255,194
STY,Stony Point,2-STY-vpt-1.1.R,-38.23047788,145.17977425,195
STY,Stony Point,2-STY-vpt-1.1.R,-38.23024058,145.17962183,196
STY,Stony Point,2-STY-vpt-1.1.R,-38.22992411,145.1794074,197
STY,Stony Point,2-STY-vpt-1.1.R,-38.22960337,145.17918554,198
STY,Stony Point,2-STY-vpt-1.1.R,-38.22876823,145.17860135,199
STY,Stony Point,2-STY-vpt-1.1.R,-38.22798337,145.17805876,200
STY,Stony Point,2-STY-vpt-1.1.R,-38.22544304,145.17628935,201
STY,Stony Point,2-STY-vpt-1.1.R,-38.20637238,145.16301059,202
STY,Stony Point,2-STY-vpt-1.1.R,-38.2061626,145.16286717,203
STY,Stony Point,2-STY-vpt-1.1.R,-38.20603103,145.16278049,204
STY,Stony Point,2-STY-vpt-1.1.R,-38.2058602,145.1626732,205
STY,Stony Point,2-STY-vpt-1.1.R,-38.20565501,145.16255239,206
STY,Stony Point,2-STY-vpt-1.1.R,-38.20545626,145.1624457,207
STY,Stony Point,2-STY-vpt-1.1.R,-38.2048469,145.16214011,208
STY,Stony Point,2-STY-vpt-1.1.R,-38.20383148,145.16163358,209
STY,Stony Point,2-STY-vpt-1.1.R,-38.20142907,145.16042928,210
STY,Stony Point,2-STY-vpt-1.1.R,-38.2009009,145.16017581,211
STY,Stony Point,2-STY-vpt-1.1.R,-38.20065427,145.16007307,212
STY,Stony Point,2-STY-vpt-1.1.R,-38.20053939,145.16002834,213
STY,Stony Point,2-STY-vpt-1.1.R,-38.20035913,145.15996311,214
STY,Stony Point,2-STY-vpt-1.1.R,-38.20014803,145.15989694,215
STY,Stony Point,2-STY-vpt-1.1.R,-38.1999697,145.15984536,216
STY,Stony Point,2-STY-vpt-1.1.R,-38.19978,145.15979909,217
STY,Stony Point,2-STY-vpt-1.1.R,-38.19961662,145.15976415,218
STY,Stony Point,2-STY-vpt-1.1.R,-38.19927752,145.15970725,219
STY,Stony Point,2-STY-vpt-1.1.R,-38.19911888,145.15968703,220
STY,Stony Point,2-STY-vpt-1.1.R,-38.19895436,145.15967176,221
STY,Stony Point,2-STY-vpt-1.1.R,-38.19871949,145.15965884,222
STY,Stony Point,2-STY-vpt-1.1.R,-38.19853837,145.15965335,223
STY,Stony Point,2-STY-vpt-1.1.R,-38.19837338,145.1596543,224
STY,Stony Point,2-STY-vpt-1.1.R,-38.19820488,145.15966072,225
STY,Stony Point,2-STY-vpt-1.1.R,-38.19801997,145.15967245,226
STY,Stony Point,2-STY-vpt-1.1.R,-38.197858,145.15968795,227
STY,Stony Point,2-STY-vpt-1.1.R,-38.19768783,145.15970891,228
STY,Stony Point,2-STY-vpt-1.1.R,-38.1975159,145.15973779,229
STY,Stony Point,2-STY-vpt-1.1.R,-38.19731708,145.15977671,230
STY,Stony Point,2-STY-vpt-1.1.R,-38.1970551,145.1598332,231
STY,Stony Point,2-STY-vpt-1.1.R,-38.19656207,145.15995318,232
STY,Stony Point,2-STY-vpt-1.1.R,-38.19570502,145.16016785,233
STY,Stony Point,2-STY-vpt-1.1.R,-38.1950906,145.16031634,234
STY,Stony Point,2-STY-vpt-1.1.R,-38.19481862,145.16039044,235
STY,Stony Point,2-STY-vpt-1.1.R,-38.19406249,145.16056979,236
STY,Stony Point,2-STY-vpt-1.1.R,-38.19305112,145.16082829,237
STY,Stony Point,2-STY-vpt-1.1.R,-38.19276924,145.16089156,238
STY,Stony Point,2-STY-vpt-1.1.R,-38.18595169,145.16257846,239
STY,Stony Point,2-STY-vpt-1.1.R,-38.18466159,145.1629003,240
STY,Stony Point,2-STY-vpt-1.1.R,-38.17316922,145.16574254,241
STY,Stony Point,2-STY-vpt-1.1.R,-38.16794692,145.16703957,242
STY,Stony Point,2-STY-vpt-1.1.R,-38.16688943,145.16729983,243
STY,Stony Point,2-STY-vpt-1.1.R,-38.16658768,145.16736046,244
STY,Stony Point,2-STY-vpt-1.1.R,-38.16639499,145.16738812,245
STY,Stony Point,2-STY-vpt-1.1.R,-38.16623675,145.16740007,246
STY,Stony Point,2-STY-vpt-1.1.R,-38.16607373,145.16740541,247
STY,Stony Point,2-STY-vpt-1.1.R,-38.16589718,145.16740469,248
STY,Stony Point,2-STY-vpt-1.1.R,-38.16572719,145.16739115,249
STY,Stony Point,2-STY-vpt-1.1.R,-38.16553554,145.16736935,250
STY,Stony Point,2-STY-vpt-1.1.R,-38.16539824,145.16734266,251
STY,Stony Point,2-STY-vpt-1.1.R,-38.16524343,145.16730864,252
STY,Stony Point,2-STY-vpt-1.1.R,-38.1650704,145.16726218,253
STY,Stony Point,2-STY-vpt-1.1.R,-38.16492284,145.1672136,254
STY,Stony Point,2-STY-vpt-1.1.R,-38.1647751,145.16715886,255
STY,Stony Point,2-STY-vpt-1.1.R,-38.16463037,145.16709502,256
STY,Stony Point,2-STY-vpt-1.1.R,-38.16450728,145.1670375,257
STY,Stony Point,2-STY-vpt-1.1.R,-38.16431917,145.16693743,258
STY,Stony Point,2-STY-vpt-1.1.R,-38.1641542,145.1668353,259
STY,Stony Point,2-STY-vpt-1.1.R,-38.16398938,145.16672586,260
STY,Stony Point,2-STY-vpt-1.1.R,-38.16385733,145.16662587,261
STY,Stony Point,2-STY-vpt-1.1.R,-38.16370792,145.16650474,262
STY,Stony Point,2-STY-vpt-1.1.R,-38.16354416,145.16635921,263
STY,Stony Point,2-STY-vpt-1.1.R,-38.16340062,145.16621546,264
STY,Stony Point,2-STY-vpt-1.1.R,-38.16327132,145.16607808,265
STY,Stony Point,2-STY-vpt-1.1.R,-38.163087,145.1658567,266
STY,Stony Point,2-STY-vpt-1.1.R,-38.16296831,145.16570046,267
STY,Stony Point,2-STY-vpt-1.1.R,-38.16286294,145.16554924,268
STY,Stony Point,2-STY-vpt-1.1.R,-38.16276756,145.16540222,269
STY,Stony Point,2-STY-vpt-1.1.R,-38.16269022,145.16527427,270
STY,Stony Point,2-STY-vpt-1.1.R,-38.16260836,145.16512806,271
STY,Stony Point,2-STY-vpt-1.1.R,-38.16247049,145.16485702,272
STY,Stony Point,2-STY-vpt-1.1.R,-38.16241207,145.16472882,273
STY,Stony Point,2-STY-vpt-1.1.R,-38.16234568,145.16457492,274
STY,Stony Point,2-STY-vpt-1.1.R,-38.16228643,145.16442791,275
STY,Stony Point,2-STY-vpt-1.1.R,-38.16222957,145.16427229,276
STY,Stony Point,2-STY-vpt-1.1.R,-38.16216946,145.1640938,277
STY,Stony Point,2-STY-vpt-1.1.R,-38.16211714,145.16391695,278
STY,Stony Point,2-STY-vpt-1.1.R,-38.16206923,145.16374044,279
STY,Stony Point,2-STY-vpt-1.1.R,-38.16201076,145.16349971,280
STY,Stony Point,2-STY-vpt-1.1.R,-38.16195614,145.16325112,281
STY,Stony Point,2-STY-vpt-1.1.R,-38.16188226,145.16290109,282
STY,Stony Point,2-STY-vpt-1.1.R,-38.16105482,145.15888515,283
STY,Stony Point,2-STY-vpt-1.1.R,-38.16035238,145.15546431,284
STY,Stony Point,2-STY-vpt-1.1.R,-38.16029284,145.15520194,285
STY,Stony Point,2-STY-vpt-1.1.R,-38.16023526,145.15497284,286
STY,Stony Point,2-STY-vpt-1.1.R,-38.16016413,145.15471875,287
STY,Stony Point,2-STY-vpt-1.1.R,-38.16010256,145.1545168,288
STY,Stony Point,2-STY-vpt-1.1.R,-38.16002367,145.15429098,289
STY,Stony Point,2-STY-vpt-1.1.R,-38.15994326,145.15407695,290
STY,Stony Point,2-STY-vpt-1.1.R,-38.15986621,145.15388795,291
STY,Stony Point,2-STY-vpt-1.1.R,-38.15978117,145.15369493,292
STY,Stony Point,2-STY-vpt-1.1.R,-38.15969398,145.15350813,293
STY,Stony Point,2-STY-vpt-1.1.R,-38.15961118,145.15334883,294
STY,Stony Point,2-STY-vpt-1.1.R,-38.15949907,145.15314189,295
STY,Stony Point,2-STY-vpt-1.1.R,-38.1593897,145.15295473,296
STY,Stony Point,2-STY-vpt-1.1.R,-38.15928098,145.15278068,297
STY,Stony Point,2-STY-vpt-1.1.R,-38.1590725,145.15246854,298
STY,Stony Point,2-STY-vpt-1.1.R,-38.15444553,145.14592902,299
STY,Stony Point,2-STY-vpt-1.1.R,-38.15416228,145.14552239,300
STY,Stony Point,2-STY-vpt-1.1.R,-38.15403681,145.14533258,301
STY,Stony Point,2-STY-vpt-1.1.R,-38.15393052,145.14516397,302
STY,Stony Point,2-STY-vpt-1.1.R,-38.15374649,145.14484989,303
STY,Stony Point,2-STY-vpt-1.1.R,-38.15359821,145.14457313,304
STY,Stony Point,2-STY-vpt-1.1.R,-38.15346332,145.14430585,305
STY,Stony Point,2-STY-vpt-1.1.R,-38.15339863,145.14416986,306
STY,Stony Point,2-STY-vpt-1.1.R,-38.15330521,145.1439611,307
STY,Stony Point,2-STY-vpt-1.1.R,-38.15324818,145.14383062,308
STY,Stony Point,2-STY-vpt-1.1.R,-38.15312537,145.14351865,309
STY,Stony Point,2-STY-vpt-1.1.R,-38.15305718,145.14333219,310
STY,Stony Point,2-STY-vpt-1.1.R,-38.15297957,145.14310865,311
STY,Stony Point,2-STY-vpt-1.1.R,-38.15291583,145.14291284,312
STY,Stony Point,2-STY-vpt-1.1.R,-38.15286069,145.14273119,313
STY,Stony Point,2-STY-vpt-1.1.R,-38.15276918,145.14240381,314
STY,Stony Point,2-STY-vpt-1.1.R,-38.15202838,145.13961182,315
STY,Stony Point,2-STY-vpt-1.1.R,-38.15058532,145.13415097,316
STY,Stony Point,2-STY-vpt-1.1.R,-38.15010697,145.13235326,317
STY,Stony Point,2-STY-vpt-1.1.R,-38.14922521,145.12899815,318
STY,Stony Point,2-STY-vpt-1.1.R,-38.14894477,145.1279801,319
STY,Stony Point,2-STY-vpt-1.1.R,-38.14877072,145.12752022,320
STY,Stony Point,2-STY-vpt-1.1.R,-38.14859344,145.12717385,321
STY,Stony Point,2-STY-vpt-1.1.R,-38.1483887,145.12682373,322
STY,Stony Point,2-STY-vpt-1.1.R,-38.1480556,145.12639212,323
STY,Stony Point,2-STY-vpt-1.1.R,-38.14764957,145.12599912,324
STY,Stony Point,2-STY-vpt-1.1.R,-38.14734593,145.12576451,325
STY,Stony Point,2-STY-vpt-1.1.R,-38.14705998,145.12558891,326
STY,Stony Point,2-STY-vpt-1.1.R,-38.14696729,145.12553502,327
STY,Stony Point,2-STY-vpt-1.1.R,-38.14685674,145.12547954,328
STY,Stony Point,2-STY-vpt-1.1.R,-38.14667441,145.12540456,329
STY,Stony Point,2-STY-vpt-1.1.R,-38.14648826,145.12534987,330
STY,Stony Point,2-STY-vpt-1.1.R,-38.14631118,145.12530465,331
STY,Stony Point,2-STY-vpt-1.1.R,-38.14601804,145.12524837,332
STY,Stony Point,2-STY-vpt-1.1.R,-38.14583399,145.12521805,333
STY,Stony Point,2-STY-vpt-1.1.R,-38.14572574,145.12521078,334
STY,Stony Point,2-STY-vpt-1.1.R,-38.14563524,145.12520945,335
STY,Stony Point,2-STY-vpt-1.1.R,-38.14552371,145.12521127,336
STY,Stony Point,2-STY-vpt-1.1.R,-38.14542521,145.12521676,337
STY,Stony Point,2-STY-vpt-1.1.R,-38.14510221,145.1252717,338
STY,Stony Point,2-STY-vpt-1.1.R,-38.14478131,145.12536185,339
STY,Stony Point,2-STY-vpt-1.1.R,-38.14443108,145.12550615,340
STY,Stony Point,2-STY-vpt-1.1.R,-38.14422783,145.12559385,341
STY,Stony Point,2-STY-vpt-1.1.R,-38.1439593,145.12567375,342
STY,Stony Point,2-STY-vpt-1.1.R,-38.14378216,145.12574344,343
STY,Stony Point,2-STY-vpt-1.1.R,-38.14355716,145.12584596,344
STY,Stony Point,2-STY-vpt-1.1.R,-38.14264384,145.12624702,345
SUY,Sunbury,2-SUY-vpt-1.5.H,-37.8160912,144.96670281,1
SUY,Sunbury,2-SUY-vpt-1.5.H,-37.8094122,144.96362462,2
SUY,Sunbury,2-SUY-vpt-1.5.H,-37.80824127,144.96309124,3
SUY,Sunbury,2-SUY-vpt-1.5.H,-37.80744164,144.96272567,4
SUY,Sunbury,2-SUY-vpt-1.5.H,-37.80714141,144.96259785,5
SUY,Sunbury,2-SUY-vpt-1.5.H,-37.80662568,144.96240598,6
SUY,Sunbury,2-SUY-vpt-1.5.H,-37.80569027,144.96240159,7
SUY,Sunbury,2-SUY-vpt-1.5.H,-37.80544492,144.9624925,8
SUY,Sunbury,2-SUY-vpt-1.5.H,-37.80510357,144.96264409,9
SUY,Sunbury,2-SUY-vpt-1.5.H,-37.80478263,144.96283532,10
SUY,Sunbury,2-SUY-vpt-1.5.H,-37.80441004,144.96314029,11
SUY,Sunbury,2-SUY-vpt-1.5.H,-37.80422502,144.96331154,12
SUY,Sunbury,2-SUY-vpt-1.5.H,-37.80402346,144.96348041,13
SUY,Sunbury,2-SUY-vpt-1.5.H,-37.80383457,144.96360486,14
SUY,Sunbury,2-SUY-vpt-1.5.H,-37.80357481,144.96371751,15
SUY,Sunbury,2-SUY-vpt-1.5.H,-37.80338786,144.96378238,16
SUY,Sunbury,2-SUY-vpt-1.5.H,-37.80322368,144.96382483,17
SUY,Sunbury,2-SUY-vpt-1.5.H,-37.80305962,144.96384841,18
SUY,Sunbury,2-SUY-vpt-1.5.H,-37.80276843,144.96386311,19
SUY,Sunbury,2-SUY-vpt-1.5.H,-37.80240937,144.96380403,20
SUY,Sunbury,2-SUY-vpt-1.5.H,-37.8019284,144.96365199,21
SUY,Sunbury,2-SUY-vpt-1.5.H,-37.80176457,144.96357926,22
SUY,Sunbury,2-SUY-vpt-1.5.H,-37.8016044,144.96347837,23
SUY,Sunbury,2-SUY-vpt-1.5.H,-37.80133693,144.96326504,24
SUY,Sunbury,2-SUY-vpt-1.5.H,-37.80107872,144.9630133,25
SUY,Sunbury,2-SUY-vpt-1.5.H,-37.80082368,144.96272104,26
SUY,Sunbury,2-SUY-vpt-1.5.H,-37.80068772,144.96251432,27
SUY,Sunbury,2-SUY-vpt-1.5.H,-37.80055228,144.96225467,28
SUY,Sunbury,2-SUY-vpt-1.5.H,-37.80040982,144.96194285,29
SUY,Sunbury,2-SUY-vpt-1.5.H,-37.80031886,144.96170719,30
SUY,Sunbury,2-SUY-vpt-1.5.H,-37.80024424,144.9614571,31
SUY,Sunbury,2-SUY-vpt-1.5.H,-37.8001752,144.96119619,32
SUY,Sunbury,2-SUY-vpt-1.5.H,-37.80012972,144.96092714,33
SUY,Sunbury,2-SUY-vpt-1.5.H,-37.80008698,144.96054069,34
SUY,Sunbury,2-SUY-vpt-1.5.H,-37.79994669,144.95918952,35
SUY,Sunbury,2-SUY-vpt-1.5.H,-37.79983419,144.95810629,36
SUY,Sunbury,2-SUY-vpt-1.5.H,-37.79982137,144.95800091,37
SUY,Sunbury,2-SUY-vpt-1.5.H,-37.79960717,144.95563315,38
SUY,Sunbury,2-SUY-vpt-1.5.H,-37.79959616,144.95545571,39
SUY,Sunbury,2-SUY-vpt-1.5.H,-37.79959164,144.95521063,40
SUY,Sunbury,2-SUY-vpt-1.5.H,-37.79959973,144.9548204,41
SUY,Sunbury,2-SUY-vpt-1.5.H,-37.79962079,144.95434146,42
SUY,Sunbury,2-SUY-vpt-1.5.H,-37.79977418,144.95317016,43
SUY,Sunbury,2-SUY-vpt-1.5.H,-37.80013454,144.95049533,44
SUY,Sunbury,2-SUY-vpt-1.5.H,-37.80061241,144.94654158,45
SUY,Sunbury,2-SUY-vpt-1.5.H,-37.80131483,144.94134642,46
SUY,Sunbury,2-SUY-vpt-1.5.H,-37.80153665,144.93973068,47
SUY,Sunbury,2-SUY-vpt-1.5.H,-37.80165036,144.93890058,48
SUY,Sunbury,2-SUY-vpt-1.5.H,-37.8017815,144.93780025,49
SUY,Sunbury,2-SUY-vpt-1.5.H,-37.80184467,144.93716724,50
SUY,Sunbury,2-SUY-vpt-1.5.H,-37.80188014,144.93673796,51
SUY,Sunbury,2-SUY-vpt-1.5.H,-37.80189266,144.9363828,52
SUY,Sunbury,2-SUY-vpt-1.5.H,-37.80189064,144.93606735,53
SUY,Sunbury,2-SUY-vpt-1.5.H,-37.80186997,144.93576695,54
SUY,Sunbury,2-SUY-vpt-1.5.H,-37.80183827,144.93550627,55
SUY,Sunbury,2-SUY-vpt-1.5.H,-37.80173641,144.9349343,56
SUY,Sunbury,2-SUY-vpt-1.5.H,-37.80157861,144.9341991,57
SUY,Sunbury,2-SUY-vpt-1.5.H,-37.80119173,144.93265323,58
SUY,Sunbury,2-SUY-vpt-1.5.H,-37.80097784,144.9319221,59
SUY,Sunbury,2-SUY-vpt-1.5.H,-37.80071292,144.93110745,60
SUY,Sunbury,2-SUY-vpt-1.5.H,-37.80047857,144.93047957,61
SUY,Sunbury,2-SUY-vpt-1.5.H,-37.80024568,144.92984211,62
SUY,Sunbury,2-SUY-vpt-1.5.H,-37.8001296,144.92950316,63
SUY,Sunbury,2-SUY-vpt-1.5.H,-37.80005946,144.92924526,64
SUY,Sunbury,2-SUY-vpt-1.5.H,-37.80002599,144.92907947,65
SUY,Sunbury,2-SUY-vpt-1.5.H,-37.79947532,144.92585546,66
SUY,Sunbury,2-SUY-vpt-1.5.H,-37.79933748,144.92500355,67
SUY,Sunbury,2-SUY-vpt-1.5.H,-37.79888579,144.92182861,68
SUY,Sunbury,2-SUY-vpt-1.5.H,-37.79886292,144.92163573,69
SUY,Sunbury,2-SUY-vpt-1.5.H,-37.79884634,144.92144153,70
SUY,Sunbury,2-SUY-vpt-1.5.H,-37.79878704,144.92049704,71
SUY,Sunbury,2-SUY-vpt-1.5.H,-37.79876663,144.92029569,72
SUY,Sunbury,2-SUY-vpt-1.5.H,-37.79864627,144.91948636,73
SUY,Sunbury,2-SUY-vpt-1.5.H,-37.79843246,144.9182139,74
SUY,Sunbury,2-SUY-vpt-1.5.H,-37.79823521,144.91692566,75
SUY,Sunbury,2-SUY-vpt-1.5.H,-37.79808984,144.91601835,76
SUY,Sunbury,2-SUY-vpt-1.5.H,-37.79801794,144.91550477,77
SUY,Sunbury,2-SUY-vpt-1.5.H,-37.79795712,144.91500144,78
SUY,Sunbury,2-SUY-vpt-1.5.H,-37.7979189,144.91458344,79
SUY,Sunbury,2-SUY-vpt-1.5.H,-37.79789001,144.91417813,80
SUY,Sunbury,2-SUY-vpt-1.5.H,-37.79787109,144.91375642,81
SUY,Sunbury,2-SUY-vpt-1.5.H,-37.79786487,144.91355807,82
SUY,Sunbury,2-SUY-vpt-1.5.H,-37.7978598,144.91331234,83
SUY,Sunbury,2-SUY-vpt-1.5.H,-37.79785902,144.91307534,84
SUY,Sunbury,2-SUY-vpt-1.5.H,-37.7978686,144.91261421,85
SUY,Sunbury,2-SUY-vpt-1.5.H,-37.79787883,144.9123777,86
SUY,Sunbury,2-SUY-vpt-1.5.H,-37.79788999,144.91217387,87
SUY,Sunbury,2-SUY-vpt-1.5.H,-37.79792005,144.91176509,88
SUY,Sunbury,2-SUY-vpt-1.5.H,-37.79794432,144.91149695,89
SUY,Sunbury,2-SUY-vpt-1.5.H,-37.79796996,144.91125557,90
SUY,Sunbury,2-SUY-vpt-1.5.H,-37.79805197,144.91061114,91
SUY,Sunbury,2-SUY-vpt-1.5.H,-37.79814933,144.91002886,92
SUY,Sunbury,2-SUY-vpt-1.5.H,-37.79819541,144.90978668,93
SUY,Sunbury,2-SUY-vpt-1.5.H,-37.79824454,144.90953374,94
SUY,Sunbury,2-SUY-vpt-1.5.H,-37.79828719,144.9093322,95
SUY,Sunbury,2-SUY-vpt-1.5.H,-37.79836828,144.90897115,96
SUY,Sunbury,2-SUY-vpt-1.5.H,-37.79846659,144.90858485,97
SUY,Sunbury,2-SUY-vpt-1.5.H,-37.79853608,144.90832645,98
SUY,Sunbury,2-SUY-vpt-1.5.H,-37.79860977,144.90807134,99
SUY,Sunbury,2-SUY-vpt-1.5.H,-37.79870331,144.90776729,100
SUY,Sunbury,2-SUY-vpt-1.5.H,-37.79881989,144.90741511,101
SUY,Sunbury,2-SUY-vpt-1.5.H,-37.7989143,144.90714964,102
SUY,Sunbury,2-SUY-vpt-1.5.H,-37.79902833,144.90684206,103
SUY,Sunbury,2-SUY-vpt-1.5.H,-37.79917037,144.90648825,104
SUY,Sunbury,2-SUY-vpt-1.5.H,-37.79952519,144.9056537,105
SUY,Sunbury,2-SUY-vpt-1.5.H,-37.79963587,144.90540617,106
SUY,Sunbury,2-SUY-vpt-1.5.H,-37.79979446,144.90507108,107
SUY,Sunbury,2-SUY-vpt-1.5.H,-37.79995336,144.9047637,108
SUY,Sunbury,2-SUY-vpt-1.5.H,-37.80052466,144.90372801,109
SUY,Sunbury,2-SUY-vpt-1.5.H,-37.80086872,144.903095,110
SUY,Sunbury,2-SUY-vpt-1.5.H,-37.80144492,144.90205256,111
SUY,Sunbury,2-SUY-vpt-1.5.H,-37.80145275,144.90206199,112
SUY,Sunbury,2-SUY-vpt-1.5.H,-37.80171506,144.90159062,113
SUY,Sunbury,2-SUY-vpt-1.5.H,-37.8018228,144.9013912,114
SUY,Sunbury,2-SUY-vpt-1.5.H,-37.8019658,144.90111718,115
SUY,Sunbury,2-SUY-vpt-1.5.H,-37.80210488,144.90082067,116
SUY,Sunbury,2-SUY-vpt-1.5.H,-37.80216744,144.90067001,117
SUY,Sunbury,2-SUY-vpt-1.5.H,-37.80227647,144.90037117,118
SUY,Sunbury,2-SUY-vpt-1.5.H,-37.80232518,144.90022203,119
SUY,Sunbury,2-SUY-vpt-1.5.H,-37.80240879,144.89993277,120
SUY,Sunbury,2-SUY-vpt-1.5.H,-37.80244093,144.89980976,121
SUY,Sunbury,2-SUY-vpt-1.5.H,-37.8024802,144.89963204,122
SUY,Sunbury,2-SUY-vpt-1.5.H,-37.80251611,144.89946236,123
SUY,Sunbury,2-SUY-vpt-1.5.H,-37.80254718,144.89928953,124
SUY,Sunbury,2-SUY-vpt-1.5.H,-37.80257357,144.89909196,125
SUY,Sunbury,2-SUY-vpt-1.5.H,-37.80259792,144.89887559,126
SUY,Sunbury,2-SUY-vpt-1.5.H,-37.80260951,144.89875759,127
SUY,Sunbury,2-SUY-vpt-1.5.H,-37.8026632,144.89797365,128
SUY,Sunbury,2-SUY-vpt-1.5.H,-37.80274436,144.89670009,129
SUY,Sunbury,2-SUY-vpt-1.5.H,-37.80278621,144.89583448,130
SUY,Sunbury,2-SUY-vpt-1.5.H,-37.8028304,144.89508998,131
SUY,Sunbury,2-SUY-vpt-1.5.H,-37.80284358,144.89481896,132
SUY,Sunbury,2-SUY-vpt-1.5.H,-37.80284948,144.89456949,133
SUY,Sunbury,2-SUY-vpt-1.5.H,-37.80284656,144.89433549,134
SUY,Sunbury,2-SUY-vpt-1.5.H,-37.80283572,144.89407685,135
SUY,Sunbury,2-SUY-vpt-1.5.H,-37.80282398,144.89390432,136
SUY,Sunbury,2-SUY-vpt-1.5.H,-37.80280602,144.89369108,137
SUY,Sunbury,2-SUY-vpt-1.5.H,-37.80276126,144.89328495,138
SUY,Sunbury,2-SUY-vpt-1.5.H,-37.80270722,144.89275757,139
SUY,Sunbury,2-SUY-vpt-1.5.H,-37.80267771,144.89238769,140
SUY,Sunbury,2-SUY-vpt-1.5.H,-37.80266237,144.89208466,141
SUY,Sunbury,2-SUY-vpt-1.5.H,-37.80265134,144.89192119,142
SUY,Sunbury,2-SUY-vpt-1.5.H,-37.80261149,144.89145746,143
SUY,Sunbury,2-SUY-vpt-1.5.H,-37.80259137,144.8912595,144
SUY,Sunbury,2-SUY-vpt-1.5.H,-37.80255699,144.89098529,145
SUY,Sunbury,2-SUY-vpt-1.5.H,-37.80251383,144.89068895,146
SUY,Sunbury,2-SUY-vpt-1.5.H,-37.80241008,144.89002851,147
SUY,Sunbury,2-SUY-vpt-1.5.H,-37.8023904,144.88989096,148
SUY,Sunbury,2-SUY-vpt-1.5.H,-37.80236831,144.88972929,149
SUY,Sunbury,2-SUY-vpt-1.5.H,-37.80232631,144.88937182,150
SUY,Sunbury,2-SUY-vpt-1.5.H,-37.80201359,144.88651205,151
SUY,Sunbury,2-SUY-vpt-1.5.H,-37.80197751,144.88603345,152
SUY,Sunbury,2-SUY-vpt-1.5.H,-37.801949,144.88545947,153
SUY,Sunbury,2-SUY-vpt-1.5.H,-37.80193562,144.88531129,154
SUY,Sunbury,2-SUY-vpt-1.5.H,-37.8019216,144.88518812,155
SUY,Sunbury,2-SUY-vpt-1.5.H,-37.80188194,144.88490657,156
SUY,Sunbury,2-SUY-vpt-1.5.H,-37.8018621,144.88479538,157
SUY,Sunbury,2-SUY-vpt-1.5.H,-37.80180008,144.88448323,158
SUY,Sunbury,2-SUY-vpt-1.5.H,-37.80178212,144.88438175,159
SUY,Sunbury,2-SUY-vpt-1.5.H,-37.80175482,144.88419627,160
SUY,Sunbury,2-SUY-vpt-1.5.H,-37.80172709,144.88388678,161
SUY,Sunbury,2-SUY-vpt-1.5.H,-37.80165501,144.88325589,162
SUY,Sunbury,2-SUY-vpt-1.5.H,-37.80151101,144.88198843,163
SUY,Sunbury,2-SUY-vpt-1.5.H,-37.80122462,144.87940918,164
SUY,Sunbury,2-SUY-vpt-1.5.H,-37.80118962,144.87911705,165
SUY,Sunbury,2-SUY-vpt-1.5.H,-37.80101363,144.87781713,166
SUY,Sunbury,2-SUY-vpt-1.5.H,-37.80083346,144.87619616,167
SUY,Sunbury,2-SUY-vpt-1.5.H,-37.80080418,144.87582675,168
SUY,Sunbury,2-SUY-vpt-1.5.H,-37.8007841,144.87550785,169
SUY,Sunbury,2-SUY-vpt-1.5.H,-37.80075571,144.87515829,170
SUY,Sunbury,2-SUY-vpt-1.5.H,-37.8003361,144.87134465,171
SUY,Sunbury,2-SUY-vpt-1.5.H,-37.80029871,144.87102113,172
SUY,Sunbury,2-SUY-vpt-1.5.H,-37.80012667,144.86955078,173
SUY,Sunbury,2-SUY-vpt-1.5.H,-37.80001287,144.86872987,174
SUY,Sunbury,2-SUY-vpt-1.5.H,-37.7997897,144.8671698,175
SUY,Sunbury,2-SUY-vpt-1.5.H,-37.79958224,144.86551298,176
SUY,Sunbury,2-SUY-vpt-1.5.H,-37.79945901,144.86435255,177
SUY,Sunbury,2-SUY-vpt-1.5.H,-37.79935925,144.86345833,178
SUY,Sunbury,2-SUY-vpt-1.5.H,-37.79927153,144.86267155,179
SUY,Sunbury,2-SUY-vpt-1.5.H,-37.79922068,144.86224315,180
SUY,Sunbury,2-SUY-vpt-1.5.H,-37.79899958,144.86025604,181
SUY,Sunbury,2-SUY-vpt-1.5.H,-37.79882539,144.85865497,182
SUY,Sunbury,2-SUY-vpt-1.5.H,-37.79873212,144.85782271,183
SUY,Sunbury,2-SUY-vpt-1.5.H,-37.7986368,144.85691771,184
SUY,Sunbury,2-SUY-vpt-1.5.H,-37.79821329,144.8523142,185
SUY,Sunbury,2-SUY-vpt-1.5.H,-37.79818537,144.85204335,186
SUY,Sunbury,2-SUY-vpt-1.5.H,-37.79804236,144.85074987,187
SUY,Sunbury,2-SUY-vpt-1.5.H,-37.79791891,144.84969386,188
SUY,Sunbury,2-SUY-vpt-1.5.H,-37.79774344,144.84823302,189
SUY,Sunbury,2-SUY-vpt-1.5.H,-37.79756931,144.84690048,190
SUY,Sunbury,2-SUY-vpt-1.5.H,-37.79750623,144.84644714,191
SUY,Sunbury,2-SUY-vpt-1.5.H,-37.79743089,144.84599358,192
SUY,Sunbury,2-SUY-vpt-1.5.H,-37.79730248,144.84536304,193
SUY,Sunbury,2-SUY-vpt-1.5.H,-37.79721254,144.84498884,194
SUY,Sunbury,2-SUY-vpt-1.5.H,-37.7971156,144.84462552,195
SUY,Sunbury,2-SUY-vpt-1.5.H,-37.79696459,144.84409059,196
SUY,Sunbury,2-SUY-vpt-1.5.H,-37.79672717,144.84333433,197
SUY,Sunbury,2-SUY-vpt-1.5.H,-37.79655872,144.84284613,198
SUY,Sunbury,2-SUY-vpt-1.5.H,-37.79636368,144.84232838,199
SUY,Sunbury,2-SUY-vpt-1.5.H,-37.79623023,144.84199452,200
SUY,Sunbury,2-SUY-vpt-1.5.H,-37.79601842,144.84149555,201
SUY,Sunbury,2-SUY-vpt-1.5.H,-37.79585209,144.84112813,202
SUY,Sunbury,2-SUY-vpt-1.5.H,-37.79568662,144.84078805,203
SUY,Sunbury,2-SUY-vpt-1.5.H,-37.79554769,144.84050955,204
SUY,Sunbury,2-SUY-vpt-1.5.H,-37.79541941,144.84026651,205
SUY,Sunbury,2-SUY-vpt-1.5.H,-37.79519704,144.83986087,206
SUY,Sunbury,2-SUY-vpt-1.5.H,-37.79507799,144.8396639,207
SUY,Sunbury,2-SUY-vpt-1.5.H,-37.79482134,144.83926596,208
SUY,Sunbury,2-SUY-vpt-1.5.H,-37.79345113,144.83734685,209
SUY,Sunbury,2-SUY-vpt-1.5.H,-37.79313933,144.83692509,210
SUY,Sunbury,2-SUY-vpt-1.5.H,-37.79294104,144.83667787,211
SUY,Sunbury,2-SUY-vpt-1.5.H,-37.79272841,144.83643015,212
SUY,Sunbury,2-SUY-vpt-1.5.H,-37.79250544,144.83618819,213
SUY,Sunbury,2-SUY-vpt-1.5.H,-37.79229219,144.8359707,214
SUY,Sunbury,2-SUY-vpt-1.5.H,-37.7918247,144.83552102,215
SUY,Sunbury,2-SUY-vpt-1.5.H,-37.79124711,144.83501938,216
SUY,Sunbury,2-SUY-vpt-1.5.H,-37.79063771,144.83454195,217
SUY,Sunbury,2-SUY-vpt-1.5.H,-37.78963829,144.83378556,218
SUY,Sunbury,2-SUY-vpt-1.5.H,-37.789403,144.83361392,219
SUY,Sunbury,2-SUY-vpt-1.5.H,-37.78910312,144.83339001,220
SUY,Sunbury,2-SUY-vpt-1.5.H,-37.78832545,144.8327992,221
SUY,Sunbury,2-SUY-vpt-1.5.H,-37.78815802,144.8326676,222
SUY,Sunbury,2-SUY-vpt-1.5.H,-37.78781334,144.83241355,223
SUY,Sunbury,2-SUY-vpt-1.5.H,-37.78755343,144.83221687,224
SUY,Sunbury,2-SUY-vpt-1.5.H,-37.78695572,144.83177287,225
SUY,Sunbury,2-SUY-vpt-1.5.H,-37.78586633,144.83095185,226
SUY,Sunbury,2-SUY-vpt-1.5.H,-37.78503752,144.83032023,227
SUY,Sunbury,2-SUY-vpt-1.5.H,-37.78327801,144.82899519,228
SUY,Sunbury,2-SUY-vpt-1.5.H,-37.78230918,144.82825781,229
SUY,Sunbury,2-SUY-vpt-1.5.H,-37.7820783,144.82808653,230
SUY,Sunbury,2-SUY-vpt-1.5.H,-37.78173147,144.82779943,231
SUY,Sunbury,2-SUY-vpt-1.5.H,-37.78110411,144.8273617,232
SUY,Sunbury,2-SUY-vpt-1.5.H,-37.7803197,144.82677303,233
SUY,Sunbury,2-SUY-vpt-1.5.H,-37.77967947,144.82628756,234
SUY,Sunbury,2-SUY-vpt-1.5.H,-37.77857776,144.82544071,235
SUY,Sunbury,2-SUY-vpt-1.5.H,-37.77822748,144.82514295,236
SUY,Sunbury,2-SUY-vpt-1.5.H,-37.77797693,144.82491709,237
SUY,Sunbury,2-SUY-vpt-1.5.H,-37.77759158,144.82457949,238
SUY,Sunbury,2-SUY-vpt-1.5.H,-37.7774915,144.82449852,239
SUY,Sunbury,2-SUY-vpt-1.5.H,-37.77739342,144.82442374,240
SUY,Sunbury,2-SUY-vpt-1.5.H,-37.77711537,144.82423105,241
SUY,Sunbury,2-SUY-vpt-1.5.H,-37.77704758,144.82418603,242
SUY,Sunbury,2-SUY-vpt-1.5.H,-37.77627589,144.82369662,243
SUY,Sunbury,2-SUY-vpt-1.5.H,-37.7761446,144.82360488,244
SUY,Sunbury,2-SUY-vpt-1.5.H,-37.77587813,144.82340992,245
SUY,Sunbury,2-SUY-vpt-1.5.H,-37.77537326,144.82303225,246
SUY,Sunbury,2-SUY-vpt-1.5.H,-37.77455049,144.82240755,247
SUY,Sunbury,2-SUY-vpt-1.5.H,-37.77389789,144.82192127,248
SUY,Sunbury,2-SUY-vpt-1.5.H,-37.77373021,144.82179132,249
SUY,Sunbury,2-SUY-vpt-1.5.H,-37.77229093,144.82069817,250
SUY,Sunbury,2-SUY-vpt-1.5.H,-37.76986544,144.81888103,251
SUY,Sunbury,2-SUY-vpt-1.5.H,-37.76778219,144.81730789,252
SUY,Sunbury,2-SUY-vpt-1.5.H,-37.76593752,144.81592261,253
SUY,Sunbury,2-SUY-vpt-1.5.H,-37.7650065,144.81521611,254
SUY,Sunbury,2-SUY-vpt-1.5.H,-37.76336269,144.81397747,255
SUY,Sunbury,2-SUY-vpt-1.5.H,-37.76302178,144.81371542,256
SUY,Sunbury,2-SUY-vpt-1.5.H,-37.76268387,144.81344011,257
SUY,Sunbury,2-SUY-vpt-1.5.H,-37.76222583,144.81304303,258
SUY,Sunbury,2-SUY-vpt-1.5.H,-37.76171538,144.81259494,259
SUY,Sunbury,2-SUY-vpt-1.5.H,-37.7615264,144.81243421,260
SUY,Sunbury,2-SUY-vpt-1.5.H,-37.76128371,144.81223489,261
SUY,Sunbury,2-SUY-vpt-1.5.H,-37.76110739,144.81209604,262
SUY,Sunbury,2-SUY-vpt-1.5.H,-37.76077283,144.81184153,263
SUY,Sunbury,2-SUY-vpt-1.5.H,-37.76053731,144.81166425,264
SUY,Sunbury,2-SUY-vpt-1.5.H,-37.76033874,144.81152095,265
SUY,Sunbury,2-SUY-vpt-1.5.H,-37.75993308,144.81120838,266
SUY,Sunbury,2-SUY-vpt-1.5.H,-37.75973924,144.81106245,267
SUY,Sunbury,2-SUY-vpt-1.5.H,-37.75619907,144.80839439,268
SUY,Sunbury,2-SUY-vpt-1.5.H,-37.75576876,144.80807407,269
SUY,Sunbury,2-SUY-vpt-1.5.H,-37.75553496,144.80790766,270
SUY,Sunbury,2-SUY-vpt-1.5.H,-37.75525039,144.8077147,271
SUY,Sunbury,2-SUY-vpt-1.5.H,-37.75420684,144.80704136,272
SUY,Sunbury,2-SUY-vpt-1.5.H,-37.75404141,144.80693127,273
SUY,Sunbury,2-SUY-vpt-1.5.H,-37.75376403,144.80673766,274
SUY,Sunbury,2-SUY-vpt-1.5.H,-37.75360599,144.8066227,275
SUY,Sunbury,2-SUY-vpt-1.5.H,-37.75319786,144.80631809,276
SUY,Sunbury,2-SUY-vpt-1.5.H,-37.74989197,144.80382843,277
SUY,Sunbury,2-SUY-vpt-1.5.H,-37.74961262,144.80361595,278
SUY,Sunbury,2-SUY-vpt-1.5.H,-37.74921426,144.80329928,279
SUY,Sunbury,2-SUY-vpt-1.5.H,-37.7489437,144.80307553,280
SUY,Sunbury,2-SUY-vpt-1.5.H,-37.74832618,144.80255131,281
SUY,Sunbury,2-SUY-vpt-1.5.H,-37.74806632,144.80233565,282
SUY,Sunbury,2-SUY-vpt-1.5.H,-37.7478588,144.80216781,283
SUY,Sunbury,2-SUY-vpt-1.5.H,-37.74762577,144.80198438,284
SUY,Sunbury,2-SUY-vpt-1.5.H,-37.74716207,144.80162949,285
SUY,Sunbury,2-SUY-vpt-1.5.H,-37.74624049,144.80091683,286
SUY,Sunbury,2-SUY-vpt-1.5.H,-37.7448432,144.79980915,287
SUY,Sunbury,2-SUY-vpt-1.5.H,-37.74444318,144.79949598,288
SUY,Sunbury,2-SUY-vpt-1.5.H,-37.74418987,144.79928865,289
SUY,Sunbury,2-SUY-vpt-1.5.H,-37.74387413,144.79903915,290
SUY,Sunbury,2-SUY-vpt-1.5.H,-37.74322991,144.7985773,291
SUY,Sunbury,2-SUY-vpt-1.5.H,-37.74303305,144.79844445,292
SUY,Sunbury,2-SUY-vpt-1.5.H,-37.74269454,144.7982307,293
SUY,Sunbury,2-SUY-vpt-1.5.H,-37.74255409,144.798146,294
SUY,Sunbury,2-SUY-vpt-1.5.H,-37.74237541,144.79804599,295
SUY,Sunbury,2-SUY-vpt-1.5.H,-37.74195561,144.79782693,296
SUY,Sunbury,2-SUY-vpt-1.5.H,-37.74178367,144.79774521,297
SUY,Sunbury,2-SUY-vpt-1.5.H,-37.74162563,144.79767421,298
SUY,Sunbury,2-SUY-vpt-1.5.H,-37.74132904,144.79754784,299
SUY,Sunbury,2-SUY-vpt-1.5.H,-37.74109326,144.79745872,300
SUY,Sunbury,2-SUY-vpt-1.5.H,-37.74046156,144.79723335,301
SUY,Sunbury,2-SUY-vpt-1.5.H,-37.73977723,144.79699763,302
SUY,Sunbury,2-SUY-vpt-1.5.H,-37.73939118,144.79686769,303
SUY,Sunbury,2-SUY-vpt-1.5.H,-37.73921666,144.79681181,304
SUY,Sunbury,2-SUY-vpt-1.5.H,-37.7386915,144.79664525,305
SUY,Sunbury,2-SUY-vpt-1.5.H,-37.73492933,144.79546994,306
SUY,Sunbury,2-SUY-vpt-1.5.H,-37.73384988,144.79513035,307
SUY,Sunbury,2-SUY-vpt-1.5.H,-37.72960304,144.7938055,308
SUY,Sunbury,2-SUY-vpt-1.5.H,-37.7274161,144.79312215,309
SUY,Sunbury,2-SUY-vpt-1.5.H,-37.72708454,144.79301513,310
SUY,Sunbury,2-SUY-vpt-1.5.H,-37.7266764,144.79287555,311
SUY,Sunbury,2-SUY-vpt-1.5.H,-37.72642336,144.79278436,312
SUY,Sunbury,2-SUY-vpt-1.5.H,-37.72602906,144.7926328,313
SUY,Sunbury,2-SUY-vpt-1.5.H,-37.72568241,144.79249481,314
SUY,Sunbury,2-SUY-vpt-1.5.H,-37.72557804,144.7924557,315
SUY,Sunbury,2-SUY-vpt-1.5.H,-37.72506564,144.79222495,316
SUY,Sunbury,2-SUY-vpt-1.5.H,-37.72446842,144.79193534,317
SUY,Sunbury,2-SUY-vpt-1.5.H,-37.7238893,144.79164031,318
SUY,Sunbury,2-SUY-vpt-1.5.H,-37.72303848,144.79114813,319
SUY,Sunbury,2-SUY-vpt-1.5.H,-37.722401,144.79074436,320
SUY,Sunbury,2-SUY-vpt-1.5.H,-37.72184186,144.79036628,321
SUY,Sunbury,2-SUY-vpt-1.5.H,-37.72104736,144.78977352,322
SUY,Sunbury,2-SUY-vpt-1.5.H,-37.72070792,144.78951066,323
SUY,Sunbury,2-SUY-vpt-1.5.H,-37.71969383,144.78871264,324
SUY,Sunbury,2-SUY-vpt-1.5.H,-37.71916341,144.78830504,325
SUY,Sunbury,2-SUY-vpt-1.5.H,-37.71817155,144.78751513,326
SUY,Sunbury,2-SUY-vpt-1.5.H,-37.71699603,144.78659639,327
SUY,Sunbury,2-SUY-vpt-1.5.H,-37.71570282,144.78557717,328
SUY,Sunbury,2-SUY-vpt-1.5.H,-37.71466847,144.78476716,329
SUY,Sunbury,2-SUY-vpt-1.5.H,-37.71372762,144.78403674,330
SUY,Sunbury,2-SUY-vpt-1.5.H,-37.71287326,144.78336297,331
SUY,Sunbury,2-SUY-vpt-1.5.H,-37.71202346,144.78269714,332
SUY,Sunbury,2-SUY-vpt-1.5.H,-37.71184643,144.78257038,333
SUY,Sunbury,2-SUY-vpt-1.5.H,-37.70959939,144.78078992,334
SUY,Sunbury,2-SUY-vpt-1.5.H,-37.70913781,144.78043538,335
SUY,Sunbury,2-SUY-vpt-1.5.H,-37.70859561,144.78000624,336
SUY,Sunbury,2-SUY-vpt-1.5.H,-37.70789847,144.7794658,337
SUY,Sunbury,2-SUY-vpt-1.5.H,-37.70731596,144.77900713,338
SUY,Sunbury,2-SUY-vpt-1.5.H,-37.70686302,144.77864771,339
SUY,Sunbury,2-SUY-vpt-1.5.H,-37.70665783,144.77847575,340
SUY,Sunbury,2-SUY-vpt-1.5.H,-37.70612563,144.77807095,341
SUY,Sunbury,2-SUY-vpt-1.5.H,-37.70562476,144.77768336,342
SUY,Sunbury,2-SUY-vpt-1.5.H,-37.70499032,144.77718045,343
SUY,Sunbury,2-SUY-vpt-1.5.H,-37.70451488,144.77679427,344
SUY,Sunbury,2-SUY-vpt-1.5.H,-37.70376937,144.77617935,345
SUY,Sunbury,2-SUY-vpt-1.5.H,-37.7035006,144.77595237,346
SUY,Sunbury,2-SUY-vpt-1.5.H,-37.7033318,144.77581802,347
SUY,Sunbury,2-SUY-vpt-1.5.H,-37.70289999,144.77545177,348
SUY,Sunbury,2-SUY-vpt-1.5.H,-37.7025711,144.77518633,349
SUY,Sunbury,2-SUY-vpt-1.5.H,-37.70170633,144.77445546,350
SUY,Sunbury,2-SUY-vpt-1.5.H,-37.70126173,144.77408517,351
SUY,Sunbury,2-SUY-vpt-1.5.H,-37.70103048,144.77390291,352
SUY,Sunbury,2-SUY-vpt-1.5.H,-37.70011254,144.7731867,353
SUY,Sunbury,2-SUY-vpt-1.5.H,-37.69607704,144.77002174,354
SUY,Sunbury,2-SUY-vpt-1.5.H,-37.6957635,144.76978254,355
SUY,Sunbury,2-SUY-vpt-1.5.H,-37.69529527,144.76943559,356
SUY,Sunbury,2-SUY-vpt-1.5.H,-37.69471046,144.76896195,357
SUY,Sunbury,2-SUY-vpt-1.5.H,-37.69436902,144.76867653,358
SUY,Sunbury,2-SUY-vpt-1.5.H,-37.69336514,144.76789192,359
SUY,Sunbury,2-SUY-vpt-1.5.H,-37.69315857,144.7677339,360
SUY,Sunbury,2-SUY-vpt-1.5.H,-37.69302991,144.76763048,361
SUY,Sunbury,2-SUY-vpt-1.5.H,-37.69242864,144.76718276,362
SUY,Sunbury,2-SUY-vpt-1.5.H,-37.69204558,144.76690813,363
SUY,Sunbury,2-SUY-vpt-1.5.H,-37.69182509,144.76675734,364
SUY,Sunbury,2-SUY-vpt-1.5.H,-37.69148538,144.76653529,365
SUY,Sunbury,2-SUY-vpt-1.5.H,-37.69126461,144.76639823,366
SUY,Sunbury,2-SUY-vpt-1.5.H,-37.69107913,144.76626397,367
SUY,Sunbury,2-SUY-vpt-1.5.H,-37.68174129,144.75892944,368
SUY,Sunbury,2-SUY-vpt-1.5.H,-37.68136126,144.75863972,369
SUY,Sunbury,2-SUY-vpt-1.5.H,-37.67991566,144.75750516,370
SUY,Sunbury,2-SUY-vpt-1.5.H,-37.6794338,144.75713496,371
SUY,Sunbury,2-SUY-vpt-1.5.H,-37.6785316,144.75642685,372
SUY,Sunbury,2-SUY-vpt-1.5.H,-37.67757003,144.75566793,373
SUY,Sunbury,2-SUY-vpt-1.5.H,-37.67676538,144.75504829,374
SUY,Sunbury,2-SUY-vpt-1.5.H,-37.67576338,144.75426772,375
SUY,Sunbury,2-SUY-vpt-1.5.H,-37.67521777,144.75382522,376
SUY,Sunbury,2-SUY-vpt-1.5.H,-37.67410747,144.75296144,377
SUY,Sunbury,2-SUY-vpt-1.5.H,-37.67315223,144.75219981,378
SUY,Sunbury,2-SUY-vpt-1.5.H,-37.67233272,144.75156675,379
SUY,Sunbury,2-SUY-vpt-1.5.H,-37.6713306,144.75078617,380
SUY,Sunbury,2-SUY-vpt-1.5.H,-37.67026479,144.74993599,381
SUY,Sunbury,2-SUY-vpt-1.5.H,-37.66920331,144.74910985,382
SUY,Sunbury,2-SUY-vpt-1.5.H,-37.66793792,144.74812007,383
SUY,Sunbury,2-SUY-vpt-1.5.H,-37.66597609,144.74657788,384
SUY,Sunbury,2-SUY-vpt-1.5.H,-37.66492723,144.74576245,385
SUY,Sunbury,2-SUY-vpt-1.5.H,-37.66402491,144.74505166,386
SUY,Sunbury,2-SUY-vpt-1.5.H,-37.66306378,144.74430549,387
SUY,Sunbury,2-SUY-vpt-1.5.H,-37.6623878,144.74377231,388
SUY,Sunbury,2-SUY-vpt-1.5.H,-37.66195567,144.74343705,389
SUY,Sunbury,2-SUY-vpt-1.5.H,-37.6615725,144.74313125,390
SUY,Sunbury,2-SUY-vpt-1.5.H,-37.66120227,144.74284717,391
SUY,Sunbury,2-SUY-vpt-1.5.H,-37.66071668,144.74246332,392
SUY,Sunbury,2-SUY-vpt-1.5.H,-37.6604742,144.74227672,393
SUY,Sunbury,2-SUY-vpt-1.5.H,-37.6599561,144.74187085,394
SUY,Sunbury,2-SUY-vpt-1.5.H,-37.65968266,144.74164801,395
SUY,Sunbury,2-SUY-vpt-1.5.H,-37.65952558,144.74153465,396
SUY,Sunbury,2-SUY-vpt-1.5.H,-37.65859119,144.74079773,397
SUY,Sunbury,2-SUY-vpt-1.5.H,-37.65822449,144.74051481,398
SUY,Sunbury,2-SUY-vpt-1.5.H,-37.65762021,144.74004187,399
SUY,Sunbury,2-SUY-vpt-1.5.H,-37.6573427,144.73981871,400
SUY,Sunbury,2-SUY-vpt-1.5.H,-37.65619507,144.7389261,401
SUY,Sunbury,2-SUY-vpt-1.5.H,-37.65549948,144.73836765,402
SUY,Sunbury,2-SUY-vpt-1.5.H,-37.6545927,144.73765683,403
SUY,Sunbury,2-SUY-vpt-1.5.H,-37.65398749,144.7371928,404
SUY,Sunbury,2-SUY-vpt-1.5.H,-37.65200204,144.73562911,405
SUY,Sunbury,2-SUY-vpt-1.5.H,-37.6509678,144.73481898,406
SUY,Sunbury,2-SUY-vpt-1.5.H,-37.64888024,144.73319085,407
SUY,Sunbury,2-SUY-vpt-1.5.H,-37.64785238,144.7323756,408
SUY,Sunbury,2-SUY-vpt-1.5.H,-37.64697309,144.73169956,409
SUY,Sunbury,2-SUY-vpt-1.5.H,-37.64591134,144.73087076,410
SUY,Sunbury,2-SUY-vpt-1.5.H,-37.64506603,144.73020029,411
SUY,Sunbury,2-SUY-vpt-1.5.H,-37.64106489,144.72706217,412
SUY,Sunbury,2-SUY-vpt-1.5.H,-37.63589476,144.72301373,413
SUY,Sunbury,2-SUY-vpt-1.5.H,-37.63548358,144.72272101,414
SUY,Sunbury,2-SUY-vpt-1.5.H,-37.63506028,144.72244441,415
SUY,Sunbury,2-SUY-vpt-1.5.H,-37.63458994,144.72215384,416
SUY,Sunbury,2-SUY-vpt-1.5.H,-37.63417244,144.72192115,417
SUY,Sunbury,2-SUY-vpt-1.5.H,-37.63370177,144.72168341,418
SUY,Sunbury,2-SUY-vpt-1.5.H,-37.63321372,144.72145594,419
SUY,Sunbury,2-SUY-vpt-1.5.H,-37.6327037,144.72126234,420
SUY,Sunbury,2-SUY-vpt-1.5.H,-37.63221394,144.72109102,421
SUY,Sunbury,2-SUY-vpt-1.5.H,-37.6316896,144.72095339,422
SUY,Sunbury,2-SUY-vpt-1.5.H,-37.62850452,144.72018357,423
SUY,Sunbury,2-SUY-vpt-1.5.H,-37.6276991,144.72000854,424
SUY,Sunbury,2-SUY-vpt-1.5.H,-37.62343498,144.71908155,425
SUY,Sunbury,2-SUY-vpt-1.5.H,-37.620102,144.71835367,426
SUY,Sunbury,2-SUY-vpt-1.5.H,-37.61870213,144.71805546,427
SUY,Sunbury,2-SUY-vpt-1.5.H,-37.61823288,144.71797555,428
SUY,Sunbury,2-SUY-vpt-1.5.H,-37.61773487,144.71791386,429
SUY,Sunbury,2-SUY-vpt-1.5.H,-37.61724632,144.71786547,430
SUY,Sunbury,2-SUY-vpt-1.5.H,-37.61678491,144.71784185,431
SUY,Sunbury,2-SUY-vpt-1.5.H,-37.61636166,144.71782931,432
SUY,Sunbury,2-SUY-vpt-1.5.H,-37.61588234,144.71782017,433
SUY,Sunbury,2-SUY-vpt-1.5.H,-37.61553386,144.71782505,434
SUY,Sunbury,2-SUY-vpt-1.5.H,-37.61176161,144.71790074,435
SUY,Sunbury,2-SUY-vpt-1.5.H,-37.60867468,144.71796691,436
SUY,Sunbury,2-SUY-vpt-1.5.H,-37.60662679,144.7180047,437
SUY,Sunbury,2-SUY-vpt-1.5.H,-37.60500704,144.71805172,438
SUY,Sunbury,2-SUY-vpt-1.5.H,-37.60344258,144.71807778,439
SUY,Sunbury,2-SUY-vpt-1.5.H,-37.6016784,144.71811188,440
SUY,Sunbury,2-SUY-vpt-1.5.H,-37.5998613,144.71815925,441
SUY,Sunbury,2-SUY-vpt-1.5.H,-37.59840778,144.71818123,442
SUY,Sunbury,2-SUY-vpt-1.5.H,-37.59670633,144.71822054,443
SUY,Sunbury,2-SUY-vpt-1.5.H,-37.5959591,144.71824008,444
SUY,Sunbury,2-SUY-vpt-1.5.H,-37.59564038,144.71826024,445
SUY,Sunbury,2-SUY-vpt-1.5.H,-37.59511527,144.71831116,446
SUY,Sunbury,2-SUY-vpt-1.5.H,-37.59451324,144.71838799,447
SUY,Sunbury,2-SUY-vpt-1.5.H,-37.593986,144.71848779,448
SUY,Sunbury,2-SUY-vpt-1.5.H,-37.59350632,144.71860958,449
SUY,Sunbury,2-SUY-vpt-1.5.H,-37.59320043,144.71869129,450
SUY,Sunbury,2-SUY-vpt-1.5.H,-37.5929564,144.71876194,451
SUY,Sunbury,2-SUY-vpt-1.5.H,-37.5926098,144.71887763,452
SUY,Sunbury,2-SUY-vpt-1.5.H,-37.59232241,144.71898448,453
SUY,Sunbury,2-SUY-vpt-1.5.H,-37.59156137,144.71929651,454
SUY,Sunbury,2-SUY-vpt-1.5.H,-37.59107414,144.7195312,455
SUY,Sunbury,2-SUY-vpt-1.5.H,-37.59066709,144.71974136,456
SUY,Sunbury,2-SUY-vpt-1.5.H,-37.59050827,144.71982854,457
SUY,Sunbury,2-SUY-vpt-1.5.H,-37.59007609,144.72009529,458
SUY,Sunbury,2-SUY-vpt-1.5.H,-37.58984808,144.72023905,459
SUY,Sunbury,2-SUY-vpt-1.5.H,-37.58957104,144.72041964,460
SUY,Sunbury,2-SUY-vpt-1.5.H,-37.58927546,144.72062028,461
SUY,Sunbury,2-SUY-vpt-1.5.H,-37.58840673,144.72123611,462
SUY,Sunbury,2-SUY-vpt-1.5.H,-37.58752344,144.72188171,463
SUY,Sunbury,2-SUY-vpt-1.5.H,-37.58638991,144.72270149,464
SUY,Sunbury,2-SUY-vpt-1.5.H,-37.58383834,144.72455564,465
SUY,Sunbury,2-SUY-vpt-1.5.H,-37.58361803,144.72473016,466
SUY,Sunbury,2-SUY-vpt-1.5.H,-37.58339906,144.72491303,467
SUY,Sunbury,2-SUY-vpt-1.5.H,-37.58325169,144.72502815,468
SUY,Sunbury,2-SUY-vpt-1.5.H,-37.58291652,144.72527015,469
SUY,Sunbury,2-SUY-vpt-1.5.H,-37.58222416,144.72577996,470
SUY,Sunbury,2-SUY-vpt-1.5.H,-37.58146607,144.72633059,471
SUY,Sunbury,2-SUY-vpt-1.5.H,-37.58137604,144.72640025,472
SUY,Sunbury,2-SUY-vpt-1.5.H,-37.58024625,144.72720982,473
SUY,Sunbury,2-SUY-vpt-1.5.H,-37.58007213,144.72733571,474
SUY,Sunbury,2-SUY-vpt-1.5.H,-37.57996089,144.72742266,475
SUY,Sunbury,2-SUY-vpt-1.5.H,-37.57920897,144.72796175,476
UFD,Upfield,2-UFD-vpt-1.1.H,-37.8182546,144.96653746,1
UFD,Upfield,2-UFD-vpt-1.1.H,-37.8184964,144.96570892,2
UFD,Upfield,2-UFD-vpt-1.1.H,-37.81862628,144.96527207,3
UFD,Upfield,2-UFD-vpt-1.1.H,-37.81883252,144.96455538,4
UFD,Upfield,2-UFD-vpt-1.1.H,-37.81895364,144.9641491,5
UFD,Upfield,2-UFD-vpt-1.1.H,-37.81901723,144.96391265,6
UFD,Upfield,2-UFD-vpt-1.1.H,-37.81907691,144.96362235,7
UFD,Upfield,2-UFD-vpt-1.1.H,-37.81909737,144.96353875,8
UFD,Upfield,2-UFD-vpt-1.1.H,-37.8191315,144.96340717,9
UFD,Upfield,2-UFD-vpt-1.1.H,-37.81919961,144.96317673,10
UFD,Upfield,2-UFD-vpt-1.1.H,-37.81925417,144.96297097,11
UFD,Upfield,2-UFD-vpt-1.1.H,-37.81929249,144.96281064,12
UFD,Upfield,2-UFD-vpt-1.1.H,-37.81935293,144.96251225,13
UFD,Upfield,2-UFD-vpt-1.1.H,-37.81943756,144.96221558,14
UFD,Upfield,2-UFD-vpt-1.1.H,-37.81948718,144.96196395,15
UFD,Upfield,2-UFD-vpt-1.1.H,-37.81950814,144.96182137,16
UFD,Upfield,2-UFD-vpt-1.1.H,-37.81952548,144.96165174,17
UFD,Upfield,2-UFD-vpt-1.1.H,-37.81953168,144.96152024,18
UFD,Upfield,2-UFD-vpt-1.1.H,-37.8195443,144.96134892,19
UFD,Upfield,2-UFD-vpt-1.1.H,-37.81955787,144.96120609,20
UFD,Upfield,2-UFD-vpt-1.1.H,-37.81957324,144.96108411,21
UFD,Upfield,2-UFD-vpt-1.1.H,-37.81959709,144.96092623,22
UFD,Upfield,2-UFD-vpt-1.1.H,-37.81962493,144.96076937,23
UFD,Upfield,2-UFD-vpt-1.1.H,-37.81965667,144.96061457,24
UFD,Upfield,2-UFD-vpt-1.1.H,-37.81971034,144.96039395,25
UFD,Upfield,2-UFD-vpt-1.1.H,-37.81999144,144.95942274,26
UFD,Upfield,2-UFD-vpt-1.1.H,-37.82008058,144.95913764,27
UFD,Upfield,2-UFD-vpt-1.1.H,-37.82016069,144.95891334,28
UFD,Upfield,2-UFD-vpt-1.1.H,-37.82024231,144.95871444,29
UFD,Upfield,2-UFD-vpt-1.1.H,-37.82028568,144.95861691,30
UFD,Upfield,2-UFD-vpt-1.1.H,-37.82033058,144.95852456,31
UFD,Upfield,2-UFD-vpt-1.1.H,-37.82039016,144.95840614,32
UFD,Upfield,2-UFD-vpt-1.1.H,-37.82048426,144.95823541,33
UFD,Upfield,2-UFD-vpt-1.1.H,-37.8209207,144.95753403,34
UFD,Upfield,2-UFD-vpt-1.1.H,-37.82098763,144.95741312,35
UFD,Upfield,2-UFD-vpt-1.1.H,-37.8210602,144.95726889,36
UFD,Upfield,2-UFD-vpt-1.1.H,-37.82111922,144.95712832,37
UFD,Upfield,2-UFD-vpt-1.1.H,-37.82117032,144.95699354,38
UFD,Upfield,2-UFD-vpt-1.1.H,-37.82120514,144.95688659,39
UFD,Upfield,2-UFD-vpt-1.1.H,-37.82125692,144.9567026,40
UFD,Upfield,2-UFD-vpt-1.1.H,-37.82129532,144.95652159,41
UFD,Upfield,2-UFD-vpt-1.1.H,-37.82131388,144.95642246,42
UFD,Upfield,2-UFD-vpt-1.1.H,-37.82133926,144.95620796,43
UFD,Upfield,2-UFD-vpt-1.1.H,-37.82134764,144.95610923,44
UFD,Upfield,2-UFD-vpt-1.1.H,-37.82135347,144.95594684,45
UFD,Upfield,2-UFD-vpt-1.1.H,-37.82135338,144.95579109,46
UFD,Upfield,2-UFD-vpt-1.1.H,-37.82134558,144.95564294,47
UFD,Upfield,2-UFD-vpt-1.1.H,-37.82133116,144.95547134,48
UFD,Upfield,2-UFD-vpt-1.1.H,-37.82131471,144.95535444,49
UFD,Upfield,2-UFD-vpt-1.1.H,-37.82128699,144.95519581,50
UFD,Upfield,2-UFD-vpt-1.1.H,-37.821267,144.95510855,51
UFD,Upfield,2-UFD-vpt-1.1.H,-37.82124112,144.95500361,52
UFD,Upfield,2-UFD-vpt-1.1.H,-37.82119526,144.95484855,53
UFD,Upfield,2-UFD-vpt-1.1.H,-37.82116202,144.95475075,54
UFD,Upfield,2-UFD-vpt-1.1.H,-37.8211183,144.95463585,55
UFD,Upfield,2-UFD-vpt-1.1.H,-37.82106458,144.95451055,56
UFD,Upfield,2-UFD-vpt-1.1.H,-37.82100146,144.95437881,57
UFD,Upfield,2-UFD-vpt-1.1.H,-37.8209323,144.95425212,58
UFD,Upfield,2-UFD-vpt-1.1.H,-37.82088969,144.9541807,59
UFD,Upfield,2-UFD-vpt-1.1.H,-37.82081189,144.9540647,60
UFD,Upfield,2-UFD-vpt-1.1.H,-37.82068641,144.95388628,61
UFD,Upfield,2-UFD-vpt-1.1.H,-37.8205597,144.95371472,62
UFD,Upfield,2-UFD-vpt-1.1.H,-37.8202131,144.95323193,63
UFD,Upfield,2-UFD-vpt-1.1.H,-37.82006938,144.95307765,64
UFD,Upfield,2-UFD-vpt-1.1.H,-37.81999127,144.95300143,65
UFD,Upfield,2-UFD-vpt-1.1.H,-37.81990567,144.95292904,66
UFD,Upfield,2-UFD-vpt-1.1.H,-37.81982502,144.95286708,67
UFD,Upfield,2-UFD-vpt-1.1.H,-37.81975099,144.95281801,68
UFD,Upfield,2-UFD-vpt-1.1.H,-37.81936039,144.95259342,69
UFD,Upfield,2-UFD-vpt-1.1.H,-37.81928133,144.95255027,70
UFD,Upfield,2-UFD-vpt-1.1.H,-37.81920049,144.9524982,71
UFD,Upfield,2-UFD-vpt-1.1.H,-37.81913817,144.95245426,72
UFD,Upfield,2-UFD-vpt-1.1.H,-37.81891594,144.95227773,73
UFD,Upfield,2-UFD-vpt-1.1.H,-37.81843409,144.95190548,74
UFD,Upfield,2-UFD-vpt-1.1.H,-37.81812918,144.95166445,75
UFD,Upfield,2-UFD-vpt-1.1.H,-37.81788279,144.95147757,76
UFD,Upfield,2-UFD-vpt-1.1.H,-37.81756533,144.95122529,77
UFD,Upfield,2-UFD-vpt-1.1.H,-37.81738981,144.95107145,78
UFD,Upfield,2-UFD-vpt-1.1.H,-37.81714958,144.95088088,79
UFD,Upfield,2-UFD-vpt-1.1.H,-37.81676638,144.95063134,80
UFD,Upfield,2-UFD-vpt-1.1.H,-37.81665123,144.95054955,81
UFD,Upfield,2-UFD-vpt-1.1.H,-37.81650648,144.95043451,82
UFD,Upfield,2-UFD-vpt-1.1.H,-37.81626889,144.95025603,83
UFD,Upfield,2-UFD-vpt-1.1.H,-37.8160997,144.95013507,84
UFD,Upfield,2-UFD-vpt-1.1.H,-37.81578503,144.94990283,85
UFD,Upfield,2-UFD-vpt-1.1.H,-37.81560531,144.94975161,86
UFD,Upfield,2-UFD-vpt-1.1.H,-37.81550883,144.94966545,87
UFD,Upfield,2-UFD-vpt-1.1.H,-37.81492338,144.9491766,88
UFD,Upfield,2-UFD-vpt-1.1.H,-37.81466674,144.94898071,89
UFD,Upfield,2-UFD-vpt-1.1.H,-37.81440032,144.94878225,90
UFD,Upfield,2-UFD-vpt-1.1.H,-37.81405072,144.94851123,91
UFD,Upfield,2-UFD-vpt-1.1.H,-37.81376636,144.94827602,92
UFD,Upfield,2-UFD-vpt-1.1.H,-37.81350449,144.94803904,93
UFD,Upfield,2-UFD-vpt-1.1.H,-37.81330172,144.94783701,94
UFD,Upfield,2-UFD-vpt-1.1.H,-37.81321386,144.94774402,95
UFD,Upfield,2-UFD-vpt-1.1.H,-37.81310478,144.94762311,96
UFD,Upfield,2-UFD-vpt-1.1.H,-37.81274034,144.94723495,97
UFD,Upfield,2-UFD-vpt-1.1.H,-37.81254924,144.9470251,98
UFD,Upfield,2-UFD-vpt-1.1.H,-37.81228982,144.94674763,99
UFD,Upfield,2-UFD-vpt-1.1.H,-37.8120895,144.946526,100
UFD,Upfield,2-UFD-vpt-1.1.H,-37.81201534,144.94643366,101
UFD,Upfield,2-UFD-vpt-1.1.H,-37.81191533,144.94630568,102
UFD,Upfield,2-UFD-vpt-1.1.H,-37.81177634,144.9461128,103
UFD,Upfield,2-UFD-vpt-1.1.H,-37.81157004,144.94583783,104
UFD,Upfield,2-UFD-vpt-1.1.H,-37.81146029,144.945704,105
UFD,Upfield,2-UFD-vpt-1.1.H,-37.81138498,144.94561805,106
UFD,Upfield,2-UFD-vpt-1.1.H,-37.8112275,144.94545022,107
UFD,Upfield,2-UFD-vpt-1.1.H,-37.81083087,144.94503571,108
UFD,Upfield,2-UFD-vpt-1.1.H,-37.81072539,144.94493004,109
UFD,Upfield,2-UFD-vpt-1.1.H,-37.810622,144.94483533,110
UFD,Upfield,2-UFD-vpt-1.1.H,-37.81040186,144.94465072,111
UFD,Upfield,2-UFD-vpt-1.1.H,-37.80978436,144.94416965,112
UFD,Upfield,2-UFD-vpt-1.1.H,-37.80926528,144.94376162,113
UFD,Upfield,2-UFD-vpt-1.1.H,-37.80893091,144.94350704,114
UFD,Upfield,2-UFD-vpt-1.1.H,-37.80862859,144.94329666,115
UFD,Upfield,2-UFD-vpt-1.1.H,-37.80812293,144.9429295,116
UFD,Upfield,2-UFD-vpt-1.1.H,-37.80797724,144.94281802,117
UFD,Upfield,2-UFD-vpt-1.1.H,-37.80727529,144.94226448,118
UFD,Upfield,2-UFD-vpt-1.1.H,-37.80656922,144.94170765,119
UFD,Upfield,2-UFD-vpt-1.1.H,-37.80624298,144.94143877,120
UFD,Upfield,2-UFD-vpt-1.1.H,-37.80586773,144.94113446,121
UFD,Upfield,2-UFD-vpt-1.1.H,-37.80559533,144.94087306,122
UFD,Upfield,2-UFD-vpt-1.1.H,-37.80527952,144.94052576,123
UFD,Upfield,2-UFD-vpt-1.1.H,-37.80495742,144.94016376,124
UFD,Upfield,2-UFD-vpt-1.1.H,-37.80489492,144.94008383,125
UFD,Upfield,2-UFD-vpt-1.1.H,-37.80475717,144.93994693,126
UFD,Upfield,2-UFD-vpt-1.1.H,-37.80460767,144.9398132,127
UFD,Upfield,2-UFD-vpt-1.1.H,-37.80437917,144.93959898,128
UFD,Upfield,2-UFD-vpt-1.1.H,-37.8042464,144.93945865,129
UFD,Upfield,2-UFD-vpt-1.1.H,-37.80389943,144.93908133,130
UFD,Upfield,2-UFD-vpt-1.1.H,-37.80372109,144.93892172,131
UFD,Upfield,2-UFD-vpt-1.1.H,-37.80365058,144.9388528,132
UFD,Upfield,2-UFD-vpt-1.1.H,-37.80357702,144.93877432,133
UFD,Upfield,2-UFD-vpt-1.1.H,-37.80318338,144.93833084,134
UFD,Upfield,2-UFD-vpt-1.1.H,-37.80291013,144.9380369,135
UFD,Upfield,2-UFD-vpt-1.1.H,-37.80285522,144.93798402,136
UFD,Upfield,2-UFD-vpt-1.1.H,-37.80277166,144.93791581,137
UFD,Upfield,2-UFD-vpt-1.1.H,-37.80261073,144.93780365,138
UFD,Upfield,2-UFD-vpt-1.1.H,-37.80251063,144.93774283,139
UFD,Upfield,2-UFD-vpt-1.1.H,-37.80234219,144.93764995,140
UFD,Upfield,2-UFD-vpt-1.1.H,-37.80223307,144.93759881,141
UFD,Upfield,2-UFD-vpt-1.1.H,-37.80214974,144.93756467,142
UFD,Upfield,2-UFD-vpt-1.1.H,-37.80185047,144.9374676,143
UFD,Upfield,2-UFD-vpt-1.1.H,-37.8011512,144.93727456,144
UFD,Upfield,2-UFD-vpt-1.1.H,-37.80039828,144.93705359,145
UFD,Upfield,2-UFD-vpt-1.1.H,-37.79952814,144.93681409,146
UFD,Upfield,2-UFD-vpt-1.1.H,-37.79928741,144.93673004,147
UFD,Upfield,2-UFD-vpt-1.1.H,-37.79863836,144.93654345,148
UFD,Upfield,2-UFD-vpt-1.1.H,-37.79828041,144.93645097,149
UFD,Upfield,2-UFD-vpt-1.1.H,-37.79712074,144.9361397,150
UFD,Upfield,2-UFD-vpt-1.1.H,-37.79681273,144.93607389,151
UFD,Upfield,2-UFD-vpt-1.1.H,-37.79667206,144.93604805,152
UFD,Upfield,2-UFD-vpt-1.1.H,-37.79630944,144.93599761,153
UFD,Upfield,2-UFD-vpt-1.1.H,-37.79597048,144.93597025,154
UFD,Upfield,2-UFD-vpt-1.1.H,-37.79554518,144.93596812,155
UFD,Upfield,2-UFD-vpt-1.1.H,-37.79510507,144.93600524,156
UFD,Upfield,2-UFD-vpt-1.1.H,-37.79478628,144.93605454,157
UFD,Upfield,2-UFD-vpt-1.1.H,-37.79410794,144.9361762,158
UFD,Upfield,2-UFD-vpt-1.1.H,-37.79350116,144.93628825,159
UFD,Upfield,2-UFD-vpt-1.1.H,-37.79321527,144.93633266,160
UFD,Upfield,2-UFD-vpt-1.1.H,-37.79259527,144.93644087,161
UFD,Upfield,2-UFD-vpt-1.1.H,-37.79199198,144.93655702,162
UFD,Upfield,2-UFD-vpt-1.1.H,-37.79163848,144.9366359,163
UFD,Upfield,2-UFD-vpt-1.1.H,-37.79122764,144.9367442,164
UFD,Upfield,2-UFD-vpt-1.1.H,-37.7907689,144.93689073,165
UFD,Upfield,2-UFD-vpt-1.1.H,-37.79053712,144.93698904,166
UFD,Upfield,2-UFD-vpt-1.1.H,-37.79012084,144.937183,167
UFD,Upfield,2-UFD-vpt-1.1.H,-37.79000874,144.93724505,168
UFD,Upfield,2-UFD-vpt-1.1.H,-37.78992881,144.93730178,169
UFD,Upfield,2-UFD-vpt-1.1.H,-37.78979049,144.93741532,170
UFD,Upfield,2-UFD-vpt-1.1.H,-37.78942113,144.9377465,171
UFD,Upfield,2-UFD-vpt-1.1.H,-37.78910542,144.93803815,172
UFD,Upfield,2-UFD-vpt-1.1.H,-37.78874264,144.93842115,173
UFD,Upfield,2-UFD-vpt-1.1.H,-37.78864267,144.93853794,174
UFD,Upfield,2-UFD-vpt-1.1.H,-37.7884905,144.93872544,175
UFD,Upfield,2-UFD-vpt-1.1.H,-37.78834612,144.93892579,176
UFD,Upfield,2-UFD-vpt-1.1.H,-37.78826952,144.93903898,177
UFD,Upfield,2-UFD-vpt-1.1.H,-37.78815347,144.93922536,178
UFD,Upfield,2-UFD-vpt-1.1.H,-37.7880567,144.93938635,179
UFD,Upfield,2-UFD-vpt-1.1.H,-37.78795022,144.93957871,180
UFD,Upfield,2-UFD-vpt-1.1.H,-37.78779611,144.93990299,181
UFD,Upfield,2-UFD-vpt-1.1.H,-37.78735148,144.9408928,182
UFD,Upfield,2-UFD-vpt-1.1.H,-37.78719029,144.94126087,183
UFD,Upfield,2-UFD-vpt-1.1.H,-37.78708357,144.94149684,184
UFD,Upfield,2-UFD-vpt-1.1.H,-37.78699502,144.94168962,185
UFD,Upfield,2-UFD-vpt-1.1.H,-37.78690139,144.94188537,186
UFD,Upfield,2-UFD-vpt-1.1.H,-37.78675187,144.94218373,187
UFD,Upfield,2-UFD-vpt-1.1.H,-37.78665599,144.94236455,188
UFD,Upfield,2-UFD-vpt-1.1.H,-37.78656618,144.94252692,189
UFD,Upfield,2-UFD-vpt-1.1.H,-37.78650049,144.94264037,190
UFD,Upfield,2-UFD-vpt-1.1.H,-37.78641121,144.94278649,191
UFD,Upfield,2-UFD-vpt-1.1.H,-37.78612838,144.94322264,192
UFD,Upfield,2-UFD-vpt-1.1.H,-37.785887,144.94358135,193
UFD,Upfield,2-UFD-vpt-1.1.H,-37.78566361,144.94390241,194
UFD,Upfield,2-UFD-vpt-1.1.H,-37.7855334,144.94407828,195
UFD,Upfield,2-UFD-vpt-1.1.H,-37.78537628,144.94428237,196
UFD,Upfield,2-UFD-vpt-1.1.H,-37.78516652,144.94454253,197
UFD,Upfield,2-UFD-vpt-1.1.H,-37.78490171,144.94485464,198
UFD,Upfield,2-UFD-vpt-1.1.H,-37.78482304,144.944943,199
UFD,Upfield,2-UFD-vpt-1.1.H,-37.78454914,144.94523548,200
UFD,Upfield,2-UFD-vpt-1.1.H,-37.78375333,144.94604759,201
UFD,Upfield,2-UFD-vpt-1.1.H,-37.78345443,144.94635892,202
UFD,Upfield,2-UFD-vpt-1.1.H,-37.78324994,144.94658066,203
UFD,Upfield,2-UFD-vpt-1.1.H,-37.7830706,144.94678149,204
UFD,Upfield,2-UFD-vpt-1.1.H,-37.78285887,144.94702739,205
UFD,Upfield,2-UFD-vpt-1.1.H,-37.7827052,144.94721751,206
UFD,Upfield,2-UFD-vpt-1.1.H,-37.78262597,144.94731997,207
UFD,Upfield,2-UFD-vpt-1.1.H,-37.78253107,144.94744908,208
UFD,Upfield,2-UFD-vpt-1.1.H,-37.7824612,144.94755048,209
UFD,Upfield,2-UFD-vpt-1.1.H,-37.78228731,144.9478169,210
UFD,Upfield,2-UFD-vpt-1.1.H,-37.78220082,144.94795759,211
UFD,Upfield,2-UFD-vpt-1.1.H,-37.78213592,144.94807055,212
UFD,Upfield,2-UFD-vpt-1.1.H,-37.78205111,144.94822527,213
UFD,Upfield,2-UFD-vpt-1.1.H,-37.78198313,144.94835818,214
UFD,Upfield,2-UFD-vpt-1.1.H,-37.78185194,144.94862796,215
UFD,Upfield,2-UFD-vpt-1.1.H,-37.78176864,144.94881807,216
UFD,Upfield,2-UFD-vpt-1.1.H,-37.78169663,144.94899344,217
UFD,Upfield,2-UFD-vpt-1.1.H,-37.78163067,144.94916456,218
UFD,Upfield,2-UFD-vpt-1.1.H,-37.78152603,144.94946902,219
UFD,Upfield,2-UFD-vpt-1.1.H,-37.78142426,144.94980407,220
UFD,Upfield,2-UFD-vpt-1.1.H,-37.78138172,144.94995955,221
UFD,Upfield,2-UFD-vpt-1.1.H,-37.78131731,144.95023531,222
UFD,Upfield,2-UFD-vpt-1.1.H,-37.78127893,144.9504219,223
UFD,Upfield,2-UFD-vpt-1.1.H,-37.78124006,144.95064836,224
UFD,Upfield,2-UFD-vpt-1.1.H,-37.7812185,144.95079724,225
UFD,Upfield,2-UFD-vpt-1.1.H,-37.78120087,144.95094443,226
UFD,Upfield,2-UFD-vpt-1.1.H,-37.78118681,144.95109958,227
UFD,Upfield,2-UFD-vpt-1.1.H,-37.78116978,144.95136892,228
UFD,Upfield,2-UFD-vpt-1.1.H,-37.78116697,144.95189175,229
UFD,Upfield,2-UFD-vpt-1.1.H,-37.78115881,144.95326767,230
UFD,Upfield,2-UFD-vpt-1.1.H,-37.78114908,144.95349106,231
UFD,Upfield,2-UFD-vpt-1.1.H,-37.78112576,144.95382404,232
UFD,Upfield,2-UFD-vpt-1.1.H,-37.78110176,144.95409709,233
UFD,Upfield,2-UFD-vpt-1.1.H,-37.78108361,144.95426098,234
UFD,Upfield,2-UFD-vpt-1.1.H,-37.78103863,144.95456675,235
UFD,Upfield,2-UFD-vpt-1.1.H,-37.78099732,144.95477715,236
UFD,Upfield,2-UFD-vpt-1.1.H,-37.78095947,144.95493795,237
UFD,Upfield,2-UFD-vpt-1.1.H,-37.78090263,144.9551314,238
UFD,Upfield,2-UFD-vpt-1.1.H,-37.78078751,144.95547191,239
UFD,Upfield,2-UFD-vpt-1.1.H,-37.78072136,144.95563815,240
UFD,Upfield,2-UFD-vpt-1.1.H,-37.78064164,144.95582156,241
UFD,Upfield,2-UFD-vpt-1.1.H,-37.78055206,144.95601364,242
UFD,Upfield,2-UFD-vpt-1.1.H,-37.78044374,144.95622645,243
UFD,Upfield,2-UFD-vpt-1.1.H,-37.7803636,144.95637093,244
UFD,Upfield,2-UFD-vpt-1.1.H,-37.78022771,144.95659983,245
UFD,Upfield,2-UFD-vpt-1.1.H,-37.78018743,144.95666202,246
UFD,Upfield,2-UFD-vpt-1.1.H,-37.78009318,144.95679303,247
UFD,Upfield,2-UFD-vpt-1.1.H,-37.77997466,144.95694254,248
UFD,Upfield,2-UFD-vpt-1.1.H,-37.77985368,144.95707554,249
UFD,Upfield,2-UFD-vpt-1.1.H,-37.77974051,144.95718561,250
UFD,Upfield,2-UFD-vpt-1.1.H,-37.77961322,144.95729709,251
UFD,Upfield,2-UFD-vpt-1.1.H,-37.77947328,144.95740733,252
UFD,Upfield,2-UFD-vpt-1.1.H,-37.77927254,144.9575449,253
UFD,Upfield,2-UFD-vpt-1.1.H,-37.77915224,144.9576177,254
UFD,Upfield,2-UFD-vpt-1.1.H,-37.77908253,144.95765664,255
UFD,Upfield,2-UFD-vpt-1.1.H,-37.77886976,144.95776547,256
UFD,Upfield,2-UFD-vpt-1.1.H,-37.77867087,144.95784884,257
UFD,Upfield,2-UFD-vpt-1.1.H,-37.77850749,144.95790613,258
UFD,Upfield,2-UFD-vpt-1.1.H,-37.77832459,144.95796067,259
UFD,Upfield,2-UFD-vpt-1.1.H,-37.77802379,144.95803412,260
UFD,Upfield,2-UFD-vpt-1.1.H,-37.77777741,144.95808654,261
UFD,Upfield,2-UFD-vpt-1.1.H,-37.77764153,144.95811843,262
UFD,Upfield,2-UFD-vpt-1.1.H,-37.77674584,144.95831588,263
UFD,Upfield,2-UFD-vpt-1.1.H,-37.77611616,144.95845991,264
UFD,Upfield,2-UFD-vpt-1.1.H,-37.77592974,144.95849786,265
UFD,Upfield,2-UFD-vpt-1.1.H,-37.77495644,144.95871491,266
UFD,Upfield,2-UFD-vpt-1.1.H,-37.77452878,144.95880558,267
UFD,Upfield,2-UFD-vpt-1.1.H,-37.77414447,144.95887599,268
UFD,Upfield,2-UFD-vpt-1.1.H,-37.77382977,144.95892756,269
UFD,Upfield,2-UFD-vpt-1.1.H,-37.77349296,144.95897224,270
UFD,Upfield,2-UFD-vpt-1.1.H,-37.77320461,144.95900481,271
UFD,Upfield,2-UFD-vpt-1.1.H,-37.77232628,144.95909594,272
UFD,Upfield,2-UFD-vpt-1.1.H,-37.77169771,144.95916409,273
UFD,Upfield,2-UFD-vpt-1.1.H,-37.77057711,144.95927948,274
UFD,Upfield,2-UFD-vpt-1.1.H,-37.77034191,144.95930593,275
UFD,Upfield,2-UFD-vpt-1.1.H,-37.769312,144.95941292,276
UFD,Upfield,2-UFD-vpt-1.1.H,-37.76855974,144.95949388,277
UFD,Upfield,2-UFD-vpt-1.1.H,-37.76835713,144.95951307,278
UFD,Upfield,2-UFD-vpt-1.1.H,-37.76793204,144.95955961,279
UFD,Upfield,2-UFD-vpt-1.1.H,-37.76778798,144.95957265,280
UFD,Upfield,2-UFD-vpt-1.1.H,-37.76723523,144.95963144,281
UFD,Upfield,2-UFD-vpt-1.1.H,-37.76674684,144.95969174,282
UFD,Upfield,2-UFD-vpt-1.1.H,-37.76629719,144.95976166,283
UFD,Upfield,2-UFD-vpt-1.1.H,-37.76545193,144.9599101,284
UFD,Upfield,2-UFD-vpt-1.1.H,-37.76412578,144.96015144,285
UFD,Upfield,2-UFD-vpt-1.1.H,-37.76357081,144.96024888,286
UFD,Upfield,2-UFD-vpt-1.1.H,-37.76332076,144.96029741,287
UFD,Upfield,2-UFD-vpt-1.1.H,-37.76221251,144.96049665,288
UFD,Upfield,2-UFD-vpt-1.1.H,-37.76101597,144.96070739,289
UFD,Upfield,2-UFD-vpt-1.1.H,-37.76072348,144.96076185,290
UFD,Upfield,2-UFD-vpt-1.1.H,-37.76060324,144.96078661,291
UFD,Upfield,2-UFD-vpt-1.1.H,-37.75940844,144.96099945,292
UFD,Upfield,2-UFD-vpt-1.1.H,-37.7590139,144.96107192,293
UFD,Upfield,2-UFD-vpt-1.1.H,-37.75878041,144.96110864,294
UFD,Upfield,2-UFD-vpt-1.1.H,-37.75860251,144.96113952,295
UFD,Upfield,2-UFD-vpt-1.1.H,-37.75756812,144.9613266,296
UFD,Upfield,2-UFD-vpt-1.1.H,-37.75735711,144.96136054,297
UFD,Upfield,2-UFD-vpt-1.1.H,-37.75718166,144.96139204,298
UFD,Upfield,2-UFD-vpt-1.1.H,-37.75680399,144.96145019,299
UFD,Upfield,2-UFD-vpt-1.1.H,-37.75605993,144.96154156,300
UFD,Upfield,2-UFD-vpt-1.1.H,-37.75581619,144.96156936,301
UFD,Upfield,2-UFD-vpt-1.1.H,-37.75500564,144.96167719,302
UFD,Upfield,2-UFD-vpt-1.1.H,-37.7548169,144.96170689,303
UFD,Upfield,2-UFD-vpt-1.1.H,-37.75400515,144.96181282,304
UFD,Upfield,2-UFD-vpt-1.1.H,-37.75316896,144.96192861,305
UFD,Upfield,2-UFD-vpt-1.1.H,-37.75149027,144.96214957,306
UFD,Upfield,2-UFD-vpt-1.1.H,-37.74788077,144.96259339,307
UFD,Upfield,2-UFD-vpt-1.1.H,-37.74732661,144.96265966,308
UFD,Upfield,2-UFD-vpt-1.1.H,-37.74593754,144.96283281,309
UFD,Upfield,2-UFD-vpt-1.1.H,-37.74526952,144.96291252,310
UFD,Upfield,2-UFD-vpt-1.1.H,-37.74502263,144.96293541,311
UFD,Upfield,2-UFD-vpt-1.1.H,-37.74451873,144.96296897,312
UFD,Upfield,2-UFD-vpt-1.1.H,-37.74427274,144.96298672,313
UFD,Upfield,2-UFD-vpt-1.1.H,-37.74411592,144.96300135,314
UFD,Upfield,2-UFD-vpt-1.1.H,-37.74400086,144.96300768,315
UFD,Upfield,2-UFD-vpt-1.1.H,-37.74375612,144.96303505,316
UFD,Upfield,2-UFD-vpt-1.1.H,-37.74362177,144.96305178,317
UFD,Upfield,2-UFD-vpt-1.1.H,-37.7433612,144.96309138,318
UFD,Upfield,2-UFD-vpt-1.1.H,-37.74201838,144.96330228,319
UFD,Upfield,2-UFD-vpt-1.1.H,-37.74113346,144.96344002,320
UFD,Upfield,2-UFD-vpt-1.1.H,-37.74096957,144.96346324,321
UFD,Upfield,2-UFD-vpt-1.1.H,-37.74078529,144.96348463,322
UFD,Upfield,2-UFD-vpt-1.1.H,-37.74063477,144.96349397,323
UFD,Upfield,2-UFD-vpt-1.1.H,-37.74052597,144.9634973,324
UFD,Upfield,2-UFD-vpt-1.1.H,-37.74031691,144.96349815,325
UFD,Upfield,2-UFD-vpt-1.1.H,-37.74020921,144.96349247,326
UFD,Upfield,2-UFD-vpt-1.1.H,-37.74009814,144.96348508,327
UFD,Upfield,2-UFD-vpt-1.1.H,-37.73985884,144.96346224,328
UFD,Upfield,2-UFD-vpt-1.1.H,-37.7394041,144.96340469,329
UFD,Upfield,2-UFD-vpt-1.1.H,-37.73897412,144.96335622,330
UFD,Upfield,2-UFD-vpt-1.1.H,-37.73873586,144.96332598,331
UFD,Upfield,2-UFD-vpt-1.1.H,-37.73847328,144.96329596,332
UFD,Upfield,2-UFD-vpt-1.1.H,-37.73833958,144.96327715,333
UFD,Upfield,2-UFD-vpt-1.1.H,-37.73776482,144.96321018,334
UFD,Upfield,2-UFD-vpt-1.1.H,-37.73747224,144.96318087,335
UFD,Upfield,2-UFD-vpt-1.1.H,-37.73675159,144.96309395,336
UFD,Upfield,2-UFD-vpt-1.1.H,-37.7351008,144.9629169,337
UFD,Upfield,2-UFD-vpt-1.1.H,-37.7340508,144.96282166,338
UFD,Upfield,2-UFD-vpt-1.1.H,-37.73336088,144.96274014,339
UFD,Upfield,2-UFD-vpt-1.1.H,-37.7324641,144.96263526,340
UFD,Upfield,2-UFD-vpt-1.1.H,-37.73120103,144.96248095,341
UFD,Upfield,2-UFD-vpt-1.1.H,-37.73015287,144.96236173,342
UFD,Upfield,2-UFD-vpt-1.1.H,-37.72923858,144.96224496,343
UFD,Upfield,2-UFD-vpt-1.1.H,-37.72733659,144.96202377,344
UFD,Upfield,2-UFD-vpt-1.1.H,-37.72726628,144.96201231,345
UFD,Upfield,2-UFD-vpt-1.1.H,-37.72640748,144.96191513,346
UFD,Upfield,2-UFD-vpt-1.1.H,-37.72508367,144.96175548,347
UFD,Upfield,2-UFD-vpt-1.1.H,-37.72418626,144.96165085,348
UFD,Upfield,2-UFD-vpt-1.1.H,-37.72376999,144.9615985,349
UFD,Upfield,2-UFD-vpt-1.1.H,-37.72103266,144.96127192,350
UFD,Upfield,2-UFD-vpt-1.1.H,-37.72074449,144.96123728,351
UFD,Upfield,2-UFD-vpt-1.1.H,-37.72042373,144.96120433,352
UFD,Upfield,2-UFD-vpt-1.1.H,-37.71893327,144.96102272,353
UFD,Upfield,2-UFD-vpt-1.1.H,-37.71749274,144.96086221,354
UFD,Upfield,2-UFD-vpt-1.1.H,-37.71659077,144.96074956,355
UFD,Upfield,2-UFD-vpt-1.1.H,-37.71465643,144.96051888,356
UFD,Upfield,2-UFD-vpt-1.1.H,-37.713516,144.96037954,357
UFD,Upfield,2-UFD-vpt-1.1.H,-37.71346151,144.96037615,358
UFD,Upfield,2-UFD-vpt-1.1.H,-37.71126719,144.9601153,359
UFD,Upfield,2-UFD-vpt-1.1.H,-37.7106417,144.96003818,360
UFD,Upfield,2-UFD-vpt-1.1.H,-37.7103388,144.96000667,361
UFD,Upfield,2-UFD-vpt-1.1.H,-37.70883117,144.95982285,362
UFD,Upfield,2-UFD-vpt-1.1.H,-37.70502018,144.95936726,363
UFD,Upfield,2-UFD-vpt-1.1.H,-37.7047654,144.95933035,364
UFD,Upfield,2-UFD-vpt-1.1.H,-37.70451379,144.95928882,365
UFD,Upfield,2-UFD-vpt-1.1.H,-37.70380187,144.95918063,366
UFD,Upfield,2-UFD-vpt-1.1.H,-37.70296047,144.95908404,367
UFD,Upfield,2-UFD-vpt-1.1.H,-37.70188456,144.95894989,368
UFD,Upfield,2-UFD-vpt-1.1.H,-37.70062819,144.95874605,369
UFD,Upfield,2-UFD-vpt-1.1.H,-37.70059426,144.95874335,370
UFD,Upfield,2-UFD-vpt-1.1.H,-37.70027904,144.95871831,371
UFD,Upfield,2-UFD-vpt-1.1.H,-37.69958409,144.9586843,372
UFD,Upfield,2-UFD-vpt-1.1.H,-37.6988667,144.95864556,373
UFD,Upfield,2-UFD-vpt-1.1.H,-37.6984699,144.95859849,374
UFD,Upfield,2-UFD-vpt-1.1.H,-37.69760286,144.95848879,375
UFD,Upfield,2-UFD-vpt-1.1.H,-37.69565886,144.9582579,376
UFD,Upfield,2-UFD-vpt-1.1.H,-37.6951167,144.95816401,377
UFD,Upfield,2-UFD-vpt-1.1.H,-37.69489588,144.95811041,378
UFD,Upfield,2-UFD-vpt-1.1.H,-37.69442526,144.95796341,379
UFD,Upfield,2-UFD-vpt-1.1.H,-37.69404171,144.95780734,380
UFD,Upfield,2-UFD-vpt-1.1.H,-37.69311448,144.95744843,381
UFD,Upfield,2-UFD-vpt-1.1.H,-37.69238919,144.95715669,382
UFD,Upfield,2-UFD-vpt-1.1.H,-37.69151107,144.95681347,383
UFD,Upfield,2-UFD-vpt-1.1.H,-37.69106981,144.95666602,384
UFD,Upfield,2-UFD-vpt-1.1.H,-37.69072072,144.95655879,385
UFD,Upfield,2-UFD-vpt-1.1.H,-37.69045323,144.95648505,386
UFD,Upfield,2-UFD-vpt-1.1.H,-37.69031312,144.95644988,387
UFD,Upfield,2-UFD-vpt-1.1.H,-37.69003928,144.95638925,388
UFD,Upfield,2-UFD-vpt-1.1.H,-37.6897134,144.95632686,389
UFD,Upfield,2-UFD-vpt-1.1.H,-37.68884226,144.95617806,390
UFD,Upfield,2-UFD-vpt-1.1.H,-37.68796562,144.95601956,391
UFD,Upfield,2-UFD-vpt-1.1.H,-37.68602559,144.95565891,392
UFD,Upfield,2-UFD-vpt-1.1.H,-37.68449406,144.95537053,393
UFD,Upfield,2-UFD-vpt-1.1.H,-37.68414913,144.95528475,394
UFD,Upfield,2-UFD-vpt-1.1.H,-37.68382863,144.95518413,395
UFD,Upfield,2-UFD-vpt-1.1.H,-37.68337847,144.95499646,396
UFD,Upfield,2-UFD-vpt-1.1.H,-37.68299118,144.95482737,397
UFD,Upfield,2-UFD-vpt-1.1.H,-37.6825688,144.95458871,398
UFD,Upfield,2-UFD-vpt-1.1.H,-37.68211884,144.95428289,399
UFD,Upfield,2-UFD-vpt-1.1.H,-37.6817377,144.95398516,400
UFD,Upfield,2-UFD-vpt-1.1.H,-37.68130793,144.95360158,401
UFD,Upfield,2-UFD-vpt-1.1.H,-37.68079842,144.95315635,402
UFD,Upfield,2-UFD-vpt-1.1.H,-37.68033137,144.95279024,403
UFD,Upfield,2-UFD-vpt-1.1.H,-37.67984102,144.95244688,404
UFD,Upfield,2-UFD-vpt-1.1.H,-37.67939996,144.95217134,405
UFD,Upfield,2-UFD-vpt-1.1.H,-37.67870639,144.95180195,406
UFD,Upfield,2-UFD-vpt-1.1.H,-37.67814757,144.95154304,407
UFD,Upfield,2-UFD-vpt-1.1.H,-37.67792253,144.95145455,408
UFD,Upfield,2-UFD-vpt-1.1.H,-37.67727397,144.95120707,409
UFD,Upfield,2-UFD-vpt-1.1.H,-37.67542648,144.95048894,410
UFD,Upfield,2-UFD-vpt-1.1.H,-37.67512081,144.95035483,411
UFD,Upfield,2-UFD-vpt-1.1.H,-37.67424618,144.95001676,412
UFD,Upfield,2-UFD-vpt-1.1.H,-37.6734087,144.94967495,413
UFD,Upfield,2-UFD-vpt-1.1.H,-37.67296069,144.94950191,414
UFD,Upfield,2-UFD-vpt-1.1.H,-37.67105969,144.94875506,415
UFD,Upfield,2-UFD-vpt-1.1.H,-37.67095984,144.94871325,416
UFD,Upfield,2-UFD-vpt-1.1.H,-37.66901397,144.94795146,417
UFD,Upfield,2-UFD-vpt-1.1.H,-37.66844394,144.94772217,418
UFD,Upfield,2-UFD-vpt-1.1.H,-37.66594724,144.94674195,419
WER,Werribee,2-WER-vpt-1.6.R,-37.89935937,144.66106254,1
WER,Werribee,2-WER-vpt-1.6.R,-37.89931301,144.66117807,2
WER,Werribee,2-WER-vpt-1.6.R,-37.8992525,144.66133908,3
WER,Werribee,2-WER-vpt-1.6.R,-37.89914463,144.66163805,4
WER,Werribee,2-WER-vpt-1.6.R,-37.89909073,144.66180067,5
WER,Werribee,2-WER-vpt-1.6.R,-37.89900157,144.66207085,6
WER,Werribee,2-WER-vpt-1.6.R,-37.89876182,144.66287958,7
WER,Werribee,2-WER-vpt-1.6.R,-37.89873171,144.66297447,8
WER,Werribee,2-WER-vpt-1.6.R,-37.89869308,144.66307997,9
WER,Werribee,2-WER-vpt-1.6.R,-37.89749394,144.66602088,10
WER,Werribee,2-WER-vpt-1.6.R,-37.89738253,144.66628731,11
WER,Werribee,2-WER-vpt-1.6.R,-37.89695896,144.6673479,12
WER,Werribee,2-WER-vpt-1.6.R,-37.8961609,144.66931081,13
WER,Werribee,2-WER-vpt-1.6.R,-37.89561541,144.67067383,14
WER,Werribee,2-WER-vpt-1.6.R,-37.89488621,144.67248553,15
WER,Werribee,2-WER-vpt-1.6.R,-37.89260156,144.67810688,16
WER,Werribee,2-WER-vpt-1.6.R,-37.89234581,144.67870439,17
WER,Werribee,2-WER-vpt-1.6.R,-37.8920926,144.67925735,18
WER,Werribee,2-WER-vpt-1.6.R,-37.89176626,144.67998624,19
WER,Werribee,2-WER-vpt-1.6.R,-37.89150129,144.68059198,20
WER,Werribee,2-WER-vpt-1.6.R,-37.89134351,144.6809766,21
WER,Werribee,2-WER-vpt-1.6.R,-37.89109132,144.68161844,22
WER,Werribee,2-WER-vpt-1.6.R,-37.89094436,144.68200294,23
WER,Werribee,2-WER-vpt-1.6.R,-37.89083069,144.68230783,24
WER,Werribee,2-WER-vpt-1.6.R,-37.89055104,144.68308401,25
WER,Werribee,2-WER-vpt-1.6.R,-37.8903706,144.68357156,26
WER,Werribee,2-WER-vpt-1.6.R,-37.89007405,144.68434155,27
WER,Werribee,2-WER-vpt-1.6.R,-37.88988276,144.68481874,28
WER,Werribee,2-WER-vpt-1.6.R,-37.88869839,144.68773631,29
WER,Werribee,2-WER-vpt-1.6.R,-37.88719374,144.69145584,30
WER,Werribee,2-WER-vpt-1.6.R,-37.88500759,144.69684874,31
WER,Werribee,2-WER-vpt-1.6.R,-37.88470312,144.69757714,32
WER,Werribee,2-WER-vpt-1.6.R,-37.8844575,144.69813566,33
WER,Werribee,2-WER-vpt-1.6.R,-37.88423118,144.69862615,34
WER,Werribee,2-WER-vpt-1.6.R,-37.88403793,144.69905694,35
WER,Werribee,2-WER-vpt-1.6.R,-37.88372076,144.69978197,36
WER,Werribee,2-WER-vpt-1.6.R,-37.88354036,144.70021565,37
WER,Werribee,2-WER-vpt-1.6.R,-37.88329875,144.70082359,38
WER,Werribee,2-WER-vpt-1.6.R,-37.88309914,144.70132074,39
WER,Werribee,2-WER-vpt-1.6.R,-37.88285579,144.70196011,40
WER,Werribee,2-WER-vpt-1.6.R,-37.88262919,144.70258464,41
WER,Werribee,2-WER-vpt-1.6.R,-37.88251263,144.70291934,42
WER,Werribee,2-WER-vpt-1.6.R,-37.88230216,144.70349344,43
WER,Werribee,2-WER-vpt-1.6.R,-37.88216817,144.70384915,44
WER,Werribee,2-WER-vpt-1.6.R,-37.88204657,144.70415706,45
WER,Werribee,2-WER-vpt-1.6.R,-37.88112577,144.70642415,46
WER,Werribee,2-WER-vpt-1.6.R,-37.88068947,144.70747524,47
WER,Werribee,2-WER-vpt-1.6.R,-37.87995282,144.70929509,48
WER,Werribee,2-WER-vpt-1.6.R,-37.87963842,144.7100636,49
WER,Werribee,2-WER-vpt-1.6.R,-37.87938011,144.71073283,50
WER,Werribee,2-WER-vpt-1.6.R,-37.87914936,144.71138721,51
WER,Werribee,2-WER-vpt-1.6.R,-37.87894187,144.7120337,52
WER,Werribee,2-WER-vpt-1.6.R,-37.87880001,144.71255129,53
WER,Werribee,2-WER-vpt-1.6.R,-37.8781173,144.71523624,54
WER,Werribee,2-WER-vpt-1.6.R,-37.87726033,144.71866902,55
WER,Werribee,2-WER-vpt-1.6.R,-37.87677287,144.7205966,56
WER,Werribee,2-WER-vpt-1.6.R,-37.87646041,144.7218511,57
WER,Werribee,2-WER-vpt-1.6.R,-37.87549307,144.7256633,58
WER,Werribee,2-WER-vpt-1.6.R,-37.87541206,144.72599888,59
WER,Werribee,2-WER-vpt-1.6.R,-37.87512997,144.72710234,60
WER,Werribee,2-WER-vpt-1.6.R,-37.8746631,144.72896052,61
WER,Werribee,2-WER-vpt-1.6.R,-37.87460069,144.72919582,62
WER,Werribee,2-WER-vpt-1.6.R,-37.87448832,144.72963957,63
WER,Werribee,2-WER-vpt-1.6.R,-37.87352081,144.73348386,64
WER,Werribee,2-WER-vpt-1.6.R,-37.87345978,144.73371696,65
WER,Werribee,2-WER-vpt-1.6.R,-37.8717551,144.74045967,66
WER,Werribee,2-WER-vpt-1.6.R,-37.8714046,144.7418236,67
WER,Werribee,2-WER-vpt-1.6.R,-37.87097063,144.74353896,68
WER,Werribee,2-WER-vpt-1.6.R,-37.87021599,144.74654713,69
WER,Werribee,2-WER-vpt-1.6.R,-37.86953659,144.74922489,70
WER,Werribee,2-WER-vpt-1.6.R,-37.8690364,144.75121545,71
WER,Werribee,2-WER-vpt-1.6.R,-37.86860971,144.75288102,72
WER,Werribee,2-WER-vpt-1.6.R,-37.86808991,144.75493828,73
WER,Werribee,2-WER-vpt-1.6.R,-37.86758349,144.75697123,74
WER,Werribee,2-WER-vpt-1.6.R,-37.8673654,144.75781697,75
WER,Werribee,2-WER-vpt-1.6.R,-37.8673142,144.75801007,76
WER,Werribee,2-WER-vpt-1.6.R,-37.86717051,144.75852765,77
WER,Werribee,2-WER-vpt-1.6.R,-37.86703634,144.7589872,78
WER,Werribee,2-WER-vpt-1.6.R,-37.86684481,144.75962411,79
WER,Werribee,2-WER-vpt-1.6.R,-37.8667232,144.76004781,80
WER,Werribee,2-WER-vpt-1.6.R,-37.86661107,144.76045349,81
WER,Werribee,2-WER-vpt-1.6.R,-37.866495,144.76089862,82
WER,Werribee,2-WER-vpt-1.6.R,-37.86640172,144.76127713,83
WER,Werribee,2-WER-vpt-1.6.R,-37.8663036,144.76168999,84
WER,Werribee,2-WER-vpt-1.6.R,-37.86617608,144.76227221,85
WER,Werribee,2-WER-vpt-1.6.R,-37.86599442,144.76315445,86
WER,Werribee,2-WER-vpt-1.6.R,-37.8659076,144.76355071,87
WER,Werribee,2-WER-vpt-1.6.R,-37.86580041,144.76401762,88
WER,Werribee,2-WER-vpt-1.6.R,-37.86536792,144.76573823,89
WER,Werribee,2-WER-vpt-1.6.R,-37.86508417,144.76684065,90
WER,Werribee,2-WER-vpt-1.6.R,-37.86415872,144.77051596,91
WER,Werribee,2-WER-vpt-1.6.R,-37.86377665,144.77204903,92
WER,Werribee,2-WER-vpt-1.6.R,-37.86372669,144.77225127,93
WER,Werribee,2-WER-vpt-1.6.R,-37.8635057,144.77309735,94
WER,Werribee,2-WER-vpt-1.6.R,-37.86303801,144.77495089,95
WER,Werribee,2-WER-vpt-1.6.R,-37.86274046,144.77610503,96
WER,Werribee,2-WER-vpt-1.6.R,-37.86243857,144.77732112,97
WER,Werribee,2-WER-vpt-1.6.R,-37.8623929,144.77752254,98
WER,Werribee,2-WER-vpt-1.6.R,-37.86231283,144.77794937,99
WER,Werribee,2-WER-vpt-1.6.R,-37.86226586,144.77815845,100
WER,Werribee,2-WER-vpt-1.6.R,-37.86196707,144.77932487,101
WER,Werribee,2-WER-vpt-1.6.R,-37.86180451,144.77998412,102
WER,Werribee,2-WER-vpt-1.6.R,-37.86157657,144.78111919,103
WER,Werribee,2-WER-vpt-1.6.R,-37.86147387,144.78164228,104
WER,Werribee,2-WER-vpt-1.6.R,-37.86142518,144.78191801,105
WER,Werribee,2-WER-vpt-1.6.R,-37.86137433,144.78226053,106
WER,Werribee,2-WER-vpt-1.6.R,-37.86134256,144.78255928,107
WER,Werribee,2-WER-vpt-1.6.R,-37.86132244,144.78280676,108
WER,Werribee,2-WER-vpt-1.6.R,-37.86131494,144.7829444,109
WER,Werribee,2-WER-vpt-1.6.R,-37.86130452,144.78321887,110
WER,Werribee,2-WER-vpt-1.6.R,-37.8613036,144.78348601,111
WER,Werribee,2-WER-vpt-1.6.R,-37.86130601,144.78360915,112
WER,Werribee,2-WER-vpt-1.6.R,-37.86131164,144.78376424,113
WER,Werribee,2-WER-vpt-1.6.R,-37.86132483,144.78400561,114
WER,Werribee,2-WER-vpt-1.6.R,-37.86134734,144.78427228,115
WER,Werribee,2-WER-vpt-1.6.R,-37.86136661,144.78445379,116
WER,Werribee,2-WER-vpt-1.6.R,-37.86139291,144.78466839,117
WER,Werribee,2-WER-vpt-1.6.R,-37.86146819,144.78524946,118
WER,Werribee,2-WER-vpt-1.6.R,-37.86152383,144.78562016,119
WER,Werribee,2-WER-vpt-1.6.R,-37.8615739,144.78590123,120
WER,Werribee,2-WER-vpt-1.6.R,-37.86160128,144.78603954,121
WER,Werribee,2-WER-vpt-1.6.R,-37.8616685,144.78645558,122
WER,Werribee,2-WER-vpt-1.6.R,-37.86168842,144.78659491,123
WER,Werribee,2-WER-vpt-1.6.R,-37.86174473,144.78704504,124
WER,Werribee,2-WER-vpt-1.6.R,-37.86197822,144.78876155,125
WER,Werribee,2-WER-vpt-1.6.R,-37.8621987,144.79042016,126
WER,Werribee,2-WER-vpt-1.6.R,-37.8627839,144.7947678,127
WER,Werribee,2-WER-vpt-1.6.R,-37.86327672,144.79846365,128
WER,Werribee,2-WER-vpt-1.6.R,-37.86421318,144.80543481,129
WER,Werribee,2-WER-vpt-1.6.R,-37.864462,144.80730172,130
WER,Werribee,2-WER-vpt-1.6.R,-37.86461498,144.80841785,131
WER,Werribee,2-WER-vpt-1.6.R,-37.86481037,144.80990511,132
WER,Werribee,2-WER-vpt-1.6.R,-37.86487137,144.81038878,133
WER,Werribee,2-WER-vpt-1.6.R,-37.86491447,144.81077285,134
WER,Werribee,2-WER-vpt-1.6.R,-37.86518766,144.81343204,135
WER,Werribee,2-WER-vpt-1.6.R,-37.8652092,144.8136601,136
WER,Werribee,2-WER-vpt-1.6.R,-37.86523303,144.81388037,137
WER,Werribee,2-WER-vpt-1.6.R,-37.86525994,144.81423275,138
WER,Werribee,2-WER-vpt-1.6.R,-37.8653183,144.81535205,139
WER,Werribee,2-WER-vpt-1.6.R,-37.86533448,144.81558789,140
WER,Werribee,2-WER-vpt-1.6.R,-37.86537,144.81597196,141
WER,Werribee,2-WER-vpt-1.6.R,-37.86544318,144.81666671,142
WER,Werribee,2-WER-vpt-1.6.R,-37.86546966,144.81686042,143
WER,Werribee,2-WER-vpt-1.6.R,-37.86550638,144.81707645,144
WER,Werribee,2-WER-vpt-1.6.R,-37.86553858,144.81723839,145
WER,Werribee,2-WER-vpt-1.6.R,-37.86557822,144.81739806,146
WER,Werribee,2-WER-vpt-1.6.R,-37.86562871,144.81757481,147
WER,Werribee,2-WER-vpt-1.6.R,-37.86578265,144.81801836,148
WER,Werribee,2-WER-vpt-1.6.R,-37.86586268,144.81825675,149
WER,Werribee,2-WER-vpt-1.6.R,-37.86590651,144.8184046,150
WER,Werribee,2-WER-vpt-1.6.R,-37.86597626,144.81868138,151
WER,Werribee,2-WER-vpt-1.6.R,-37.86601,144.81885873,152
WER,Werribee,2-WER-vpt-1.6.R,-37.86602646,144.8189734,153
WER,Werribee,2-WER-vpt-1.6.R,-37.86607726,144.81938089,154
WER,Werribee,2-WER-vpt-1.6.R,-37.86621568,144.82073371,155
WER,Werribee,2-WER-vpt-1.6.R,-37.86645636,144.82289435,156
WER,Werribee,2-WER-vpt-1.6.R,-37.86651881,144.82352783,157
WER,Werribee,2-WER-vpt-1.6.R,-37.86674258,144.82571252,158
WER,Werribee,2-WER-vpt-1.6.R,-37.86702526,144.8285623,159
WER,Werribee,2-WER-vpt-1.6.R,-37.86712229,144.82947929,160
WER,Werribee,2-WER-vpt-1.6.R,-37.86718477,144.83010676,161
WER,Werribee,2-WER-vpt-1.6.R,-37.8673,144.83123454,162
WER,Werribee,2-WER-vpt-1.6.R,-37.867452,144.83268614,163
WER,Werribee,2-WER-vpt-1.6.R,-37.86787602,144.83683126,164
WER,Werribee,2-WER-vpt-1.6.R,-37.86800592,144.83811869,165
WER,Werribee,2-WER-vpt-1.6.R,-37.86803469,144.83848309,166
WER,Werribee,2-WER-vpt-1.6.R,-37.86804811,144.83882111,167
WER,Werribee,2-WER-vpt-1.6.R,-37.86804636,144.83910842,168
WER,Werribee,2-WER-vpt-1.6.R,-37.86803272,144.8394553,169
WER,Werribee,2-WER-vpt-1.6.R,-37.86800812,144.83980863,170
WER,Werribee,2-WER-vpt-1.6.R,-37.86798357,144.84004239,171
WER,Werribee,2-WER-vpt-1.6.R,-37.86793464,144.84039121,172
WER,Werribee,2-WER-vpt-1.6.R,-37.86789574,144.84060889,173
WER,Werribee,2-WER-vpt-1.6.R,-37.86783702,144.84089036,174
WER,Werribee,2-WER-vpt-1.6.R,-37.86781897,144.84096262,175
WER,Werribee,2-WER-vpt-1.6.R,-37.86777531,144.84113702,176
WER,Werribee,2-WER-vpt-1.6.R,-37.86771918,144.84133906,177
WER,Werribee,2-WER-vpt-1.6.R,-37.86766832,144.84150936,178
WER,Werribee,2-WER-vpt-1.6.R,-37.86759587,144.84172563,179
WER,Werribee,2-WER-vpt-1.6.R,-37.86752957,144.84190865,180
WER,Werribee,2-WER-vpt-1.6.R,-37.86745731,144.84209639,181
WER,Werribee,2-WER-vpt-1.6.R,-37.86739189,144.84224869,182
WER,Werribee,2-WER-vpt-1.6.R,-37.86732537,144.84239068,183
WER,Werribee,2-WER-vpt-1.6.R,-37.86724409,144.84255787,184
WER,Werribee,2-WER-vpt-1.6.R,-37.86715929,144.84271995,185
WER,Werribee,2-WER-vpt-1.6.R,-37.8670072,144.84299197,186
WER,Werribee,2-WER-vpt-1.6.R,-37.86691268,144.84314455,187
WER,Werribee,2-WER-vpt-1.6.R,-37.86682916,144.84327339,188
WER,Werribee,2-WER-vpt-1.6.R,-37.86632008,144.84401994,189
WER,Werribee,2-WER-vpt-1.6.R,-37.86603932,144.84439631,190
WER,Werribee,2-WER-vpt-1.6.R,-37.86562461,144.84492776,191
WER,Werribee,2-WER-vpt-1.6.R,-37.86512476,144.84560776,192
WER,Werribee,2-WER-vpt-1.6.R,-37.86418679,144.84689521,193
WER,Werribee,2-WER-vpt-1.6.R,-37.86398883,144.84718219,194
WER,Werribee,2-WER-vpt-1.6.R,-37.86378022,144.84745845,195
WER,Werribee,2-WER-vpt-1.6.R,-37.86322328,144.84821077,196
WER,Werribee,2-WER-vpt-1.6.R,-37.86287071,144.84860784,197
WER,Werribee,2-WER-vpt-1.6.R,-37.86267844,144.84879246,198
WER,Werribee,2-WER-vpt-1.6.R,-37.86241601,144.84899844,199
WER,Werribee,2-WER-vpt-1.6.R,-37.86212112,144.84918445,200
WER,Werribee,2-WER-vpt-1.6.R,-37.86183632,144.84932526,201
WER,Werribee,2-WER-vpt-1.6.R,-37.86150814,144.84944472,202
WER,Werribee,2-WER-vpt-1.6.R,-37.86118719,144.84953588,203
WER,Werribee,2-WER-vpt-1.6.R,-37.86085273,144.84959755,204
WER,Werribee,2-WER-vpt-1.6.R,-37.86019196,144.84967404,205
WER,Werribee,2-WER-vpt-1.6.R,-37.85879643,144.8498269,206
WER,Werribee,2-WER-vpt-1.6.R,-37.85847143,144.84987374,207
WER,Werribee,2-WER-vpt-1.6.R,-37.85820767,144.84993824,208
WER,Werribee,2-WER-vpt-1.6.R,-37.85802676,144.85000453,209
WER,Werribee,2-WER-vpt-1.6.R,-37.85781588,144.85009784,210
WER,Werribee,2-WER-vpt-1.6.R,-37.85750989,144.85029756,211
WER,Werribee,2-WER-vpt-1.6.R,-37.85726642,144.85049615,212
WER,Werribee,2-WER-vpt-1.6.R,-37.85606879,144.85154749,213
WER,Werribee,2-WER-vpt-1.6.R,-37.85589037,144.85167622,214
WER,Werribee,2-WER-vpt-1.6.R,-37.85570769,144.85178893,215
WER,Werribee,2-WER-vpt-1.6.R,-37.85525876,144.85201268,216
WER,Werribee,2-WER-vpt-1.6.R,-37.85492818,144.85212411,217
WER,Werribee,2-WER-vpt-1.6.R,-37.85452881,144.85225379,218
WER,Werribee,2-WER-vpt-1.6.R,-37.85425984,144.85236377,219
WER,Werribee,2-WER-vpt-1.6.R,-37.85418487,144.8523889,220
WER,Werribee,2-WER-vpt-1.6.R,-37.854073,144.85243125,221
WER,Werribee,2-WER-vpt-1.6.R,-37.85394078,144.85248964,222
WER,Werribee,2-WER-vpt-1.6.R,-37.85356128,144.85263135,223
WER,Werribee,2-WER-vpt-1.6.R,-37.85225566,144.85304952,224
WER,Werribee,2-WER-vpt-1.6.R,-37.85131321,144.85334519,225
WER,Werribee,2-WER-vpt-1.6.R,-37.85106493,144.85340887,226
WER,Werribee,2-WER-vpt-1.6.R,-37.85089036,144.85344735,227
WER,Werribee,2-WER-vpt-1.6.R,-37.85029802,144.85355511,228
WER,Werribee,2-WER-vpt-1.6.R,-37.85003592,144.85360726,229
WER,Werribee,2-WER-vpt-1.6.R,-37.84979912,144.85368266,230
WER,Werribee,2-WER-vpt-1.6.R,-37.84964043,144.85375238,231
WER,Werribee,2-WER-vpt-1.6.R,-37.84957354,144.85378534,232
WER,Werribee,2-WER-vpt-1.6.R,-37.84948903,144.85383075,233
WER,Werribee,2-WER-vpt-1.6.R,-37.84938231,144.85389408,234
WER,Werribee,2-WER-vpt-1.6.R,-37.84928961,144.8539545,235
WER,Werribee,2-WER-vpt-1.6.R,-37.84912782,144.85407648,236
WER,Werribee,2-WER-vpt-1.6.R,-37.84892943,144.8542519,237
WER,Werribee,2-WER-vpt-1.6.R,-37.84884557,144.8543382,238
WER,Werribee,2-WER-vpt-1.6.R,-37.84876526,144.85442622,239
WER,Werribee,2-WER-vpt-1.6.R,-37.84865314,144.85456357,240
WER,Werribee,2-WER-vpt-1.6.R,-37.84854934,144.85470307,241
WER,Werribee,2-WER-vpt-1.6.R,-37.84847613,144.85481452,242
WER,Werribee,2-WER-vpt-1.6.R,-37.84840752,144.85492674,243
WER,Werribee,2-WER-vpt-1.6.R,-37.84832378,144.85507361,244
WER,Werribee,2-WER-vpt-1.6.R,-37.84825503,144.85520777,245
WER,Werribee,2-WER-vpt-1.6.R,-37.84821197,144.85530255,246
WER,Werribee,2-WER-vpt-1.6.R,-37.84817606,144.85538905,247
WER,Werribee,2-WER-vpt-1.6.R,-37.84813471,144.85550356,248
WER,Werribee,2-WER-vpt-1.6.R,-37.84808969,144.85564419,249
WER,Werribee,2-WER-vpt-1.6.R,-37.84806158,144.85574808,250
WER,Werribee,2-WER-vpt-1.6.R,-37.84800548,144.85598824,251
WER,Werribee,2-WER-vpt-1.6.R,-37.84798422,144.85609739,252
WER,Werribee,2-WER-vpt-1.6.R,-37.8479664,144.85621235,253
WER,Werribee,2-WER-vpt-1.6.R,-37.84794217,144.85638136,254
WER,Werribee,2-WER-vpt-1.6.R,-37.84793009,144.85650467,255
WER,Werribee,2-WER-vpt-1.6.R,-37.84792071,144.85664802,256
WER,Werribee,2-WER-vpt-1.6.R,-37.84791694,144.85677712,257
WER,Werribee,2-WER-vpt-1.6.R,-37.84791526,144.85695718,258
WER,Werribee,2-WER-vpt-1.6.R,-37.84791753,144.85709655,259
WER,Werribee,2-WER-vpt-1.6.R,-37.84792994,144.85730303,260
WER,Werribee,2-WER-vpt-1.6.R,-37.84799566,144.85810198,261
WER,Werribee,2-WER-vpt-1.6.R,-37.84801689,144.85841184,262
WER,Werribee,2-WER-vpt-1.6.R,-37.84803916,144.85881339,263
WER,Werribee,2-WER-vpt-1.6.R,-37.84805828,144.85905717,264
WER,Werribee,2-WER-vpt-1.6.R,-37.84832639,144.86136789,265
WER,Werribee,2-WER-vpt-1.6.R,-37.84840818,144.86193171,266
WER,Werribee,2-WER-vpt-1.6.R,-37.84847739,144.86236327,267
WER,Werribee,2-WER-vpt-1.6.R,-37.84866881,144.86346612,268
WER,Werribee,2-WER-vpt-1.6.R,-37.84878697,144.86421175,269
WER,Werribee,2-WER-vpt-1.6.R,-37.84900448,144.86574527,270
WER,Werribee,2-WER-vpt-1.6.R,-37.84905206,144.86611348,271
WER,Werribee,2-WER-vpt-1.6.R,-37.8493238,144.86842347,272
WER,Werribee,2-WER-vpt-1.6.R,-37.84934283,144.86860817,273
WER,Werribee,2-WER-vpt-1.6.R,-37.84935894,144.86879147,274
WER,Werribee,2-WER-vpt-1.6.R,-37.84944297,144.8699037,275
WER,Werribee,2-WER-vpt-1.6.R,-37.84951653,144.87093145,276
WER,Werribee,2-WER-vpt-1.6.R,-37.84954501,144.87146432,277
WER,Werribee,2-WER-vpt-1.6.R,-37.84955073,144.87165611,278
WER,Werribee,2-WER-vpt-1.6.R,-37.84955191,144.87183109,279
WER,Werribee,2-WER-vpt-1.6.R,-37.84954507,144.87214052,280
WER,Werribee,2-WER-vpt-1.6.R,-37.84953977,144.87232637,281
WER,Werribee,2-WER-vpt-1.6.R,-37.84952642,144.87258974,282
WER,Werribee,2-WER-vpt-1.6.R,-37.84949864,144.8729175,283
WER,Werribee,2-WER-vpt-1.6.R,-37.84948223,144.87306139,284
WER,Werribee,2-WER-vpt-1.6.R,-37.84946483,144.87320054,285
WER,Werribee,2-WER-vpt-1.6.R,-37.84943991,144.87337253,286
WER,Werribee,2-WER-vpt-1.6.R,-37.84940936,144.8735524,287
WER,Werribee,2-WER-vpt-1.6.R,-37.84934518,144.8738753,288
WER,Werribee,2-WER-vpt-1.6.R,-37.84924918,144.87426343,289
WER,Werribee,2-WER-vpt-1.6.R,-37.84916206,144.87457403,290
WER,Werribee,2-WER-vpt-1.6.R,-37.84911023,144.87473792,291
WER,Werribee,2-WER-vpt-1.6.R,-37.8490222,144.87500286,292
WER,Werribee,2-WER-vpt-1.6.R,-37.84879738,144.87558822,293
WER,Werribee,2-WER-vpt-1.6.R,-37.848745,144.87573179,294
WER,Werribee,2-WER-vpt-1.6.R,-37.84868289,144.87592029,295
WER,Werribee,2-WER-vpt-1.6.R,-37.84862636,144.87606374,296
WER,Werribee,2-WER-vpt-1.6.R,-37.84850997,144.87633574,297
WER,Werribee,2-WER-vpt-1.6.R,-37.84846646,144.87644643,298
WER,Werribee,2-WER-vpt-1.6.R,-37.84839784,144.87665864,299
WER,Werribee,2-WER-vpt-1.6.R,-37.8479932,144.87786693,300
WER,Werribee,2-WER-vpt-1.6.R,-37.84715549,144.88034338,301
WER,Werribee,2-WER-vpt-1.6.R,-37.8469278,144.88100051,302
WER,Werribee,2-WER-vpt-1.6.R,-37.84677634,144.8813626,303
WER,Werribee,2-WER-vpt-1.6.R,-37.84661956,144.88168449,304
WER,Werribee,2-WER-vpt-1.6.R,-37.84640989,144.88202653,305
WER,Werribee,2-WER-vpt-1.6.R,-37.84620343,144.88230677,306
WER,Werribee,2-WER-vpt-1.6.R,-37.84589844,144.88265551,307
WER,Werribee,2-WER-vpt-1.6.R,-37.84566751,144.8828727,308
WER,Werribee,2-WER-vpt-1.6.R,-37.84538273,144.88309267,309
WER,Werribee,2-WER-vpt-1.6.R,-37.84510999,144.88325525,310
WER,Werribee,2-WER-vpt-1.6.R,-37.84496216,144.88333323,311
WER,Werribee,2-WER-vpt-1.6.R,-37.84483727,144.88338908,312
WER,Werribee,2-WER-vpt-1.6.R,-37.84459054,144.88346954,313
WER,Werribee,2-WER-vpt-1.6.R,-37.84433741,144.88350974,314
WER,Werribee,2-WER-vpt-1.6.R,-37.84404829,144.88354334,315
WER,Werribee,2-WER-vpt-1.6.R,-37.84371386,144.88356791,316
WER,Werribee,2-WER-vpt-1.6.R,-37.84360734,144.88358277,317
WER,Werribee,2-WER-vpt-1.6.R,-37.84353536,144.88358892,318
WER,Werribee,2-WER-vpt-1.6.R,-37.84339631,144.88359392,319
WER,Werribee,2-WER-vpt-1.6.R,-37.8433666,144.88359067,320
WER,Werribee,2-WER-vpt-1.6.R,-37.84284339,144.88356575,321
WER,Werribee,2-WER-vpt-1.6.R,-37.84257029,144.88355321,322
WER,Werribee,2-WER-vpt-1.6.R,-37.84238466,144.88354875,323
WER,Werribee,2-WER-vpt-1.6.R,-37.84216201,144.88354534,324
WER,Werribee,2-WER-vpt-1.6.R,-37.8417372,144.88354487,325
WER,Werribee,2-WER-vpt-1.6.R,-37.84141519,144.88355351,326
WER,Werribee,2-WER-vpt-1.6.R,-37.84120676,144.88355401,327
WER,Werribee,2-WER-vpt-1.6.R,-37.84075244,144.88357677,328
WER,Werribee,2-WER-vpt-1.6.R,-37.8398967,144.88366669,329
WER,Werribee,2-WER-vpt-1.6.R,-37.83947727,144.88372572,330
WER,Werribee,2-WER-vpt-1.6.R,-37.83912992,144.88377804,331
WER,Werribee,2-WER-vpt-1.6.R,-37.83876771,144.88385168,332
WER,Werribee,2-WER-vpt-1.6.R,-37.83857493,144.88388526,333
WER,Werribee,2-WER-vpt-1.6.R,-37.83813644,144.88398176,334
WER,Werribee,2-WER-vpt-1.6.R,-37.83742052,144.88416017,335
WER,Werribee,2-WER-vpt-1.6.R,-37.83557651,144.88463316,336
WER,Werribee,2-WER-vpt-1.6.R,-37.83480334,144.88483569,337
WER,Werribee,2-WER-vpt-1.6.R,-37.83377484,144.88509595,338
WER,Werribee,2-WER-vpt-1.6.R,-37.8327612,144.88535612,339
WER,Werribee,2-WER-vpt-1.6.R,-37.83198851,144.8855602,340
WER,Werribee,2-WER-vpt-1.6.R,-37.8318142,144.88559881,341
WER,Werribee,2-WER-vpt-1.6.R,-37.8305689,144.88592079,342
WER,Werribee,2-WER-vpt-1.6.R,-37.82976976,144.88612755,343
WER,Werribee,2-WER-vpt-1.6.R,-37.82890338,144.88634315,344
WER,Werribee,2-WER-vpt-1.6.R,-37.82796699,144.88658449,345
WER,Werribee,2-WER-vpt-1.6.R,-37.82659306,144.88693988,346
WER,Werribee,2-WER-vpt-1.6.R,-37.8247944,144.88741063,347
WER,Werribee,2-WER-vpt-1.6.R,-37.82302267,144.88785503,348
WER,Werribee,2-WER-vpt-1.6.R,-37.82103868,144.88836806,349
WER,Werribee,2-WER-vpt-1.6.R,-37.82034093,144.88855062,350
WER,Werribee,2-WER-vpt-1.6.R,-37.81987282,144.88866825,351
WER,Werribee,2-WER-vpt-1.6.R,-37.81753261,144.88926806,352
WER,Werribee,2-WER-vpt-1.6.R,-37.81727068,144.88934049,353
WER,Werribee,2-WER-vpt-1.6.R,-37.81711348,144.88938871,354
WER,Werribee,2-WER-vpt-1.6.R,-37.81687982,144.889465,355
WER,Werribee,2-WER-vpt-1.6.R,-37.81653117,144.88959125,356
WER,Werribee,2-WER-vpt-1.6.R,-37.81613721,144.88975878,357
WER,Werribee,2-WER-vpt-1.6.R,-37.81593711,144.88985161,358
WER,Werribee,2-WER-vpt-1.6.R,-37.81575424,144.88994076,359
WER,Werribee,2-WER-vpt-1.6.R,-37.81553192,144.89005626,360
WER,Werribee,2-WER-vpt-1.6.R,-37.81532864,144.89016826,361
WER,Werribee,2-WER-vpt-1.6.R,-37.81507469,144.8903143,362
WER,Werribee,2-WER-vpt-1.6.R,-37.81482972,144.8904635,363
WER,Werribee,2-WER-vpt-1.6.R,-37.8147086,144.89054362,364
WER,Werribee,2-WER-vpt-1.6.R,-37.81442981,144.89073615,365
WER,Werribee,2-WER-vpt-1.6.R,-37.81425691,144.89085875,366
WER,Werribee,2-WER-vpt-1.6.R,-37.81407276,144.89099735,367
WER,Werribee,2-WER-vpt-1.6.R,-37.81384671,144.89117179,368
WER,Werribee,2-WER-vpt-1.6.R,-37.81375258,144.89126432,369
WER,Werribee,2-WER-vpt-1.6.R,-37.81352496,144.89144164,370
WER,Werribee,2-WER-vpt-1.6.R,-37.81302922,144.89188875,371
WER,Werribee,2-WER-vpt-1.6.R,-37.81256691,144.89231617,372
WER,Werribee,2-WER-vpt-1.6.R,-37.81216926,144.8926904,373
WER,Werribee,2-WER-vpt-1.6.R,-37.81195542,144.89289719,374
WER,Werribee,2-WER-vpt-1.6.R,-37.81163778,144.89318066,375
WER,Werribee,2-WER-vpt-1.6.R,-37.81137814,144.8934268,376
WER,Werribee,2-WER-vpt-1.6.R,-37.8111677,144.89361691,377
WER,Werribee,2-WER-vpt-1.6.R,-37.81090351,144.89387045,378
WER,Werribee,2-WER-vpt-1.6.R,-37.81035349,144.89437746,379
WER,Werribee,2-WER-vpt-1.6.R,-37.81009884,144.89462039,380
WER,Werribee,2-WER-vpt-1.6.R,-37.80983729,144.89486544,381
WER,Werribee,2-WER-vpt-1.6.R,-37.8097185,144.8949807,382
WER,Werribee,2-WER-vpt-1.6.R,-37.80896647,144.89568096,383
WER,Werribee,2-WER-vpt-1.6.R,-37.80781149,144.89675281,384
WER,Werribee,2-WER-vpt-1.6.R,-37.80649224,144.89798285,385
WER,Werribee,2-WER-vpt-1.6.R,-37.80615237,144.8983037,386
WER,Werribee,2-WER-vpt-1.6.R,-37.80575762,144.89866995,387
WER,Werribee,2-WER-vpt-1.6.R,-37.80445698,144.89991336,388
WER,Werribee,2-WER-vpt-1.6.R,-37.80407359,144.90025042,389
WER,Werribee,2-WER-vpt-1.6.R,-37.80259989,144.90161952,390
WER,Werribee,2-WER-vpt-1.6.R,-37.80238626,144.90180842,391
WER,Werribee,2-WER-vpt-1.6.R,-37.8021775,144.90200287,392
WER,Werribee,2-WER-vpt-1.6.R,-37.80191996,144.90226172,393
WER,Werribee,2-WER-vpt-1.6.R,-37.80174241,144.90246289,394
WER,Werribee,2-WER-vpt-1.6.R,-37.8014231,144.9028106,395
WER,Werribee,2-WER-vpt-1.6.R,-37.80125036,144.90302889,396
WER,Werribee,2-WER-vpt-1.6.R,-37.80107564,144.90327802,397
WER,Werribee,2-WER-vpt-1.6.R,-37.80060604,144.90396138,398
WER,Werribee,2-WER-vpt-1.6.R,-37.80018691,144.90462479,399
WER,Werribee,2-WER-vpt-1.6.R,-37.80004321,144.90485974,400
WER,Werribee,2-WER-vpt-1.6.R,-37.79991327,144.90509851,401
WER,Werribee,2-WER-vpt-1.6.R,-37.79976456,144.90539629,402
WER,Werribee,2-WER-vpt-1.6.R,-37.79925312,144.90657563,403
WER,Werribee,2-WER-vpt-1.6.R,-37.7991292,144.90688975,404
WER,Werribee,2-WER-vpt-1.6.R,-37.79905043,144.90711707,405
WER,Werribee,2-WER-vpt-1.6.R,-37.79897932,144.90734508,406
WER,Werribee,2-WER-vpt-1.6.R,-37.79883866,144.90784785,407
WER,Werribee,2-WER-vpt-1.6.R,-37.79877983,144.90808233,408
WER,Werribee,2-WER-vpt-1.6.R,-37.79873928,144.90825973,409
WER,Werribee,2-WER-vpt-1.6.R,-37.79868809,144.90851307,410
WER,Werribee,2-WER-vpt-1.6.R,-37.79860353,144.90898371,411
WER,Werribee,2-WER-vpt-1.6.R,-37.79826012,144.91101583,412
WER,Werribee,2-WER-vpt-1.6.R,-37.79801756,144.912558,413
WER,Werribee,2-WER-vpt-1.6.R,-37.79797498,144.91289105,414
WER,Werribee,2-WER-vpt-1.6.R,-37.79794447,144.91321876,415
WER,Werribee,2-WER-vpt-1.6.R,-37.7979373,144.91334275,416
WER,Werribee,2-WER-vpt-1.6.R,-37.79792679,144.91360925,417
WER,Werribee,2-WER-vpt-1.6.R,-37.79792674,144.91377438,418
WER,Werribee,2-WER-vpt-1.6.R,-37.79793081,144.91399368,419
WER,Werribee,2-WER-vpt-1.6.R,-37.7979416,144.91419076,420
WER,Werribee,2-WER-vpt-1.6.R,-37.79796038,144.91443202,421
WER,Werribee,2-WER-vpt-1.6.R,-37.79800867,144.9148285,422
WER,Werribee,2-WER-vpt-1.6.R,-37.79897927,144.92134002,423
WER,Werribee,2-WER-vpt-1.6.R,-37.79917262,144.92269087,424
WER,Werribee,2-WER-vpt-1.6.R,-37.79935648,144.92390865,425
WER,Werribee,2-WER-vpt-1.6.R,-37.79961846,144.92567825,426
WER,Werribee,2-WER-vpt-1.6.R,-37.7997485,144.9265741,427
WER,Werribee,2-WER-vpt-1.6.R,-37.79994081,144.92785357,428
WER,Werribee,2-WER-vpt-1.6.R,-37.80024614,144.92997055,429
WER,Werribee,2-WER-vpt-1.6.R,-37.80035931,144.93063099,430
WER,Werribee,2-WER-vpt-1.6.R,-37.8004217,144.93094555,431
WER,Werribee,2-WER-vpt-1.6.R,-37.80047699,144.93119467,432
WER,Werribee,2-WER-vpt-1.6.R,-37.80056556,144.93154268,433
WER,Werribee,2-WER-vpt-1.6.R,-37.80068563,144.93196534,434
WER,Werribee,2-WER-vpt-1.6.R,-37.80095613,144.93283095,435
WER,Werribee,2-WER-vpt-1.6.R,-37.80100827,144.93298782,436
WER,Werribee,2-WER-vpt-1.6.R,-37.80113606,144.93335235,437
WER,Werribee,2-WER-vpt-1.6.R,-37.80131043,144.93382984,438
WER,Werribee,2-WER-vpt-1.6.R,-37.80139586,144.93405064,439
WER,Werribee,2-WER-vpt-1.6.R,-37.80148713,144.93427025,440
WER,Werribee,2-WER-vpt-1.6.R,-37.80154062,144.93439119,441
WER,Werribee,2-WER-vpt-1.6.R,-37.80165422,144.93463607,442
WER,Werribee,2-WER-vpt-1.6.R,-37.80171327,144.93475516,443
WER,Werribee,2-WER-vpt-1.6.R,-37.80182472,144.93502122,444
WER,Werribee,2-WER-vpt-1.6.R,-37.80189454,144.93520486,445
WER,Werribee,2-WER-vpt-1.6.R,-37.80160849,144.9346286,446
WER,Werribee,2-WER-vpt-1.6.R,-37.8014082,144.93421441,447
WER,Werribee,2-WER-vpt-1.6.R,-37.80133127,144.93404153,448
WER,Werribee,2-WER-vpt-1.6.R,-37.80122342,144.93376571,449
WER,Werribee,2-WER-vpt-1.6.R,-37.80116659,144.93360296,450
WER,Werribee,2-WER-vpt-1.6.R,-37.80107022,144.93331376,451
WER,Werribee,2-WER-vpt-1.6.R,-37.80063601,144.93191096,452
WER,Werribee,2-WER-vpt-1.6.R,-37.80055521,144.93163553,453
WER,Werribee,2-WER-vpt-1.6.R,-37.80049662,144.93141956,454
WER,Werribee,2-WER-vpt-1.6.R,-37.80042119,144.93110105,455
WER,Werribee,2-WER-vpt-1.6.R,-37.80037,144.93086534,456
WER,Werribee,2-WER-vpt-1.6.R,-37.8003269,144.93063792,457
WER,Werribee,2-WER-vpt-1.6.R,-37.80007443,144.92898976,458
WER,Werribee,2-WER-vpt-1.6.R,-37.79992182,144.92796279,459
WER,Werribee,2-WER-vpt-1.6.R,-37.7998042,144.92722922,460
WER,Werribee,2-WER-vpt-1.6.R,-37.79964522,144.92627171,461
WER,Werribee,2-WER-vpt-1.6.R,-37.79951312,144.92539205,462
WER,Werribee,2-WER-vpt-1.6.R,-37.79964522,144.92627171,463
WER,Werribee,2-WER-vpt-1.6.R,-37.7998042,144.92722922,464
WER,Werribee,2-WER-vpt-1.6.R,-37.79992182,144.92796279,465
WER,Werribee,2-WER-vpt-1.6.R,-37.80007443,144.92898976,466
WER,Werribee,2-WER-vpt-1.6.R,-37.8003269,144.93063792,467
WER,Werribee,2-WER-vpt-1.6.R,-37.80037,144.93086534,468
WER,Werribee,2-WER-vpt-1.6.R,-37.80042119,144.93110105,469
WER,Werribee,2-WER-vpt-1.6.R,-37.80049662,144.93141956,470
WER,Werribee,2-WER-vpt-1.6.R,-37.80055521,144.93163553,471
WER,Werribee,2-WER-vpt-1.6.R,-37.80063601,144.93191096,472
WER,Werribee,2-WER-vpt-1.6.R,-37.80107022,144.93331376,473
WER,Werribee,2-WER-vpt-1.6.R,-37.80116659,144.93360296,474
WER,Werribee,2-WER-vpt-1.6.R,-37.80124962,144.93383585,475
WER,Werribee,2-WER-vpt-1.6.R,-37.80133127,144.93404153,476
WER,Werribee,2-WER-vpt-1.6.R,-37.8014082,144.93421441,477
WER,Werribee,2-WER-vpt-1.6.R,-37.80160849,144.9346286,478
WER,Werribee,2-WER-vpt-1.6.R,-37.80209921,144.93561156,479
WER,Werribee,2-WER-vpt-1.6.R,-37.80204907,144.93549665,480
WER,Werribee,2-WER-vpt-1.6.R,-37.80193591,144.9352053,481
WER,Werribee,2-WER-vpt-1.6.R,-37.80218572,144.93570955,482
WER,Werribee,2-WER-vpt-1.6.R,-37.80244471,144.93624864,483
WER,Werribee,2-WER-vpt-1.6.R,-37.80301281,144.9373854,484
WER,Werribee,2-WER-vpt-1.6.R,-37.80327031,144.93788161,485
WER,Werribee,2-WER-vpt-1.6.R,-37.80339107,144.93809757,486
WER,Werribee,2-WER-vpt-1.6.R,-37.80349813,144.93826791,487
WER,Werribee,2-WER-vpt-1.6.R,-37.80364653,144.93848254,488
WER,Werribee,2-WER-vpt-1.6.R,-37.80378526,144.93866484,489
WER,Werribee,2-WER-vpt-1.6.R,-37.80418304,144.93911275,490
WER,Werribee,2-WER-vpt-1.6.R,-37.80423756,144.93917972,491
WER,Werribee,2-WER-vpt-1.6.R,-37.80442036,144.93938828,492
WER,Werribee,2-WER-vpt-1.6.R,-37.80498495,144.94002692,493
WER,Werribee,2-WER-vpt-1.6.R,-37.80521377,144.94027498,494
WER,Werribee,2-WER-vpt-1.6.R,-37.80541197,144.94045745,495
WER,Werribee,2-WER-vpt-1.6.R,-37.80564984,144.94063519,496
WER,Werribee,2-WER-vpt-1.6.R,-37.80601831,144.94094366,497
WER,Werribee,2-WER-vpt-1.6.R,-37.80740952,144.94203994,498
WER,Werribee,2-WER-vpt-1.6.R,-37.80784601,144.94238334,499
WER,Werribee,2-WER-vpt-1.6.R,-37.80794871,144.94245887,500
WER,Werribee,2-WER-vpt-1.6.R,-37.80814998,144.94260026,501
WER,Werribee,2-WER-vpt-1.6.R,-37.80834468,144.94274763,502
WER,Werribee,2-WER-vpt-1.6.R,-37.80843623,144.94282403,503
WER,Werribee,2-WER-vpt-1.6.R,-37.80851771,144.94289753,504
WER,Werribee,2-WER-vpt-1.6.R,-37.80872873,144.94309658,505
WER,Werribee,2-WER-vpt-1.6.R,-37.80894962,144.94328275,506
WER,Werribee,2-WER-vpt-1.6.R,-37.81034668,144.94438044,507
WER,Werribee,2-WER-vpt-1.6.R,-37.81052999,144.94453608,508
WER,Werribee,2-WER-vpt-1.6.R,-37.81060154,144.94460304,509
WER,Werribee,2-WER-vpt-1.6.R,-37.81075072,144.94474941,510
WER,Werribee,2-WER-vpt-1.6.R,-37.81116972,144.94518045,511
WER,Werribee,2-WER-vpt-1.6.R,-37.81129769,144.94531514,512
WER,Werribee,2-WER-vpt-1.6.R,-37.81144322,144.94548524,513
WER,Werribee,2-WER-vpt-1.6.R,-37.81193967,144.94613565,514
WER,Werribee,2-WER-vpt-1.6.R,-37.81205766,144.94628186,515
WER,Werribee,2-WER-vpt-1.6.R,-37.81214549,144.9463828,516
WER,Werribee,2-WER-vpt-1.6.R,-37.81234077,144.94659968,517
WER,Werribee,2-WER-vpt-1.6.R,-37.81265396,144.94693735,518
WER,Werribee,2-WER-vpt-1.6.R,-37.812765,144.94705218,519
WER,Werribee,2-WER-vpt-1.6.R,-37.812925,144.9472095,520
WER,Werribee,2-WER-vpt-1.6.R,-37.81317443,144.9474467,521
WER,Werribee,2-WER-vpt-1.6.R,-37.81334989,144.94761212,522
WER,Werribee,2-WER-vpt-1.6.R,-37.81351426,144.94776206,523
WER,Werribee,2-WER-vpt-1.6.R,-37.8136366,144.94786829,524
WER,Werribee,2-WER-vpt-1.6.R,-37.81382269,144.94802285,525
WER,Werribee,2-WER-vpt-1.6.R,-37.81412809,144.94827066,526
WER,Werribee,2-WER-vpt-1.6.R,-37.81423502,144.94834642,527
WER,Werribee,2-WER-vpt-1.6.R,-37.81502828,144.94896445,528
WER,Werribee,2-WER-vpt-1.6.R,-37.81523376,144.94913075,529
WER,Werribee,2-WER-vpt-1.6.R,-37.81572646,144.94950493,530
WER,Werribee,2-WER-vpt-1.6.R,-37.81604541,144.94976511,531
WER,Werribee,2-WER-vpt-1.6.R,-37.81638646,144.95002126,532
WER,Werribee,2-WER-vpt-1.6.R,-37.81670538,144.9502694,533
WER,Werribee,2-WER-vpt-1.6.R,-37.81737597,144.95079908,534
WER,Werribee,2-WER-vpt-1.6.R,-37.81763681,144.95101895,535
WER,Werribee,2-WER-vpt-1.6.R,-37.81799199,144.95131062,536
WER,Werribee,2-WER-vpt-1.6.R,-37.818059,144.95136035,537
WER,Werribee,2-WER-vpt-1.6.R,-37.81849,144.95170048,538
WER,Werribee,2-WER-vpt-1.6.R,-37.81919312,144.9522561,539
WER,Werribee,2-WER-vpt-1.6.R,-37.8192778,144.95231635,540
WER,Werribee,2-WER-vpt-1.6.R,-37.81935209,144.95236508,541
WER,Werribee,2-WER-vpt-1.6.R,-37.81947798,144.95244248,542
WER,Werribee,2-WER-vpt-1.6.R,-37.81964228,144.95253644,543
WER,Werribee,2-WER-vpt-1.6.R,-37.81979396,144.95264596,544
WER,Werribee,2-WER-vpt-1.6.R,-37.81987306,144.95271239,545
WER,Werribee,2-WER-vpt-1.6.R,-37.81994874,144.95278369,546
WER,Werribee,2-WER-vpt-1.6.R,-37.8200458,144.95288234,547
WER,Werribee,2-WER-vpt-1.6.R,-37.82012738,144.9529821,548
WER,Werribee,2-WER-vpt-1.6.R,-37.82041112,144.95337415,549
WER,Werribee,2-WER-vpt-1.6.R,-37.82054862,144.95363198,550
WER,Werribee,2-WER-vpt-1.6.R,-37.82077664,144.95394468,551
WER,Werribee,2-WER-vpt-1.6.R,-37.82091537,144.95415443,552
WER,Werribee,2-WER-vpt-1.6.R,-37.82095909,144.95422763,553
WER,Werribee,2-WER-vpt-1.6.R,-37.82099579,144.95429126,554
WER,Werribee,2-WER-vpt-1.6.R,-37.82105879,144.95441085,555
WER,Werribee,2-WER-vpt-1.6.R,-37.82112223,144.95455065,556
WER,Werribee,2-WER-vpt-1.6.R,-37.82116071,144.95464445,557
WER,Werribee,2-WER-vpt-1.6.R,-37.82120633,144.95476986,558
WER,Werribee,2-WER-vpt-1.6.R,-37.82125271,144.95491366,559
WER,Werribee,2-WER-vpt-1.6.R,-37.82129852,144.95508621,560
WER,Werribee,2-WER-vpt-1.6.R,-37.82132949,144.95523486,561
WER,Werribee,2-WER-vpt-1.6.R,-37.82135638,144.95539771,562
WER,Werribee,2-WER-vpt-1.6.R,-37.82137846,144.95560568,563
WER,Werribee,2-WER-vpt-1.6.R,-37.8213848,144.95569559,564
WER,Werribee,2-WER-vpt-1.6.R,-37.82138946,144.95586553,565
WER,Werribee,2-WER-vpt-1.6.R,-37.82138892,144.95597995,566
WER,Werribee,2-WER-vpt-1.6.R,-37.82138212,144.95611248,567
WER,Werribee,2-WER-vpt-1.6.R,-37.8213671,144.95628547,568
WER,Werribee,2-WER-vpt-1.6.R,-37.82134816,144.95642447,569
WER,Werribee,2-WER-vpt-1.6.R,-37.82131587,144.95659975,570
WER,Werribee,2-WER-vpt-1.6.R,-37.82128452,144.95673535,571
WER,Werribee,2-WER-vpt-1.6.R,-37.82125533,144.95684465,572
WER,Werribee,2-WER-vpt-1.6.R,-37.8212033,144.95700911,573
WER,Werribee,2-WER-vpt-1.6.R,-37.82115488,144.95713711,574
WER,Werribee,2-WER-vpt-1.6.R,-37.82112296,144.95721445,575
WER,Werribee,2-WER-vpt-1.6.R,-37.82108533,144.95729944,576
WER,Werribee,2-WER-vpt-1.6.R,-37.82102183,144.95742604,577
WER,Werribee,2-WER-vpt-1.6.R,-37.82094462,144.95756734,578
WER,Werribee,2-WER-vpt-1.6.R,-37.82090513,144.95763386,579
WER,Werribee,2-WER-vpt-1.6.R,-37.82059936,144.95811704,580
WER,Werribee,2-WER-vpt-1.6.R,-37.82051318,144.95826108,581
WER,Werribee,2-WER-vpt-1.6.R,-37.82039877,144.95847099,582
WER,Werribee,2-WER-vpt-1.6.R,-37.82031908,144.9586361,583
WER,Werribee,2-WER-vpt-1.6.R,-37.82023781,144.95881908,584
WER,Werribee,2-WER-vpt-1.6.R,-37.8201525,144.95903887,585
WER,Werribee,2-WER-vpt-1.6.R,-37.82006841,144.95928805,586
WER,Werribee,2-WER-vpt-1.6.R,-37.81980144,144.96020059,587
WER,Werribee,2-WER-vpt-1.6.R,-37.8197386,144.96042305,588
WER,Werribee,2-WER-vpt-1.6.R,-37.8197037,144.96056715,589
WER,Werribee,2-WER-vpt-1.6.R,-37.8196628,144.96075515,590
WER,Werribee,2-WER-vpt-1.6.R,-37.81962892,144.96094274,591
WER,Werribee,2-WER-vpt-1.6.R,-37.81960597,144.96110071,592
WER,Werribee,2-WER-vpt-1.6.R,-37.81958824,144.96125831,593
WER,Werribee,2-WER-vpt-1.6.R,-37.81957484,144.96141056,594
WER,Werribee,2-WER-vpt-1.6.R,-37.8195591,144.96165206,595
WER,Werribee,2-WER-vpt-1.6.R,-37.81955327,144.96178355,596
WER,Werribee,2-WER-vpt-1.6.R,-37.81954216,144.96191745,597
WER,Werribee,2-WER-vpt-1.6.R,-37.81952751,144.96207065,598
WER,Werribee,2-WER-vpt-1.6.R,-37.81949176,144.96231167,599
WER,Werribee,2-WER-vpt-1.6.R,-37.81946946,144.96241885,600
WER,Werribee,2-WER-vpt-1.6.R,-37.81918598,144.9636657,601
WER,Werribee,2-WER-vpt-1.6.R,-37.81914794,144.96396723,602
WER,Werribee,2-WER-vpt-1.6.R,-37.81907727,144.96427374,603
WER,Werribee,2-WER-vpt-1.6.R,-37.81902796,144.96452797,604
WER,Werribee,2-WER-vpt-1.6.R,-37.81896457,144.9648754,605
WER,Werribee,2-WER-vpt-1.6.R,-37.81889097,144.96525231,606
WER,Werribee,2-WER-vpt-1.6.R,-37.8187597,144.96582767,607
WER,Werribee,2-WER-vpt-1.6.R,-37.81856579,144.96671057,608
WIL,Williamstown,2-WIL-vpt-1.5.R,-37.8676574,144.90503,1
WIL,Williamstown,2-WIL-vpt-1.5.R,-37.86731755,144.90401678,2
WIL,Williamstown,2-WIL-vpt-1.5.R,-37.86727106,144.90384008,3
WIL,Williamstown,2-WIL-vpt-1.5.R,-37.86718192,144.90344975,4
WIL,Williamstown,2-WIL-vpt-1.5.R,-37.86713291,144.90326835,5
WIL,Williamstown,2-WIL-vpt-1.5.R,-37.86710944,144.90319012,6
WIL,Williamstown,2-WIL-vpt-1.5.R,-37.86633788,144.90089055,7
WIL,Williamstown,2-WIL-vpt-1.5.R,-37.86590594,144.89958147,8
WIL,Williamstown,2-WIL-vpt-1.5.R,-37.8656988,144.89896761,9
WIL,Williamstown,2-WIL-vpt-1.5.R,-37.86526426,144.89765568,10
WIL,Williamstown,2-WIL-vpt-1.5.R,-37.86500066,144.89686849,11
WIL,Williamstown,2-WIL-vpt-1.5.R,-37.86484502,144.89639368,12
WIL,Williamstown,2-WIL-vpt-1.5.R,-37.86466403,144.89588276,13
WIL,Williamstown,2-WIL-vpt-1.5.R,-37.86444378,144.89534773,14
WIL,Williamstown,2-WIL-vpt-1.5.R,-37.86429432,144.89502768,15
WIL,Williamstown,2-WIL-vpt-1.5.R,-37.86411506,144.89467381,16
WIL,Williamstown,2-WIL-vpt-1.5.R,-37.86404278,144.89453753,17
WIL,Williamstown,2-WIL-vpt-1.5.R,-37.86392872,144.89432241,18
WIL,Williamstown,2-WIL-vpt-1.5.R,-37.86370579,144.89394047,19
WIL,Williamstown,2-WIL-vpt-1.5.R,-37.86328521,144.89329543,20
WIL,Williamstown,2-WIL-vpt-1.5.R,-37.86293194,144.89280626,21
WIL,Williamstown,2-WIL-vpt-1.5.R,-37.86254647,144.89236098,22
WIL,Williamstown,2-WIL-vpt-1.5.R,-37.86224469,144.89203517,23
WIL,Williamstown,2-WIL-vpt-1.5.R,-37.86191006,144.89170655,24
WIL,Williamstown,2-WIL-vpt-1.5.R,-37.86160197,144.89143571,25
WIL,Williamstown,2-WIL-vpt-1.5.R,-37.86133627,144.89122243,26
WIL,Williamstown,2-WIL-vpt-1.5.R,-37.86107259,144.89101591,27
WIL,Williamstown,2-WIL-vpt-1.5.R,-37.860791,144.8908215,28
WIL,Williamstown,2-WIL-vpt-1.5.R,-37.86044478,144.89060552,29
WIL,Williamstown,2-WIL-vpt-1.5.R,-37.86022241,144.89047138,30
WIL,Williamstown,2-WIL-vpt-1.5.R,-37.85961361,144.89015627,31
WIL,Williamstown,2-WIL-vpt-1.5.R,-37.85920849,144.88995721,32
WIL,Williamstown,2-WIL-vpt-1.5.R,-37.8581358,144.88944246,33
WIL,Williamstown,2-WIL-vpt-1.5.R,-37.85711331,144.88894299,34
WIL,Williamstown,2-WIL-vpt-1.5.R,-37.85649227,144.88864872,35
WIL,Williamstown,2-WIL-vpt-1.5.R,-37.85538186,144.88808621,36
WIL,Williamstown,2-WIL-vpt-1.5.R,-37.85482799,144.88781413,37
WIL,Williamstown,2-WIL-vpt-1.5.R,-37.85465493,144.88771678,38
WIL,Williamstown,2-WIL-vpt-1.5.R,-37.85398677,144.88738295,39
WIL,Williamstown,2-WIL-vpt-1.5.R,-37.85214213,144.88647628,40
WIL,Williamstown,2-WIL-vpt-1.5.R,-37.85150986,144.88616918,41
WIL,Williamstown,2-WIL-vpt-1.5.R,-37.85027728,144.88555364,42
WIL,Williamstown,2-WIL-vpt-1.5.R,-37.84972765,144.88529738,43
WIL,Williamstown,2-WIL-vpt-1.5.R,-37.849283,144.88510575,44
WIL,Williamstown,2-WIL-vpt-1.5.R,-37.8488467,144.88492729,45
WIL,Williamstown,2-WIL-vpt-1.5.R,-37.84830024,144.88471675,46
WIL,Williamstown,2-WIL-vpt-1.5.R,-37.84789679,144.88456645,47
WIL,Williamstown,2-WIL-vpt-1.5.R,-37.84720837,144.88432918,48
WIL,Williamstown,2-WIL-vpt-1.5.R,-37.8468526,144.88422457,49
WIL,Williamstown,2-WIL-vpt-1.5.R,-37.84649038,144.88412673,50
WIL,Williamstown,2-WIL-vpt-1.5.R,-37.84604773,144.88401131,51
WIL,Williamstown,2-WIL-vpt-1.5.R,-37.84557749,144.88390543,52
WIL,Williamstown,2-WIL-vpt-1.5.R,-37.84524479,144.88384096,53
WIL,Williamstown,2-WIL-vpt-1.5.R,-37.84459867,144.88371125,54
WIL,Williamstown,2-WIL-vpt-1.5.R,-37.84435648,144.8836734,55
WIL,Williamstown,2-WIL-vpt-1.5.R,-37.84404187,144.88364251,56
WIL,Williamstown,2-WIL-vpt-1.5.R,-37.84378569,144.88360824,57
WIL,Williamstown,2-WIL-vpt-1.5.R,-37.84339631,144.88359392,58
WIL,Williamstown,2-WIL-vpt-1.5.R,-37.8433666,144.88359067,59
WIL,Williamstown,2-WIL-vpt-1.5.R,-37.84284339,144.88356575,60
WIL,Williamstown,2-WIL-vpt-1.5.R,-37.84257029,144.88355321,61
WIL,Williamstown,2-WIL-vpt-1.5.R,-37.84238466,144.88354875,62
WIL,Williamstown,2-WIL-vpt-1.5.R,-37.84216201,144.88354534,63
WIL,Williamstown,2-WIL-vpt-1.5.R,-37.8417372,144.88354487,64
WIL,Williamstown,2-WIL-vpt-1.5.R,-37.84141519,144.88355351,65
WIL,Williamstown,2-WIL-vpt-1.5.R,-37.84120676,144.88355401,66
WIL,Williamstown,2-WIL-vpt-1.5.R,-37.84075244,144.88357677,67
WIL,Williamstown,2-WIL-vpt-1.5.R,-37.8398967,144.88366669,68
WIL,Williamstown,2-WIL-vpt-1.5.R,-37.83947727,144.88372572,69
WIL,Williamstown,2-WIL-vpt-1.5.R,-37.83912992,144.88377804,70
WIL,Williamstown,2-WIL-vpt-1.5.R,-37.83876771,144.88385168,71
WIL,Williamstown,2-WIL-vpt-1.5.R,-37.83857493,144.88388526,72
WIL,Williamstown,2-WIL-vpt-1.5.R,-37.83813644,144.88398176,73
WIL,Williamstown,2-WIL-vpt-1.5.R,-37.83742052,144.88416017,74
WIL,Williamstown,2-WIL-vpt-1.5.R,-37.83557651,144.88463316,75
WIL,Williamstown,2-WIL-vpt-1.5.R,-37.83480334,144.88483569,76
WIL,Williamstown,2-WIL-vpt-1.5.R,-37.83377484,144.88509595,77
WIL,Williamstown,2-WIL-vpt-1.5.R,-37.8327612,144.88535612,78
WIL,Williamstown,2-WIL-vpt-1.5.R,-37.83198851,144.8855602,79
WIL,Williamstown,2-WIL-vpt-1.5.R,-37.8318142,144.88559881,80
WIL,Williamstown,2-WIL-vpt-1.5.R,-37.8305689,144.88592079,81
WIL,Williamstown,2-WIL-vpt-1.5.R,-37.82976976,144.88612755,82
WIL,Williamstown,2-WIL-vpt-1.5.R,-37.82890338,144.88634315,83
WIL,Williamstown,2-WIL-vpt-1.5.R,-37.82796699,144.88658449,84
WIL,Williamstown,2-WIL-vpt-1.5.R,-37.82659306,144.88693988,85
WIL,Williamstown,2-WIL-vpt-1.5.R,-37.8247944,144.88741063,86
WIL,Williamstown,2-WIL-vpt-1.5.R,-37.82302267,144.88785503,87
WIL,Williamstown,2-WIL-vpt-1.5.R,-37.82103868,144.88836806,88
WIL,Williamstown,2-WIL-vpt-1.5.R,-37.82034093,144.88855062,89
WIL,Williamstown,2-WIL-vpt-1.5.R,-37.81987282,144.88866825,90
WIL,Williamstown,2-WIL-vpt-1.5.R,-37.81753261,144.88926806,91
WIL,Williamstown,2-WIL-vpt-1.5.R,-37.81727068,144.88934049,92
WIL,Williamstown,2-WIL-vpt-1.5.R,-37.81711348,144.88938871,93
WIL,Williamstown,2-WIL-vpt-1.5.R,-37.81687982,144.889465,94
WIL,Williamstown,2-WIL-vpt-1.5.R,-37.81653117,144.88959125,95
WIL,Williamstown,2-WIL-vpt-1.5.R,-37.81613721,144.88975878,96
WIL,Williamstown,2-WIL-vpt-1.5.R,-37.81593711,144.88985161,97
WIL,Williamstown,2-WIL-vpt-1.5.R,-37.81575424,144.88994076,98
WIL,Williamstown,2-WIL-vpt-1.5.R,-37.81553192,144.89005626,99
WIL,Williamstown,2-WIL-vpt-1.5.R,-37.81532864,144.89016826,100
WIL,Williamstown,2-WIL-vpt-1.5.R,-37.81507469,144.8903143,101
WIL,Williamstown,2-WIL-vpt-1.5.R,-37.81482972,144.8904635,102
WIL,Williamstown,2-WIL-vpt-1.5.R,-37.8147086,144.89054362,103
WIL,Williamstown,2-WIL-vpt-1.5.R,-37.81442981,144.89073615,104
WIL,Williamstown,2-WIL-vpt-1.5.R,-37.81425691,144.89085875,105
WIL,Williamstown,2-WIL-vpt-1.5.R,-37.81407276,144.89099735,106
WIL,Williamstown,2-WIL-vpt-1.5.R,-37.81384671,144.89117179,107
WIL,Williamstown,2-WIL-vpt-1.5.R,-37.81375258,144.89126432,108
WIL,Williamstown,2-WIL-vpt-1.5.R,-37.81352496,144.89144164,109
WIL,Williamstown,2-WIL-vpt-1.5.R,-37.81302922,144.89188875,110
WIL,Williamstown,2-WIL-vpt-1.5.R,-37.81256691,144.89231617,111
WIL,Williamstown,2-WIL-vpt-1.5.R,-37.81216926,144.8926904,112
WIL,Williamstown,2-WIL-vpt-1.5.R,-37.81195542,144.89289719,113
WIL,Williamstown,2-WIL-vpt-1.5.R,-37.81163778,144.89318066,114
WIL,Williamstown,2-WIL-vpt-1.5.R,-37.81137814,144.8934268,115
WIL,Williamstown,2-WIL-vpt-1.5.R,-37.8111677,144.89361691,116
WIL,Williamstown,2-WIL-vpt-1.5.R,-37.81090351,144.89387045,117
WIL,Williamstown,2-WIL-vpt-1.5.R,-37.81035349,144.89437746,118
WIL,Williamstown,2-WIL-vpt-1.5.R,-37.81009884,144.89462039,119
WIL,Williamstown,2-WIL-vpt-1.5.R,-37.80983729,144.89486544,120
WIL,Williamstown,2-WIL-vpt-1.5.R,-37.8097185,144.8949807,121
WIL,Williamstown,2-WIL-vpt-1.5.R,-37.80896647,144.89568096,122
WIL,Williamstown,2-WIL-vpt-1.5.R,-37.80781149,144.89675281,123
WIL,Williamstown,2-WIL-vpt-1.5.R,-37.80649224,144.89798285,124
WIL,Williamstown,2-WIL-vpt-1.5.R,-37.80615237,144.8983037,125
WIL,Williamstown,2-WIL-vpt-1.5.R,-37.80575762,144.89866995,126
WIL,Williamstown,2-WIL-vpt-1.5.R,-37.80445698,144.89991336,127
WIL,Williamstown,2-WIL-vpt-1.5.R,-37.80407359,144.90025042,128
WIL,Williamstown,2-WIL-vpt-1.5.R,-37.80259989,144.90161952,129
WIL,Williamstown,2-WIL-vpt-1.5.R,-37.80238626,144.90180842,130
WIL,Williamstown,2-WIL-vpt-1.5.R,-37.8021775,144.90200287,131
WIL,Williamstown,2-WIL-vpt-1.5.R,-37.80191996,144.90226172,132
WIL,Williamstown,2-WIL-vpt-1.5.R,-37.80174241,144.90246289,133
WIL,Williamstown,2-WIL-vpt-1.5.R,-37.8014231,144.9028106,134
WIL,Williamstown,2-WIL-vpt-1.5.R,-37.80125036,144.90302889,135
WIL,Williamstown,2-WIL-vpt-1.5.R,-37.80107564,144.90327802,136
WIL,Williamstown,2-WIL-vpt-1.5.R,-37.80060604,144.90396138,137
WIL,Williamstown,2-WIL-vpt-1.5.R,-37.80018691,144.90462479,138
WIL,Williamstown,2-WIL-vpt-1.5.R,-37.80004321,144.90485974,139
WIL,Williamstown,2-WIL-vpt-1.5.R,-37.79991327,144.90509851,140
WIL,Williamstown,2-WIL-vpt-1.5.R,-37.79976456,144.90539629,141
WIL,Williamstown,2-WIL-vpt-1.5.R,-37.79925312,144.90657563,142
WIL,Williamstown,2-WIL-vpt-1.5.R,-37.7991292,144.90688975,143
WIL,Williamstown,2-WIL-vpt-1.5.R,-37.79905043,144.90711707,144
WIL,Williamstown,2-WIL-vpt-1.5.R,-37.79897932,144.90734508,145
WIL,Williamstown,2-WIL-vpt-1.5.R,-37.79883866,144.90784785,146
WIL,Williamstown,2-WIL-vpt-1.5.R,-37.79877983,144.90808233,147
WIL,Williamstown,2-WIL-vpt-1.5.R,-37.79873928,144.90825973,148
WIL,Williamstown,2-WIL-vpt-1.5.R,-37.79868809,144.90851307,149
WIL,Williamstown,2-WIL-vpt-1.5.R,-37.79860353,144.90898371,150
WIL,Williamstown,2-WIL-vpt-1.5.R,-37.79826012,144.91101583,151
WIL,Williamstown,2-WIL-vpt-1.5.R,-37.79801756,144.912558,152
WIL,Williamstown,2-WIL-vpt-1.5.R,-37.79797498,144.91289105,153
WIL,Williamstown,2-WIL-vpt-1.5.R,-37.79794447,144.91321876,154
WIL,Williamstown,2-WIL-vpt-1.5.R,-37.7979373,144.91334275,155
WIL,Williamstown,2-WIL-vpt-1.5.R,-37.79792679,144.91360925,156
WIL,Williamstown,2-WIL-vpt-1.5.R,-37.79792674,144.91377438,157
WIL,Williamstown,2-WIL-vpt-1.5.R,-37.79793081,144.91399368,158
WIL,Williamstown,2-WIL-vpt-1.5.R,-37.7979416,144.91419076,159
WIL,Williamstown,2-WIL-vpt-1.5.R,-37.79796038,144.91443202,160
WIL,Williamstown,2-WIL-vpt-1.5.R,-37.79800867,144.9148285,161
WIL,Williamstown,2-WIL-vpt-1.5.R,-37.79897927,144.92134002,162
WIL,Williamstown,2-WIL-vpt-1.5.R,-37.79917262,144.92269087,163
WIL,Williamstown,2-WIL-vpt-1.5.R,-37.79935648,144.92390865,164
WIL,Williamstown,2-WIL-vpt-1.5.R,-37.79961846,144.92567825,165
WIL,Williamstown,2-WIL-vpt-1.5.R,-37.7997485,144.9265741,166
WIL,Williamstown,2-WIL-vpt-1.5.R,-37.79994081,144.92785357,167
WIL,Williamstown,2-WIL-vpt-1.5.R,-37.80024614,144.92997055,168
WIL,Williamstown,2-WIL-vpt-1.5.R,-37.80035931,144.93063099,169
WIL,Williamstown,2-WIL-vpt-1.5.R,-37.8004217,144.93094555,170
WIL,Williamstown,2-WIL-vpt-1.5.R,-37.80047699,144.93119467,171
WIL,Williamstown,2-WIL-vpt-1.5.R,-37.80056556,144.93154268,172
WIL,Williamstown,2-WIL-vpt-1.5.R,-37.80068563,144.93196534,173
WIL,Williamstown,2-WIL-vpt-1.5.R,-37.80095613,144.93283095,174
WIL,Williamstown,2-WIL-vpt-1.5.R,-37.80100827,144.93298782,175
WIL,Williamstown,2-WIL-vpt-1.5.R,-37.80113606,144.93335235,176
WIL,Williamstown,2-WIL-vpt-1.5.R,-37.80131043,144.93382984,177
WIL,Williamstown,2-WIL-vpt-1.5.R,-37.80139586,144.93405064,178
WIL,Williamstown,2-WIL-vpt-1.5.R,-37.80148713,144.93427025,179
WIL,Williamstown,2-WIL-vpt-1.5.R,-37.80154062,144.93439119,180
WIL,Williamstown,2-WIL-vpt-1.5.R,-37.80165422,144.93463607,181
WIL,Williamstown,2-WIL-vpt-1.5.R,-37.80171327,144.93475516,182
WIL,Williamstown,2-WIL-vpt-1.5.R,-37.80182472,144.93502122,183
WIL,Williamstown,2-WIL-vpt-1.5.R,-37.80189454,144.93520486,184
WIL,Williamstown,2-WIL-vpt-1.5.R,-37.80160849,144.9346286,185
WIL,Williamstown,2-WIL-vpt-1.5.R,-37.8014082,144.93421441,186
WIL,Williamstown,2-WIL-vpt-1.5.R,-37.80133127,144.93404153,187
WIL,Williamstown,2-WIL-vpt-1.5.R,-37.80122342,144.93376571,188
WIL,Williamstown,2-WIL-vpt-1.5.R,-37.80116659,144.93360296,189
WIL,Williamstown,2-WIL-vpt-1.5.R,-37.80107022,144.93331376,190
WIL,Williamstown,2-WIL-vpt-1.5.R,-37.80063601,144.93191096,191
WIL,Williamstown,2-WIL-vpt-1.5.R,-37.80055521,144.93163553,192
WIL,Williamstown,2-WIL-vpt-1.5.R,-37.80049662,144.93141956,193
WIL,Williamstown,2-WIL-vpt-1.5.R,-37.80042119,144.93110105,194
WIL,Williamstown,2-WIL-vpt-1.5.R,-37.80037,144.93086534,195
WIL,Williamstown,2-WIL-vpt-1.5.R,-37.8003269,144.93063792,196
WIL,Williamstown,2-WIL-vpt-1.5.R,-37.80007443,144.92898976,197
WIL,Williamstown,2-WIL-vpt-1.5.R,-37.79992182,144.92796279,198
WIL,Williamstown,2-WIL-vpt-1.5.R,-37.7998042,144.92722922,199
WIL,Williamstown,2-WIL-vpt-1.5.R,-37.79964522,144.92627171,200
WIL,Williamstown,2-WIL-vpt-1.5.R,-37.79951312,144.92539205,201
WIL,Williamstown,2-WIL-vpt-1.5.R,-37.79964522,144.92627171,202
WIL,Williamstown,2-WIL-vpt-1.5.R,-37.7998042,144.92722922,203
WIL,Williamstown,2-WIL-vpt-1.5.R,-37.79992182,144.92796279,204
WIL,Williamstown,2-WIL-vpt-1.5.R,-37.80007443,144.92898976,205
WIL,Williamstown,2-WIL-vpt-1.5.R,-37.8003269,144.93063792,206
WIL,Williamstown,2-WIL-vpt-1.5.R,-37.80037,144.93086534,207
WIL,Williamstown,2-WIL-vpt-1.5.R,-37.80042119,144.93110105,208
WIL,Williamstown,2-WIL-vpt-1.5.R,-37.80049662,144.93141956,209
WIL,Williamstown,2-WIL-vpt-1.5.R,-37.80055521,144.93163553,210
WIL,Williamstown,2-WIL-vpt-1.5.R,-37.80063601,144.93191096,211
WIL,Williamstown,2-WIL-vpt-1.5.R,-37.80107022,144.93331376,212
WIL,Williamstown,2-WIL-vpt-1.5.R,-37.80116659,144.93360296,213
WIL,Williamstown,2-WIL-vpt-1.5.R,-37.80124962,144.93383585,214
WIL,Williamstown,2-WIL-vpt-1.5.R,-37.80133127,144.93404153,215
WIL,Williamstown,2-WIL-vpt-1.5.R,-37.8014082,144.93421441,216
WIL,Williamstown,2-WIL-vpt-1.5.R,-37.80160849,144.9346286,217
WIL,Williamstown,2-WIL-vpt-1.5.R,-37.80209921,144.93561156,218
WIL,Williamstown,2-WIL-vpt-1.5.R,-37.80204907,144.93549665,219
WIL,Williamstown,2-WIL-vpt-1.5.R,-37.80193591,144.9352053,220
WIL,Williamstown,2-WIL-vpt-1.5.R,-37.80218572,144.93570955,221
WIL,Williamstown,2-WIL-vpt-1.5.R,-37.80244471,144.93624864,222
WIL,Williamstown,2-WIL-vpt-1.5.R,-37.80301281,144.9373854,223
WIL,Williamstown,2-WIL-vpt-1.5.R,-37.80327031,144.93788161,224
WIL,Williamstown,2-WIL-vpt-1.5.R,-37.80339107,144.93809757,225
WIL,Williamstown,2-WIL-vpt-1.5.R,-37.80349813,144.93826791,226
WIL,Williamstown,2-WIL-vpt-1.5.R,-37.80364653,144.93848254,227
WIL,Williamstown,2-WIL-vpt-1.5.R,-37.80378526,144.93866484,228
WIL,Williamstown,2-WIL-vpt-1.5.R,-37.80418304,144.93911275,229
WIL,Williamstown,2-WIL-vpt-1.5.R,-37.80423756,144.93917972,230
WIL,Williamstown,2-WIL-vpt-1.5.R,-37.80442036,144.93938828,231
WIL,Williamstown,2-WIL-vpt-1.5.R,-37.80498495,144.94002692,232
WIL,Williamstown,2-WIL-vpt-1.5.R,-37.80521377,144.94027498,233
WIL,Williamstown,2-WIL-vpt-1.5.R,-37.80541197,144.94045745,234
WIL,Williamstown,2-WIL-vpt-1.5.R,-37.80564984,144.94063519,235
WIL,Williamstown,2-WIL-vpt-1.5.R,-37.80601831,144.94094366,236
WIL,Williamstown,2-WIL-vpt-1.5.R,-37.80740952,144.94203994,237
WIL,Williamstown,2-WIL-vpt-1.5.R,-37.80784601,144.94238334,238
WIL,Williamstown,2-WIL-vpt-1.5.R,-37.80794871,144.94245887,239
WIL,Williamstown,2-WIL-vpt-1.5.R,-37.80814998,144.94260026,240
WIL,Williamstown,2-WIL-vpt-1.5.R,-37.80834468,144.94274763,241
WIL,Williamstown,2-WIL-vpt-1.5.R,-37.80843623,144.94282403,242
WIL,Williamstown,2-WIL-vpt-1.5.R,-37.80851771,144.94289753,243
WIL,Williamstown,2-WIL-vpt-1.5.R,-37.80872873,144.94309658,244
WIL,Williamstown,2-WIL-vpt-1.5.R,-37.80894962,144.94328275,245
WIL,Williamstown,2-WIL-vpt-1.5.R,-37.81034668,144.94438044,246
WIL,Williamstown,2-WIL-vpt-1.5.R,-37.81052999,144.94453608,247
WIL,Williamstown,2-WIL-vpt-1.5.R,-37.81060154,144.94460304,248
WIL,Williamstown,2-WIL-vpt-1.5.R,-37.81075072,144.94474941,249
WIL,Williamstown,2-WIL-vpt-1.5.R,-37.81116972,144.94518045,250
WIL,Williamstown,2-WIL-vpt-1.5.R,-37.81129769,144.94531514,251
WIL,Williamstown,2-WIL-vpt-1.5.R,-37.81144322,144.94548524,252
WIL,Williamstown,2-WIL-vpt-1.5.R,-37.81193967,144.94613565,253
WIL,Williamstown,2-WIL-vpt-1.5.R,-37.81205766,144.94628186,254
WIL,Williamstown,2-WIL-vpt-1.5.R,-37.81214549,144.9463828,255
WIL,Williamstown,2-WIL-vpt-1.5.R,-37.81234077,144.94659968,256
WIL,Williamstown,2-WIL-vpt-1.5.R,-37.81265396,144.94693735,257
WIL,Williamstown,2-WIL-vpt-1.5.R,-37.812765,144.94705218,258
WIL,Williamstown,2-WIL-vpt-1.5.R,-37.812925,144.9472095,259
WIL,Williamstown,2-WIL-vpt-1.5.R,-37.81317443,144.9474467,260
WIL,Williamstown,2-WIL-vpt-1.5.R,-37.81334989,144.94761212,261
WIL,Williamstown,2-WIL-vpt-1.5.R,-37.81351426,144.94776206,262
WIL,Williamstown,2-WIL-vpt-1.5.R,-37.8136366,144.94786829,263
WIL,Williamstown,2-WIL-vpt-1.5.R,-37.81382269,144.94802285,264
WIL,Williamstown,2-WIL-vpt-1.5.R,-37.81412809,144.94827066,265
WIL,Williamstown,2-WIL-vpt-1.5.R,-37.81423502,144.94834642,266
WIL,Williamstown,2-WIL-vpt-1.5.R,-37.81502828,144.94896445,267
WIL,Williamstown,2-WIL-vpt-1.5.R,-37.81523376,144.94913075,268
WIL,Williamstown,2-WIL-vpt-1.5.R,-37.81572646,144.94950493,269
WIL,Williamstown,2-WIL-vpt-1.5.R,-37.81604541,144.94976511,270
WIL,Williamstown,2-WIL-vpt-1.5.R,-37.81638646,144.95002126,271
WIL,Williamstown,2-WIL-vpt-1.5.R,-37.81670538,144.9502694,272
WIL,Williamstown,2-WIL-vpt-1.5.R,-37.81737597,144.95079908,273
WIL,Williamstown,2-WIL-vpt-1.5.R,-37.81763681,144.95101895,274
WIL,Williamstown,2-WIL-vpt-1.5.R,-37.81799199,144.95131062,275
WIL,Williamstown,2-WIL-vpt-1.5.R,-37.818059,144.95136035,276
WIL,Williamstown,2-WIL-vpt-1.5.R,-37.81849,144.95170048,277
WIL,Williamstown,2-WIL-vpt-1.5.R,-37.81919312,144.9522561,278
WIL,Williamstown,2-WIL-vpt-1.5.R,-37.8192778,144.95231635,279
WIL,Williamstown,2-WIL-vpt-1.5.R,-37.81935209,144.95236508,280
WIL,Williamstown,2-WIL-vpt-1.5.R,-37.81947798,144.95244248,281
WIL,Williamstown,2-WIL-vpt-1.5.R,-37.81964228,144.95253644,282
WIL,Williamstown,2-WIL-vpt-1.5.R,-37.81979396,144.95264596,283
WIL,Williamstown,2-WIL-vpt-1.5.R,-37.81987306,144.95271239,284
WIL,Williamstown,2-WIL-vpt-1.5.R,-37.81994874,144.95278369,285
WIL,Williamstown,2-WIL-vpt-1.5.R,-37.8200458,144.95288234,286
WIL,Williamstown,2-WIL-vpt-1.5.R,-37.82012738,144.9529821,287
WIL,Williamstown,2-WIL-vpt-1.5.R,-37.82041112,144.95337415,288
WIL,Williamstown,2-WIL-vpt-1.5.R,-37.82054862,144.95363198,289
WIL,Williamstown,2-WIL-vpt-1.5.R,-37.82077664,144.95394468,290
WIL,Williamstown,2-WIL-vpt-1.5.R,-37.82091537,144.95415443,291
WIL,Williamstown,2-WIL-vpt-1.5.R,-37.82095909,144.95422763,292
WIL,Williamstown,2-WIL-vpt-1.5.R,-37.82099579,144.95429126,293
WIL,Williamstown,2-WIL-vpt-1.5.R,-37.82105879,144.95441085,294
WIL,Williamstown,2-WIL-vpt-1.5.R,-37.82112223,144.95455065,295
WIL,Williamstown,2-WIL-vpt-1.5.R,-37.82116071,144.95464445,296
WIL,Williamstown,2-WIL-vpt-1.5.R,-37.82120633,144.95476986,297
WIL,Williamstown,2-WIL-vpt-1.5.R,-37.82125271,144.95491366,298
WIL,Williamstown,2-WIL-vpt-1.5.R,-37.82129852,144.95508621,299
WIL,Williamstown,2-WIL-vpt-1.5.R,-37.82132949,144.95523486,300
WIL,Williamstown,2-WIL-vpt-1.5.R,-37.82135638,144.95539771,301
WIL,Williamstown,2-WIL-vpt-1.5.R,-37.82137846,144.95560568,302
WIL,Williamstown,2-WIL-vpt-1.5.R,-37.8213848,144.95569559,303
WIL,Williamstown,2-WIL-vpt-1.5.R,-37.82138946,144.95586553,304
WIL,Williamstown,2-WIL-vpt-1.5.R,-37.82138892,144.95597995,305
WIL,Williamstown,2-WIL-vpt-1.5.R,-37.82138212,144.95611248,306
WIL,Williamstown,2-WIL-vpt-1.5.R,-37.8213671,144.95628547,307
WIL,Williamstown,2-WIL-vpt-1.5.R,-37.82134816,144.95642447,308
WIL,Williamstown,2-WIL-vpt-1.5.R,-37.82131587,144.95659975,309
WIL,Williamstown,2-WIL-vpt-1.5.R,-37.82128452,144.95673535,310
WIL,Williamstown,2-WIL-vpt-1.5.R,-37.82125533,144.95684465,311
WIL,Williamstown,2-WIL-vpt-1.5.R,-37.8212033,144.95700911,312
WIL,Williamstown,2-WIL-vpt-1.5.R,-37.82115488,144.95713711,313
WIL,Williamstown,2-WIL-vpt-1.5.R,-37.82112296,144.95721445,314
WIL,Williamstown,2-WIL-vpt-1.5.R,-37.82108533,144.95729944,315
WIL,Williamstown,2-WIL-vpt-1.5.R,-37.82102183,144.95742604,316
WIL,Williamstown,2-WIL-vpt-1.5.R,-37.82094462,144.95756734,317
WIL,Williamstown,2-WIL-vpt-1.5.R,-37.82090513,144.95763386,318
WIL,Williamstown,2-WIL-vpt-1.5.R,-37.82059936,144.95811704,319
WIL,Williamstown,2-WIL-vpt-1.5.R,-37.82051318,144.95826108,320
WIL,Williamstown,2-WIL-vpt-1.5.R,-37.82039877,144.95847099,321
WIL,Williamstown,2-WIL-vpt-1.5.R,-37.82031908,144.9586361,322
WIL,Williamstown,2-WIL-vpt-1.5.R,-37.82023781,144.95881908,323
WIL,Williamstown,2-WIL-vpt-1.5.R,-37.8201525,144.95903887,324
WIL,Williamstown,2-WIL-vpt-1.5.R,-37.82006841,144.95928805,325
WIL,Williamstown,2-WIL-vpt-1.5.R,-37.81980144,144.96020059,326
WIL,Williamstown,2-WIL-vpt-1.5.R,-37.8197386,144.96042305,327
WIL,Williamstown,2-WIL-vpt-1.5.R,-37.8197037,144.96056715,328
WIL,Williamstown,2-WIL-vpt-1.5.R,-37.8196628,144.96075515,329
WIL,Williamstown,2-WIL-vpt-1.5.R,-37.81962892,144.96094274,330
WIL,Williamstown,2-WIL-vpt-1.5.R,-37.81960597,144.96110071,331
WIL,Williamstown,2-WIL-vpt-1.5.R,-37.81958824,144.96125831,332
WIL,Williamstown,2-WIL-vpt-1.5.R,-37.81957484,144.96141056,333
WIL,Williamstown,2-WIL-vpt-1.5.R,-37.8195591,144.96165206,334
WIL,Williamstown,2-WIL-vpt-1.5.R,-37.81955327,144.96178355,335
WIL,Williamstown,2-WIL-vpt-1.5.R,-37.81954216,144.96191745,336
WIL,Williamstown,2-WIL-vpt-1.5.R,-37.81952751,144.96207065,337
WIL,Williamstown,2-WIL-vpt-1.5.R,-37.81949176,144.96231167,338
WIL,Williamstown,2-WIL-vpt-1.5.R,-37.81946946,144.96241885,339
WIL,Williamstown,2-WIL-vpt-1.5.R,-37.81918598,144.9636657,340
WIL,Williamstown,2-WIL-vpt-1.5.R,-37.81914794,144.96396723,341
WIL,Williamstown,2-WIL-vpt-1.5.R,-37.81907727,144.96427374,342
WIL,Williamstown,2-WIL-vpt-1.5.R,-37.81902796,144.96452797,343
WIL,Williamstown,2-WIL-vpt-1.5.R,-37.81896457,144.9648754,344
WIL,Williamstown,2-WIL-vpt-1.5.R,-37.81889097,144.96525231,345
WIL,Williamstown,2-WIL-vpt-1.5.R,-37.8187597,144.96582767,346
WIL,Williamstown,2-WIL-vpt-1.5.R,-37.81856579,144.96671057,347
