{"type":"Topology","arcs":[[[5114,293],[-97,16],[10,63]],[[5027,372],[16,35],[71,47]],[[5114,454],[0,-161]],[[2851,5094],[-10,2]],[[2841,5096],[5,61],[67,78],[27,-4]],[[2940,5231],[-2,-49],[85,-13]],[[3023,5169],[16,-2]],[[3039,5167],[-67,-7],[-12,-91]],[[2960,5069],[-92,23]],[[2868,5092],[-17,2]],[[2689,5197],[42,12],[-8,97]],[[2723,5306],[43,14],[6,119]],[[2772,5439],[1,5]],[[2773,5444],[217,-17]],[[2990,5427],[96,-25]],[[3086,5402],[-19,-44],[-112,13]],[[2955,5371],[16,-36],[-8,-60]],[[2963,5275],[-23,-44]],[[2841,5096],[-87,12]],[[2754,5108],[-20,43]],[[2734,5151],[54,49],[-99,-3]],[[2727,4966],[-6,68],[32,32]],[[2753,5066],[1,42]],[[2851,5094],[-43,-33],[-15,-110]],[[2793,4951],[-66,15]],[[2871,4582],[56,-8],[-10,-42]],[[2917,4532],[-55,-6]],[[2862,4526],[9,56]],[[4967,607],[49,4]],[[5016,611],[-14,-89],[-48,8],[13,77]],[[4748,368],[28,38],[-22,108]],[[4754,514],[140,-23],[-8,-96]],[[4886,395],[-8,-47],[-130,20]],[[5101,553],[13,-32]],[[5114,521],[0,-67]],[[5027,372],[-141,23]],[[4754,514],[-32,66],[87,29],[69,-32],[30,26],[59,4]],[[5016,611],[42,-48],[43,-10]],[[4073,4512],[-92,-12],[-59,12]],[[3922,4512],[-37,54]],[[3885,4566],[145,-27],[47,1]],[[4077,4540],[-4,-28]],[[2471,5051],[-170,23]],[[2301,5074],[11,95]],[[2312,5169],[56,-7]],[[2368,5162],[80,0]],[[2448,5162],[32,-55]],[[2480,5107],[-9,-56]],[[2194,5185],[38,13]],[[2232,5198],[80,-29]],[[2301,5074],[-2,-21]],[[2299,5053],[-122,16]],[[2177,5069],[-32,54]],[[2145,5123],[49,62]],[[3297,3366],[7,51]],[[3304,3417],[64,13]],[[3368,3430],[127,-19],[55,6]],[[3550,3417],[-3,-115]],[[3547,3302],[-52,-207]],[[3495,3095],[-26,-6],[-210,75]],[[3259,3164],[18,70]],[[3277,3234],[20,132]],[[3125,4379],[-66,9]],[[3059,4388],[-64,15]],[[2995,4403],[4,102]],[[2999,4505],[19,35],[52,-9]],[[3070,4531],[13,-57],[54,-11]],[[3137,4463],[-3,-19]],[[3134,4444],[-9,-65]],[[5114,293],[0,-220]],[[5114,73],[-27,4],[-12,-77]],[[5075,0],[-318,0],[22,43],[-6,78],[-29,45],[-43,20],[38,52],[16,63],[-7,67]],[[3240,3138],[19,26]],[[3495,3095],[20,-30],[118,-19],[-22,-126]],[[3611,2920],[-58,-91]],[[3553,2829],[-197,31]],[[3356,2860],[-31,1],[-29,104]],[[3296,2965],[-56,173]],[[2643,4460],[40,-60]],[[2683,4400],[-54,24],[-39,-5]],[[2590,4419],[-2,0]],[[2588,4419],[55,41]],[[2564,4238],[-41,7]],[[2523,4245],[-53,22]],[[2470,4267],[6,26]],[[2476,4293],[93,-16],[-5,-39]],[[1942,4939],[9,33]],[[1951,4972],[46,-6]],[[1997,4966],[-5,-34]],[[1992,4932],[-2,-53]],[[1990,4879],[-36,40]],[[1954,4919],[-12,20]],[[920,1594],[-66,8],[-11,-23]],[[843,1579],[-7,43],[77,110],[32,-41],[59,19],[31,-11]],[[1035,1699],[-22,-34],[-55,-22],[-38,-49]],[[2869,1977],[12,-94],[73,-27],[81,17],[30,-55]],[[3065,1818],[-63,-75],[-41,-121]],[[2961,1622],[-168,55],[-96,23]],[[2697,1700],[-10,101],[31,26],[6,53],[66,16],[79,81]],[[4266,0],[-6,3],[14,31],[33,-29],[1,-5],[-42,0]],[[2407,4274],[31,-39],[-29,-26]],[[2409,4209],[-27,39]],[[2382,4248],[25,26]],[[2406,4766],[-5,-43],[-30,4],[-11,45]],[[2360,4772],[46,-6]],[[3920,58],[35,-46]],[[3955,12],[-41,5]],[[3914,17],[-21,3]],[[3893,20],[27,38]],[[3779,118],[-48,1],[0,24],[48,0],[0,-25]],[[2540,4076],[-28,59]],[[2512,4135],[36,-10]],[[2548,4125],[-1,-6]],[[2547,4119],[-7,-43]],[[2619,3963],[-30,5]],[[2589,3968],[-8,26]],[[2581,3994],[42,-5]],[[2623,3989],[-4,-26]],[[4307,2089],[-117,144],[-32,112],[-28,24]],[[4130,2369],[38,62],[15,97]],[[4183,2528],[335,-53]],[[4518,2475],[81,-115],[-31,-191]],[[4568,2169],[-101,17],[-11,-70],[-141,24],[-8,-51]],[[2772,5439],[-137,16],[-28,17],[-183,21]],[[2424,5493],[-9,42],[17,53]],[[2432,5588],[311,-44]],[[2743,5544],[-4,-28],[50,-46],[-16,-26]],[[251,2274],[21,-87]],[[272,2187],[-32,-202]],[[240,1985],[-188,29],[-46,20]],[[6,2034],[10,84],[-16,2]],[[0,2120],[0,120],[37,-6],[105,11],[109,29]],[[3580,2724],[16,98]],[[3596,2822],[94,-16]],[[3690,2806],[-16,-97],[-94,15]],[[4046,2452],[45,-47]],[[4091,2405],[-33,-37]],[[4058,2368],[-48,10]],[[4010,2378],[11,78],[25,-4]],[[2640,4104],[94,-14]],[[2734,4090],[18,-33]],[[2752,4057],[-2,-17]],[[2750,4040],[-117,19]],[[2633,4059],[7,45]],[[3855,3349],[-9,-68]],[[3846,3281],[-85,13]],[[3761,3294],[94,55]],[[3041,6433],[-17,-89],[-39,-113],[52,-44],[20,-46]],[[3057,6141],[-188,25],[-5,-36]],[[2864,6130],[-98,11],[-65,31]],[[2701,6172],[-64,180],[59,132]],[[2696,6484],[77,-11]],[[2773,6473],[268,-40]],[[1861,5102],[21,29]],[[1882,5131],[105,86]],[[1987,5217],[23,-17]],[[2010,5200],[-11,-119],[11,-14]],[[2010,5067],[-1,-7]],[[2009,5060],[-105,31]],[[1904,5091],[-43,11]],[[5114,73],[0,-73],[-39,0]],[[3784,4047],[41,39],[12,90]],[[3837,4176],[42,-3]],[[3879,4173],[-12,-30],[4,-120],[32,-71]],[[3903,3952],[-133,-20]],[[3770,3932],[14,115]],[[3609,6351],[-135,12]],[[3474,6363],[-20,-35],[-43,46],[-82,18]],[[3329,6392],[30,219]],[[3359,6611],[324,0]],[[3683,6611],[-147,-27],[35,-50],[-4,-40],[73,-11],[-5,-39],[-72,10],[-15,-44],[68,-10],[-7,-49]],[[3846,3281],[-16,-88]],[[3830,3193],[-10,-123]],[[3820,3070],[-9,-89]],[[3811,2981],[-15,-91],[-185,30]],[[3547,3302],[97,-20],[32,34],[44,-15]],[[3720,3301],[41,-7]],[[3559,3519],[195,-31]],[[3754,3488],[5,-35],[-40,-99],[1,-53]],[[3550,3417],[5,102]],[[3555,3519],[4,0]],[[3811,2981],[44,-113],[44,-76]],[[3899,2792],[5,-20]],[[3904,2772],[-123,20]],[[3781,2792],[-91,14]],[[3596,2822],[-43,7]],[[3820,3070],[42,-76],[52,16],[-14,-88],[18,-53]],[[3918,2869],[-19,-77]],[[3054,3673],[18,120],[35,-6]],[[3107,3787],[12,-2]],[[3119,3785],[-14,-95],[47,-7],[-22,-108]],[[3130,3575],[-48,25],[-28,73]],[[4227,4187],[81,29],[5,-86]],[[4313,4130],[11,-96]],[[4324,4034],[-13,-3]],[[4311,4031],[-56,8]],[[4255,4039],[-46,74],[18,74]],[[1425,4981],[71,-10],[20,-72],[48,-58]],[[1564,4841],[-54,-18]],[[1510,4823],[-102,26],[14,107]],[[1422,4956],[3,25]],[[1954,5352],[-53,57]],[[1901,5409],[-28,25],[7,46]],[[1880,5480],[163,-30],[33,90]],[[2076,5540],[0,2]],[[2076,5542],[65,-9]],[[2141,5533],[-13,-58],[-66,-61]],[[2062,5414],[-85,4],[-23,-66]],[[3135,4224],[-12,-80]],[[3123,4144],[-96,-7]],[[3027,4137],[1,16]],[[3028,4153],[8,69]],[[3036,4222],[0,3]],[[3036,4225],[99,-1]],[[3356,2860],[-8,-55],[-30,-51]],[[3318,2754],[-78,1]],[[3240,2755],[-8,93]],[[3232,2848],[40,30],[-27,64]],[[3245,2942],[51,23]],[[3422,4218],[-94,15]],[[3328,4233],[-99,14]],[[3229,4247],[9,66]],[[3238,4313],[101,-3],[20,15]],[[3359,4325],[39,-7],[25,-53]],[[3423,4265],[-1,-47]],[[3362,2560],[-92,-80]],[[3270,2480],[-38,-32],[-50,3]],[[3182,2451],[12,143],[-9,149]],[[3185,2743],[55,12]],[[3318,2754],[12,-55],[56,-113],[-24,-26]],[[3831,4756],[-8,-63],[-89,-96],[-84,-40]],[[3650,4557],[18,131],[20,-10]],[[3688,4678],[71,9],[-17,113]],[[3742,4800],[36,-10]],[[3778,4790],[53,-34]],[[2713,3607],[-47,6],[6,43]],[[2672,3656],[5,25]],[[2677,3681],[81,-11]],[[2758,3670],[101,-18]],[[2859,3652],[-10,-69],[-136,24]],[[2060,4700],[-99,18]],[[1961,4718],[10,71],[-69,19]],[[1902,4808],[6,74],[46,37]],[[1990,4879],[64,-23]],[[2054,4856],[-3,-30]],[[2051,4826],[-26,-18],[35,-108]],[[2333,5359],[-32,100]],[[2301,5459],[-16,52]],[[2285,5511],[-61,165]],[[2224,5676],[196,-32]],[[2420,5644],[12,-56]],[[2424,5493],[11,-24],[-25,-76],[4,-45]],[[2414,5348],[-81,11]],[[2297,4449],[-11,1]],[[2286,4450],[-34,6]],[[2252,4456],[-13,19],[-91,27]],[[2148,4502],[62,26],[18,39],[81,-26]],[[2309,4541],[23,-66]],[[2332,4475],[-39,-2],[4,-24]],[[3513,6071],[44,-7],[-6,-107],[17,-3]],[[3568,5954],[11,-55],[-27,-66]],[[3552,5833],[-37,6],[-76,-24]],[[3439,5815],[-10,74],[20,93],[31,69],[33,20]],[[97,5244],[-86,-12],[-11,8]],[[0,5240],[0,172]],[[0,5412],[23,8],[54,-36]],[[77,5384],[-1,0]],[[76,5384],[15,-44],[6,-96]],[[3082,4558],[67,-14]],[[3149,4544],[-12,-81]],[[3070,4531],[12,27]],[[2481,4668],[53,61]],[[2534,4729],[45,2]],[[2579,4731],[19,-35],[-35,-37]],[[2563,4659],[-38,0]],[[2525,4659],[-44,9]],[[3456,3633],[25,-3],[34,63],[-20,32]],[[3495,3725],[59,-8]],[[3554,3717],[18,-21],[-11,-94],[29,-5],[-31,-78]],[[3555,3519],[-99,114]],[[2623,3989],[10,70]],[[2750,4040],[-8,-52]],[[2742,3988],[-7,-43],[-45,7]],[[2690,3952],[-71,11]],[[2588,4419],[-48,-18]],[[2540,4401],[6,57],[-46,7]],[[2500,4465],[1,10]],[[2501,4475],[12,88]],[[2513,4563],[0,1]],[[2513,4564],[123,-17]],[[2636,4547],[7,-87]],[[3044,3405],[72,-11]],[[3116,3394],[-30,-167]],[[3086,3227],[-98,4]],[[2988,3231],[-17,40]],[[2971,3271],[6,47],[48,-7],[14,95]],[[3039,3406],[5,-1]],[[3962,5576],[-66,-5],[-6,-36],[-47,-15]],[[3843,5520],[-42,16],[-34,-19],[-60,13],[-28,37]],[[3679,5567],[14,57],[-23,28],[39,80],[-38,39]],[[3671,5771],[3,28],[90,-4],[50,20],[28,41]],[[3842,5856],[24,-17]],[[3866,5839],[-10,-36],[76,-59],[59,-106],[28,-22]],[[4019,5616],[-57,-40]],[[3288,3958],[51,-9]],[[3339,3949],[-7,-48]],[[3332,3901],[-119,32],[5,36]],[[3218,3969],[70,-11]],[[2523,4245],[-11,-49]],[[2512,4196],[-8,-45]],[[2504,4151],[-78,-28]],[[2426,4123],[5,46],[-22,40]],[[2407,4274],[42,7]],[[2449,4281],[21,-14]],[[2741,3499],[-49,-21],[-13,-79]],[[2679,3399],[-69,103],[-2,60]],[[2608,3562],[95,-10]],[[2703,3552],[38,-53]],[[4561,4085],[58,-7],[16,-42],[61,-64]],[[4696,3972],[-97,-14],[-56,69],[-8,49]],[[4535,4076],[26,9]],[[2260,421],[-1,-40],[-53,-32],[35,-31],[-30,-71],[2,-59],[-24,-80],[-75,-42]],[[2114,66],[-152,-7],[16,89],[-77,121],[-45,46]],[[1856,315],[22,34],[-6,64],[42,21]],[[1914,434],[346,-13]],[[1775,4766],[21,62]],[[1796,4828],[34,-40],[31,10]],[[1861,4798],[0,-101]],[[1861,4697],[-16,-65]],[[1845,4632],[-93,13]],[[1752,4645],[23,121]],[[3825,4973],[46,-48],[8,-67]],[[3879,4858],[-92,3],[-9,-71]],[[3742,4800],[1,68]],[[3743,4868],[11,67],[42,-6],[29,44]],[[5114,1775],[-64,11]],[[5050,1786],[1,34],[63,44]],[[5114,1864],[0,-89]],[[272,2187],[35,24],[63,3],[6,43],[45,-7],[8,47],[66,40]],[[495,2337],[268,-40]],[[763,2297],[-14,-98]],[[749,2199],[-28,-191]],[[721,2008],[-139,22],[-28,-44],[-120,19],[-48,-7],[-6,-34],[-94,1]],[[286,1965],[-46,20]],[[2609,4230],[2,0]],[[2611,4230],[-17,-118]],[[2594,4112],[-47,7]],[[2548,4125],[9,63],[-45,8]],[[2564,4238],[45,-8]],[[2062,5414],[20,-85]],[[2082,5329],[-26,-6],[-65,-65]],[[1991,5258],[-37,94]],[[1961,4718],[-4,-29]],[[1957,4689],[-96,8]],[[1861,4798],[41,10]],[[4305,3844],[49,132]],[[4354,3976],[61,-18],[7,-46]],[[4422,3912],[35,-49],[-61,-20],[20,-31]],[[4416,3812],[-35,5]],[[4381,3817],[-76,27]],[[2640,4104],[-46,8]],[[2611,4230],[85,-39]],[[2696,4191],[53,-47]],[[2749,4144],[13,-13]],[[2762,4131],[-28,-41]],[[3750,3532],[41,-84],[67,-83],[-3,-16]],[[3754,3488],[-4,44]],[[1992,4932],[91,-13],[-5,-31]],[[2078,4888],[-24,-32]],[[139,5234],[40,6],[32,-61]],[[211,5179],[13,-20],[90,-41],[44,-122],[27,-26]],[[385,4970],[-31,10],[-246,34]],[[108,5014],[31,220]],[[3914,17],[-2,-17]],[[3912,0],[-78,0]],[[3834,0],[8,22]],[[3842,22],[51,-2]],[[3123,4144],[-19,-129]],[[3104,4015],[-62,11],[-28,27]],[[3014,4053],[13,84]],[[3359,4325],[17,83]],[[3376,4408],[39,35]],[[3415,4443],[84,-28]],[[3499,4415],[-10,-90]],[[3489,4325],[-58,2],[-8,-62]],[[4849,2320],[14,96]],[[4863,2416],[54,-10],[43,32],[44,-3],[-24,-81],[-70,-44]],[[4910,2310],[-61,10]],[[2230,4612],[-100,27]],[[2130,4639],[-18,21]],[[2112,4660],[51,40],[76,1]],[[2239,4701],[-9,-89]],[[3133,3883],[6,44],[-43,34]],[[3096,3961],[4,25]],[[3100,3986],[94,-14]],[[3194,3972],[-14,-97],[-44,7]],[[3136,3882],[-3,1]],[[2066,5060],[-56,7]],[[2010,5200],[44,-38]],[[2054,5162],[79,-76],[-67,-26]],[[3091,3075],[72,35]],[[3163,3110],[24,-28]],[[3187,3082],[14,-35]],[[3201,3047],[-81,-45]],[[3120,3002],[-29,73]],[[2965,5061],[21,-59]],[[2986,5002],[-25,-33],[-108,7]],[[2853,4976],[15,116]],[[2960,5069],[5,-8]],[[586,4350],[17,106],[185,-25],[27,190]],[[815,4621],[251,-38],[-29,-184],[16,-62],[38,-49]],[[1091,4288],[-224,33],[-23,-167]],[[844,4154],[-72,9]],[[772,4163],[-57,31],[-24,-13],[-42,42],[-63,127]],[[97,5244],[42,-10]],[[108,5014],[-39,-288],[-69,10]],[[0,4736],[0,504]],[[3776,4372],[-48,-5]],[[3728,4367],[-7,82],[50,4],[19,58]],[[3790,4511],[56,-49],[61,-19]],[[3907,4443],[-28,-57]],[[3879,4386],[-103,-14]],[[1794,4205],[-65,-49]],[[1729,4156],[28,92],[37,-43]],[[3008,4013],[-15,-109]],[[2993,3904],[-57,9]],[[2936,3913],[21,139]],[[2957,4052],[51,-39]],[[2062,5414],[72,-25],[-10,-63]],[[2124,5326],[-42,3]],[[2332,4589],[-102,23]],[[2239,4701],[12,10]],[[2251,4711],[76,-80]],[[2327,4631],[5,-42]],[[1613,4733],[-123,16]],[[1490,4749],[20,74]],[[1564,4841],[15,-87],[34,-21]],[[2266,892],[-140,-4],[26,35],[0,69]],[[2152,992],[84,46]],[[2236,1038],[35,-33]],[[2271,1005],[-5,-113]],[[2074,4527],[-36,30]],[[2038,4557],[-6,44],[-57,12]],[[1975,4613],[-35,7],[17,69]],[[2060,4700],[-1,-4]],[[2059,4696],[53,-36]],[[2130,4639],[-32,-17],[-24,-95]],[[3029,3505],[5,33],[-91,30],[10,69]],[[2953,3637],[11,73]],[[2964,3710],[90,-37]],[[3130,3575],[-2,-86]],[[3128,3489],[-99,16]],[[2677,3681],[8,75]],[[2685,3756],[48,-8]],[[2733,3748],[25,-78]],[[2468,4569],[-48,6]],[[2420,4575],[13,99]],[[2433,4674],[0,1]],[[2433,4675],[48,-7]],[[2481,4668],[-13,-99]],[[2082,5329],[-17,-68],[-29,-33]],[[2036,5228],[-37,-6]],[[1999,5222],[-8,36]],[[2525,4659],[-12,-95]],[[2513,4563],[-45,6]],[[2866,3924],[-32,5]],[[2834,3929],[-46,49]],[[2788,3978],[5,73]],[[2793,4051],[18,41]],[[2811,4092],[91,-24]],[[2902,4068],[-20,-118],[-16,-26]],[[1291,4267],[47,-5],[74,56],[46,15]],[[1458,4333],[-25,-29],[-13,-67]],[[1420,4237],[-16,-48],[-101,-20]],[[1303,4169],[-19,-3]],[[1284,4166],[35,32],[-28,69]],[[2734,5151],[-45,46]],[[2762,4131],[49,-39]],[[2793,4051],[-41,6]],[[3955,12],[16,-12]],[[3971,0],[-59,0]],[[1975,4613],[-4,-2]],[[1971,4611],[-83,-57]],[[1888,4554],[-46,-17]],[[1842,4537],[3,95]],[[1422,4956],[-108,-1]],[[1314,4955],[30,69]],[[1344,5024],[85,-13]],[[1429,5011],[-4,-30]],[[4815,3418],[67,26],[40,-3],[10,91],[110,-23]],[[5042,3509],[-16,-54]],[[5026,3455],[-21,-105],[-39,3]],[[4966,3353],[-100,8],[-51,57]],[[2684,3895],[5,31]],[[2689,3926],[141,-23]],[[2830,3903],[-5,-36]],[[2825,3867],[-141,28]],[[1842,4537],[-2,-1]],[[1840,4536],[-20,-7],[-62,80]],[[1758,4609],[-6,36]],[[3086,3890],[-93,14]],[[3008,4013],[6,40]],[[3104,4015],[-4,-29]],[[3096,3961],[-10,-71]],[[3804,4282],[-28,90]],[[3879,4386],[45,-3],[102,23]],[[4026,4406],[-6,-121],[-86,-4],[-14,-47],[-63,22]],[[3857,4256],[-53,26]],[[1877,4467],[-47,-2]],[[1830,4465],[10,71]],[[1888,4554],[77,13]],[[1965,4567],[73,-10]],[[2074,4527],[0,-50]],[[2074,4477],[0,-1]],[[2074,4476],[-100,2],[-25,-18],[-72,7]],[[2480,4326],[-4,-33]],[[2449,4281],[-42,46],[-15,54]],[[2392,4381],[14,47]],[[2406,4428],[-11,72],[-63,-25]],[[2309,4541],[23,48]],[[2327,4631],[19,-2]],[[2346,4629],[6,-43],[59,-9]],[[2411,4577],[22,-59],[68,-43]],[[2500,4465],[-5,-33]],[[2495,4432],[-53,-50],[38,-56]],[[2078,4888],[51,24],[89,-16]],[[2218,4896],[24,-14],[-9,-81]],[[2233,4801],[-182,25]],[[2194,5185],[-143,23]],[[2051,5208],[-15,20]],[[2124,5326],[213,16]],[[2337,5342],[12,-82]],[[2349,5260],[-106,16],[-11,-78]],[[3245,2942],[-7,15]],[[3238,2957],[-37,90]],[[3187,3082],[53,56]],[[4228,1751],[10,77],[-16,59]],[[4222,1887],[72,69],[-8,57]],[[4286,2013],[66,17]],[[4352,2030],[27,-66],[-15,-77]],[[4364,1887],[-56,-6],[-14,-43],[11,-48],[-45,-45],[-32,6]],[[3924,5264],[25,79]],[[3949,5343],[49,39],[105,-31],[-62,-23],[-13,-41],[47,-23],[-18,-38]],[[4057,5226],[-37,40],[-25,-69],[-46,67],[-25,0]],[[4231,4008],[24,31]],[[4311,4031],[-13,-155],[-27,-45]],[[4271,3831],[-57,9],[-68,61]],[[4146,3901],[9,49],[50,8],[26,50]],[[3489,4325],[142,-9]],[[3631,4316],[-17,-55],[-32,-24]],[[3582,4237],[-24,-40]],[[3558,4197],[-136,21]],[[3238,4313],[2,12]],[[3240,4325],[14,102]],[[3254,4427],[122,-19]],[[3240,4325],[-120,18],[5,36]],[[3134,4444],[120,-17]],[[4703,3793],[63,-50],[-62,-27],[-50,20],[-34,-22]],[[4620,3714],[83,79]],[[2695,1294],[-85,-94],[-108,-76],[-88,13]],[[2414,1137],[49,36],[50,63],[11,55]],[[2524,1291],[79,17],[92,-14]],[[3301,1163],[1,27]],[[3302,1190],[89,0],[102,28],[43,-32]],[[3536,1186],[29,-77],[35,-42]],[[3600,1067],[-84,-1],[17,-48],[-22,-49]],[[3511,969],[-106,-1],[17,-46]],[[3422,922],[-120,-4]],[[3302,918],[-1,245]],[[2563,4659],[4,-9]],[[2567,4650],[38,-91],[31,-12]],[[2159,5528],[46,87],[-12,66]],[[2193,5681],[31,-5]],[[2285,5511],[-109,15]],[[2176,5526],[-17,2]],[[3086,3227],[-14,-11],[91,-106]],[[3091,3075],[-33,72],[-70,84]],[[1284,4166],[-74,-19]],[[1210,4147],[-27,62]],[[1183,4209],[-1,70],[79,-8]],[[1261,4271],[30,-4]],[[3875,290],[0,43]],[[3875,333],[162,-22],[-53,-27]],[[3984,284],[-109,6]],[[3318,31],[24,-31]],[[3342,0],[-29,0],[5,31]],[[2971,3271],[-62,68]],[[2909,3339],[13,84],[117,-17]],[[4324,4034],[30,-58]],[[4305,3844],[-51,-35]],[[4254,3809],[17,22]],[[2788,3978],[-46,10]],[[3962,5576],[-93,-102],[28,-23]],[[3897,5451],[-58,46],[4,23]],[[1805,4281],[52,26]],[[1857,4307],[59,-4],[73,-58]],[[1989,4245],[-134,18],[-50,18]],[[3866,4751],[-35,5]],[[3879,4858],[3,0]],[[3882,4858],[-16,-107]],[[4319,549],[-10,17],[-124,39],[-37,43],[-123,42],[-46,-7],[10,-42],[-53,-2],[36,77],[-10,64],[14,49],[-22,116],[27,68],[19,99],[1,62],[29,93],[-11,20],[25,144],[76,5],[68,-44],[55,-16],[44,-80],[44,-38],[108,-26],[73,3],[71,35],[77,23],[73,-24],[143,10],[57,-77],[11,-55],[60,-63],[58,-20],[52,-73],[0,-12],[-32,-35],[-88,-60],[-86,2],[-59,-28],[-145,1],[-71,-19],[-81,-84],[12,-72],[-38,-17],[5,-50],[-47,-21],[-29,40],[-36,-12],[-50,-56],[-50,-19]],[[1230,3693],[-80,-60],[-58,-75],[-74,-75],[-58,-4]],[[960,3479],[-84,12],[-17,33],[4,85],[-23,24],[-6,99],[24,65],[-53,38]],[[805,3835],[181,80],[59,49]],[[1045,3964],[64,28],[-17,-124],[75,-80],[75,-12],[-12,-83]],[[1303,4169],[-6,-44]],[[1297,4125],[-10,-70],[55,-13],[22,31]],[[1364,4073],[34,-9],[67,-98],[67,9],[22,29]],[[1554,4004],[-28,-75],[-4,-92],[-32,-53],[-100,-15],[-53,-48],[-107,-28]],[[1045,3964],[30,71],[-6,41],[50,41]],[[1119,4117],[91,30]],[[2074,4476],[-39,-51],[-4,-50]],[[2031,4375],[-79,23]],[[1952,4398],[-75,69]],[[1857,4307],[13,102]],[[1870,4409],[82,-11]],[[2031,4375],[29,-58]],[[2060,4317],[-19,-27]],[[2041,4290],[-66,-3],[14,-42]],[[1971,4611],[-6,-44]],[[3149,4544],[121,-18]],[[3270,4526],[-16,-99]],[[3443,2383],[1,29],[-55,19],[5,29],[-124,20]],[[3362,2560],[91,-14],[-7,-47],[41,-32]],[[3487,2467],[-44,-84]],[[3515,4610],[-15,-45],[6,-112],[16,-30]],[[3522,4423],[-23,-8]],[[3415,4443],[-7,105]],[[3408,4548],[16,60]],[[3424,4608],[91,2]],[[1823,742],[-83,-7]],[[1740,735],[9,75],[-10,48]],[[1739,858],[119,28]],[[1858,886],[-28,-96]],[[1830,790],[-7,-48]],[[3316,1671],[-14,-75],[-1,-173]],[[3301,1423],[-94,0],[-147,59],[-139,26],[-2,14]],[[2919,1522],[42,100]],[[3065,1818],[52,73]],[[3117,1891],[83,20],[91,46],[19,-41],[56,19]],[[3366,1935],[-50,-264]],[[1476,908],[-26,-166]],[[1450,742],[-167,164]],[[1283,906],[63,63]],[[1346,969],[59,-39],[71,-22]],[[2433,4675],[12,84]],[[2445,4759],[45,38]],[[2490,4797],[44,-68]],[[1617,4852],[40,-69]],[[1657,4783],[17,-59],[-61,9]],[[1564,4841],[53,11]],[[4248,3768],[6,41]],[[4381,3817],[-40,-72],[-93,23]],[[3882,4858],[69,-22]],[[3951,4836],[18,-13],[-10,-87]],[[3959,4736],[-50,8]],[[3909,4744],[-43,7]],[[2159,5528],[-18,5]],[[2076,5542],[23,155]],[[2099,5697],[94,-16]],[[1844,5515],[44,-3],[8,52],[180,-24]],[[1880,5480],[-36,35]],[[397,1541],[-101,50],[55,82],[-100,67]],[[251,1740],[22,142]],[[273,1882],[140,-21],[3,-87],[-23,-36],[82,-49],[27,-45]],[[502,1644],[-36,-1],[-69,-102]],[[2382,4248],[-58,41]],[[2324,4289],[30,43],[53,-58]],[[3133,3883],[-47,7]],[[2512,4135],[-8,16]],[[1870,4409],[7,58]],[[4019,0],[9,8],[45,-8]],[[4073,0],[-54,0]],[[2324,4289],[-60,33]],[[2264,4322],[19,35]],[[2283,4357],[54,25],[55,-1]],[[3124,5154],[-2,-14]],[[3122,5140],[-17,-50]],[[3105,5090],[-51,10],[-89,-39]],[[3039,5167],[85,-13]],[[2697,4851],[20,-3]],[[2717,4848],[27,-25],[-10,-54],[29,-37]],[[2763,4732],[0,-37]],[[2763,4695],[-105,22]],[[2658,4717],[27,48],[12,86]],[[2540,4076],[2,-3]],[[2542,4073],[-33,-52],[-30,5]],[[2479,4026],[-47,59],[-6,38]],[[2581,3994],[-39,79]],[[3232,2848],[-59,-27]],[[3173,2821],[-23,87]],[[3150,2908],[88,49]],[[763,2297],[22,143],[-138,22],[11,75],[-42,6]],[[616,2543],[67,50],[84,-34],[98,0],[121,-50]],[[986,2509],[-23,-148]],[[963,2361],[-29,-191],[-185,29]],[[2902,4068],[55,-16]],[[2936,3913],[-70,11]],[[3150,2908],[-30,94]],[[4408,4141],[-25,9],[-70,-20]],[[4227,4187],[61,95]],[[4288,4282],[50,-8]],[[4338,4274],[73,-62],[-3,-71]],[[2953,3637],[-94,15]],[[2733,3748],[73,-11]],[[2806,3737],[158,-27]],[[4695,4623],[-67,-46]],[[4628,4577],[-118,10],[-38,-17]],[[4472,4570],[-28,77],[-49,2]],[[4395,4649],[24,111],[-5,43],[61,6],[0,56],[149,-20]],[[4624,4845],[21,-125],[50,-97]],[[3380,3547],[-12,-117]],[[3304,3417],[-67,129],[-17,14]],[[3220,3560],[36,7]],[[3256,3567],[124,-20]],[[3920,58],[-45,59],[0,173]],[[3984,284],[155,-18],[4,-37],[-49,-21],[-50,-80],[2,-42],[66,-18],[15,-30],[-50,-38],[-4,0]],[[4019,0],[-48,0]],[[2271,1005],[125,5],[-5,-67],[41,-6]],[[2432,937],[15,-73],[-13,-69]],[[2434,795],[-90,3],[-6,38],[-75,2]],[[2263,838],[3,54]],[[1830,4465],[-189,-9]],[[1641,4456],[30,60]],[[1671,4516],[40,69],[-8,24]],[[1703,4609],[55,0]],[[3978,6611],[-12,-7],[-41,7],[0,0]],[[3925,6611],[53,0]],[[2636,4547],[159,-24]],[[2795,4523],[-32,-193]],[[2763,4330],[0,1]],[[2763,4331],[-39,50]],[[2724,4381],[-41,19]],[[4231,4008],[-113,39]],[[4118,4047],[17,111],[-12,13]],[[4123,4171],[-1,39]],[[4122,4210],[105,-23]],[[2824,935],[51,-32],[-1,-70]],[[2874,833],[3,-200]],[[2877,633],[-63,27],[-66,-15],[-49,-43],[-97,47]],[[2602,649],[-19,82],[18,20]],[[2601,751],[53,-24],[29,64],[36,11],[27,46],[32,0],[46,87]],[[4955,3896],[5,53],[60,29],[94,-7]],[[5114,3971],[0,-58]],[[5114,3913],[-51,-73],[8,-46],[-115,-16]],[[4956,3778],[-1,118]],[[4620,3714],[-21,-13],[-80,14]],[[4519,3715],[8,27]],[[4527,3742],[-6,29],[47,113],[-10,52],[28,22]],[[4586,3958],[58,-51],[-3,-49],[79,-18]],[[4720,3840],[-17,-47]],[[3135,4224],[5,37],[89,-14]],[[3328,4233],[-40,-275]],[[3218,3969],[-24,3]],[[2332,4475],[-35,-26]],[[3185,2743],[-12,78]],[[3028,4153],[-112,-18],[-34,49]],[[2882,4184],[60,1],[12,52],[82,-15]],[[2749,4144],[13,64]],[[2762,4208],[120,-24]],[[2995,4403],[-62,26],[-34,55],[-42,6]],[[2857,4490],[4,23]],[[2861,4513],[1,13]],[[2917,4532],[82,-27]],[[3408,4548],[-132,19]],[[3276,4567],[10,78]],[[3286,4645],[129,-34]],[[3415,4611],[9,-3]],[[3688,4678],[-24,22],[-17,-14],[-57,8],[-35,30],[-24,63],[43,28]],[[3574,4815],[28,72],[141,-19]],[[3382,3943],[63,-9],[14,97],[122,-18]],[[3581,4013],[18,-63],[8,-134]],[[3607,3816],[2,-11]],[[3609,3805],[-163,26],[-68,78],[4,34]],[[2609,4230],[11,72]],[[2620,4302],[90,-15]],[[2710,4287],[-14,-96]],[[2710,4287],[8,51]],[[2718,4338],[45,-7]],[[2763,4330],[18,-20]],[[2781,4310],[-19,-102]],[[3558,4197],[-25,-92],[27,-61]],[[3560,4044],[21,-31]],[[3382,3943],[-43,6]],[[2723,5306],[-309,42]],[[4519,3715],[8,-90]],[[4527,3625],[-54,0],[5,-49],[-98,41],[-46,-6],[-56,22]],[[4278,3633],[-42,5],[12,130]],[[4416,3812],[13,-42],[54,-28],[44,0]],[[3420,5744],[9,35]],[[3429,5779],[10,36]],[[3552,5833],[39,-67],[80,5]],[[3679,5567],[-46,7]],[[3633,5574],[-72,37],[-106,9]],[[3455,5620],[-6,70],[-43,12],[14,42]],[[3372,2104],[-35,-84],[-122,-37]],[[3215,1983],[-136,226],[-20,20]],[[3059,2229],[58,62]],[[3117,2291],[138,-66],[73,-78],[54,-11]],[[3382,2136],[-10,-32]],[[3866,5839],[35,-21],[40,62],[117,-3],[42,-38],[102,31]],[[4202,5870],[7,-36],[-78,-96],[-14,-66],[-98,-56]],[[2581,3772],[20,141],[-12,55]],[[2690,3952],[-1,-26]],[[2684,3895],[-12,-65],[61,-82]],[[2685,3756],[-104,16]],[[3837,4176],[20,80]],[[4026,4406],[72,-29]],[[4098,4377],[85,-40]],[[4183,4337],[-1,-6]],[[4182,4331],[-96,-54],[36,-67]],[[4123,4171],[-67,7],[-55,-33],[-46,36],[-76,-8]],[[4454,3922],[4,139],[-7,62]],[[4451,4123],[83,-27],[1,-20]],[[4696,3972],[54,30],[58,-1]],[[4808,4001],[14,-34],[-21,-97],[-53,7],[-28,-37]],[[4586,3958],[-55,-39],[-77,3]],[[3750,3532],[4,60],[-25,30]],[[3729,3622],[23,63],[52,-4]],[[3804,3681],[8,-36],[69,-65],[119,-23]],[[4000,3557],[-27,-165]],[[3973,3392],[-20,-42],[-40,-19],[-58,18]],[[1796,4828],[-18,132]],[[1778,4960],[164,-21]],[[2245,5812],[75,-11]],[[2320,5801],[100,-157]],[[2224,5676],[21,136]],[[3136,3882],[-29,-95]],[[2964,3710],[29,194]],[[4408,4141],[43,-18]],[[4454,3922],[-32,-10]],[[1987,5217],[12,5]],[[2051,5208],[6,-30]],[[2057,5178],[-3,-16]],[[4496,3470],[45,27]],[[4541,3497],[29,-54],[105,10],[21,-20],[78,13],[41,-28]],[[4966,3353],[14,-72],[-46,-38],[-23,-59]],[[4911,3184],[-44,3],[-48,-54],[-46,35]],[[4773,3168],[-103,39],[-14,-21]],[[4656,3186],[-32,30]],[[4624,3216],[-70,84],[-45,-24]],[[4509,3276],[-30,98],[32,58],[-15,38]],[[1026,1852],[-6,41],[22,73],[-55,54],[-60,-45],[-206,33]],[[963,2361],[95,-15],[53,-34]],[[1111,2312],[-4,-77],[19,-64],[-38,-112],[-36,-149],[-26,-58]],[[3842,22],[-159,0],[0,218],[-113,1],[-14,51]],[[3556,292],[27,32],[74,14],[64,-8],[81,20],[73,-17]],[[3117,1891],[31,49],[67,43]],[[3372,2104],[114,-115],[77,-3]],[[3563,1986],[0,-82]],[[3563,1904],[-62,36],[-132,11],[-3,-16]],[[3904,2772],[7,-1]],[[3911,2771],[23,-53],[-21,-145],[-58,8],[-23,-96]],[[3832,2485],[-96,16]],[[3736,2501],[45,291]],[[1971,930],[181,62]],[[2263,838],[19,-44],[-4,-81],[-44,1]],[[2234,714],[-44,-5],[-112,63],[-18,-39],[-74,17]],[[1986,750],[4,114],[-19,66]],[[3282,3759],[-26,-192]],[[3220,3560],[-90,15]],[[3119,3785],[163,-26]],[[3973,3392],[-9,-71],[74,-14]],[[4038,3307],[-24,-81],[9,-64]],[[4023,3162],[-193,31]],[[1144,4953],[126,-57]],[[1270,4896],[45,-27]],[[1315,4869],[-12,-118]],[[1303,4751],[-10,-97]],[[1293,4654],[-187,21],[25,219],[13,59]],[[4338,4274],[102,78],[9,52]],[[4449,4404],[18,39],[46,18],[100,-22]],[[4613,4439],[1,-145],[-66,-15],[16,-60],[66,-10]],[[4630,4209],[-68,-25],[16,-88],[-17,-11]],[[3270,4526],[6,41]],[[3600,1067],[74,-59],[-27,-72],[8,-68],[36,-44]],[[3691,824],[-81,51],[-99,94]],[[3067,4743],[-23,21],[-143,-10]],[[2901,4754],[25,94]],[[2926,4848],[26,43]],[[2952,4891],[27,58]],[[2979,4949],[58,-7]],[[3037,4942],[-5,-36],[43,-34],[15,-61]],[[3090,4811],[-23,-68]],[[2148,4502],[-74,-25]],[[4701,5529],[-15,50],[14,84],[24,21]],[[4724,5684],[59,21],[85,-36]],[[4868,5669],[62,-31],[26,-35],[-27,-52],[44,-57]],[[4973,5494],[-20,-45],[-64,31],[-95,-6],[-36,28],[-23,62],[-34,-35]],[[3059,4965],[-22,-23]],[[2979,4949],[7,53]],[[3105,5090],[4,-48],[-50,-77]],[[4190,3528],[41,7],[47,98]],[[4527,3625],[16,-37],[-2,-91]],[[4496,3470],[-93,20]],[[4403,3490],[-213,38]],[[4833,2223],[46,-8],[-13,-96],[-58,-172],[-66,-44]],[[4742,1903],[-54,55],[12,59],[-117,19],[-34,19],[19,114]],[[4568,2169],[153,-26],[15,95],[97,-15]],[[4182,4331],[42,-12]],[[4224,4319],[35,-5]],[[4259,4314],[29,-32]],[[1267,5013],[75,24]],[[1342,5037],[2,-13]],[[1314,4955],[1,-86]],[[1270,4896],[6,49],[-38,4],[29,64]],[[4893,4661],[64,-32],[-12,-77],[55,-8],[-27,-63],[-37,-20]],[[4936,4461],[-68,-27],[-35,32],[-77,99]],[[4756,4565],[137,96]],[[3499,4855],[-19,93],[-25,10]],[[3455,4958],[11,77]],[[3466,5035],[19,57],[63,-13]],[[3548,5079],[93,14],[12,-32],[60,-12],[51,32],[30,-31]],[[3794,5050],[31,-77]],[[3574,4815],[-1,38],[-63,28],[-11,-26]],[[3040,5536],[31,-2],[36,63]],[[3107,5597],[51,-7],[75,34],[31,-57]],[[3264,5567],[-23,-28],[-16,-82],[-44,-41]],[[3181,5416],[-95,-14]],[[2990,5427],[-3,59],[53,50]],[[4744,4951],[-11,-109],[97,0]],[[4830,4842],[8,-78],[-11,-46],[30,-47],[36,-10]],[[4756,4565],[-61,58]],[[4624,4845],[20,-3],[18,131]],[[4662,4973],[82,-22]],[[4222,1887],[-78,-5]],[[4144,1882],[-65,15],[-62,-40]],[[4017,1857],[-31,50],[10,60]],[[3996,1967],[50,-8],[148,52],[92,2]],[[4259,4314],[4,79],[26,4],[24,92],[72,11]],[[4385,4500],[64,-96]],[[3297,3366],[-181,28]],[[3116,3394],[12,95]],[[3548,5079],[-13,54]],[[3535,5133],[49,7],[7,77],[49,-5]],[[3640,5212],[126,-55]],[[3766,5157],[2,-48],[26,-59]],[[1941,6017],[-27,104],[8,49],[-49,8],[-71,50]],[[1802,6228],[-15,44],[44,67],[-32,21],[21,66]],[[1820,6426],[58,33],[24,65],[-29,39],[88,25]],[[1961,6588],[340,-52]],[[2301,6536],[-23,-190]],[[2278,6346],[-25,-196],[-233,36],[-24,-177],[-55,8]],[[1805,4281],[-347,52]],[[1458,4333],[148,90],[35,33]],[[1442,5107],[58,-3]],[[1500,5104],[112,-11]],[[1612,5093],[89,-137]],[[1701,4956],[-84,-104]],[[1429,5011],[13,96]],[[4628,4577],[-15,-138]],[[4385,4500],[87,70]],[[2411,4577],[9,-2]],[[4168,5298],[15,48],[69,27],[21,34]],[[4273,5407],[38,55],[61,6],[80,35],[42,52],[97,-56],[33,-43]],[[4624,5456],[-17,-125],[-3,-98],[-436,65]],[[1577,4086],[-51,20],[-35,57],[-12,68],[-59,6]],[[1805,4281],[-7,-23],[82,-21]],[[1880,4237],[-86,-32]],[[1729,4156],[-62,4],[-62,-31],[-28,-43]],[[3580,2724],[-31,-193],[-33,-43]],[[3516,2488],[-29,-21]],[[3382,2136],[219,-35],[75,-18]],[[3676,2083],[-16,-104],[-97,7]],[[3736,2501],[-5,-35]],[[3731,2466],[-77,0],[-138,22]],[[536,4057],[-39,25],[-225,28]],[[272,4110],[35,246]],[[307,4356],[76,-31],[179,-154],[43,-62],[-69,-52]],[[4365,4714],[-33,-21],[-12,-84],[-29,9]],[[4291,4618],[-52,8],[-75,56],[-28,-15]],[[4136,4667],[-16,32],[7,83],[-45,39]],[[4082,4821],[31,-6],[60,87],[94,-17]],[[4267,4885],[-14,-92],[65,-9],[4,-55],[43,-15]],[[84,4138],[188,-28]],[[536,4057],[-10,-34],[-50,-40]],[[476,3983],[-27,-186]],[[449,3797],[-407,57],[42,284]],[[4936,4461],[61,-22],[45,21]],[[5042,4460],[-39,-68],[11,-87],[-25,-19]],[[4989,4286],[-95,-35]],[[4894,4251],[-44,24],[-29,-29],[-119,45],[-30,-73],[-42,-9]],[[3568,5954],[61,49],[51,-8],[24,45],[80,46],[57,-30]],[[3841,6056],[1,-54],[-32,-38],[-11,-69],[43,-39]],[[3185,5802],[30,21],[126,-38],[88,-6]],[[3420,5744],[-85,-103],[-7,-43],[-64,-31]],[[3107,5597],[-28,83],[37,51],[49,34],[20,37]],[[288,6222],[-28,-19],[-44,-81],[-54,-139],[-43,-54],[21,-100],[-41,-64],[4,-28]],[[103,5737],[-76,11],[-27,-9]],[[0,5739],[0,524]],[[0,6263],[288,-41]],[[3382,2136],[26,117],[24,50],[11,80]],[[3731,2466],[-40,-278]],[[3691,2188],[-15,-105]],[[4300,5114],[146,-64],[36,8],[189,-29],[-9,-56]],[[4395,4649],[-32,17],[2,48]],[[4267,4885],[33,229]],[[3988,2859],[-70,10]],[[4023,3162],[10,-20]],[[4033,3142],[-45,-283]],[[5042,4460],[53,76],[19,4]],[[5114,4540],[0,-304]],[[5114,4236],[-95,15],[-30,35]],[[5063,4843],[16,73],[35,8]],[[5114,4924],[0,-239]],[[5114,4685],[-25,2],[-35,60],[9,96]],[[4830,4842],[233,1]],[[5114,4685],[0,-145]],[[4192,3005],[16,45],[44,-5],[-93,118],[25,27],[23,83]],[[4207,3273],[37,-6]],[[4244,3267],[87,-11],[74,19],[43,-34],[80,-24]],[[4528,3217],[-30,-47]],[[4498,3170],[-22,-55],[-47,-65],[-35,-91],[86,-78]],[[4480,2881],[28,-39],[-26,-63]],[[4482,2779],[-210,34]],[[4272,2813],[-38,45],[-35,72],[-7,75]],[[4498,3170],[87,-45],[17,84],[22,7]],[[4656,3186],[-46,-61],[-4,-47],[-41,-46],[-27,-161],[-58,10]],[[2459,4899],[-3,11]],[[2456,4910],[3,46]],[[2459,4956],[258,-36]],[[2717,4920],[0,-72]],[[2697,4851],[-50,7]],[[2647,4858],[-91,13],[-97,28]],[[1490,4749],[-9,-18]],[[1481,4731],[-178,20]],[[3316,1671],[106,-25],[111,1],[71,-12],[148,1],[52,-27]],[[3804,1609],[-89,-104]],[[3715,1505],[-187,0],[-8,-86],[-219,4]],[[4742,1903],[15,-19]],[[4757,1884],[-42,-17],[-45,-68],[-106,22],[-13,15],[-129,4],[-58,47]],[[4352,2030],[-45,59]],[[4955,3896],[-67,119],[-21,58]],[[4867,4073],[34,73],[-7,105]],[[5114,4236],[0,-265]],[[2558,552],[-58,19],[-85,-115],[-99,33]],[[2316,489],[-48,17],[-37,63],[3,145]],[[2434,795],[85,-3],[1,-36],[81,-5]],[[2602,649],[-57,1],[13,-98]],[[4863,2416],[7,43]],[[4870,2459],[4,28]],[[4874,2487],[108,3],[51,21],[81,-13]],[[5114,2498],[0,-222]],[[5114,2276],[-204,34]],[[3476,5381],[62,-23]],[[3538,5358],[37,-20],[-9,-61],[72,-35],[2,-30]],[[3535,5133],[-93,-2],[20,171],[-63,56]],[[3399,5358],[71,-11],[6,34]],[[1283,906],[-105,100],[-29,12]],[[1149,1018],[28,115],[41,27]],[[1218,1160],[39,-101],[90,-56],[-1,-34]],[[3053,833],[-179,0]],[[2824,935],[12,22],[-49,48],[-23,81]],[[2764,1086],[96,-12],[28,191]],[[2888,1265],[103,-16],[36,-86]],[[3027,1163],[27,-98],[52,-97],[-29,-4],[0,-131],[-24,0]],[[4604,2569],[84,-13],[48,-25],[42,-56],[92,-16]],[[4849,2320],[-16,-97]],[[4518,2475],[26,34],[67,9],[-7,51]],[[2111,5880],[142,-21],[-8,-47]],[[2099,5697],[24,107],[-12,76]],[[2352,6336],[-74,10]],[[2301,6536],[139,-16]],[[2440,6520],[-16,-69],[14,-31],[-86,-84]],[[3117,2291],[40,58],[25,102]],[[2806,3737],[19,130]],[[2830,3903],[4,26]],[[2869,1977],[54,96],[34,84],[48,63],[54,9]],[[4867,4073],[-59,-72]],[[3302,918],[0,-99],[-62,10],[-4,-79]],[[3236,750],[-111,8]],[[3125,758],[-36,6]],[[3089,764],[-36,-18],[0,87]],[[3027,1163],[274,0]],[[3302,1190],[-1,233]],[[3715,1505],[-24,-55],[12,-228],[-57,39],[-60,82],[-38,-48],[23,-42],[-1,-71],[-34,4]],[[2379,4673],[-33,-44]],[[2251,4711],[-1,2]],[[2250,4713],[-15,62]],[[2235,4775],[-2,26]],[[2233,4801],[67,-20]],[[2300,4781],[53,-8]],[[2353,4773],[-6,-72],[32,-28]],[[3059,4388],[-13,-96]],[[3046,4292],[-216,33]],[[2830,4325],[27,165]],[[3650,4557],[-1,-7]],[[3649,4550],[-41,41],[-78,0],[-15,19]],[[3415,4611],[17,109],[27,82],[35,-5],[5,58]],[[3916,3663],[-112,18]],[[3729,3622],[-51,79]],[[3678,3701],[-65,60],[-4,44]],[[3607,3816],[35,32],[44,1],[84,83]],[[3903,3952],[58,16],[36,-36]],[[3997,3932],[-50,-62],[-31,-207]],[[3286,4645],[13,124]],[[3299,4769],[6,37],[93,-15],[24,173],[33,-6]],[[3057,6141],[106,-17]],[[3163,6124],[-33,-44],[9,-50],[-38,-54],[-17,-56],[28,-83]],[[3112,5837],[-296,44]],[[2816,5881],[18,123],[47,2],[4,60],[-21,64]],[[3163,6124],[88,28],[83,-18]],[[3334,6134],[108,14],[1,-66],[70,-11]],[[3185,5802],[-73,35]],[[3041,6433],[288,-41]],[[3474,6363],[-8,-137],[-37,6],[-9,-62],[-79,12],[-7,-48]],[[3538,5358],[34,46],[8,105],[53,65]],[[3897,5451],[24,-72],[28,-36]],[[3924,5264],[-48,-42],[-20,-46],[-65,-55],[-25,36]],[[1962,5916],[-21,101]],[[2352,6336],[-35,-39],[55,-65]],[[2372,6232],[8,-99],[-40,-61],[-23,-98],[8,-125]],[[2325,5849],[-5,-48]],[[2111,5880],[-149,36]],[[4773,3168],[7,-71],[-12,-123],[46,-9],[-16,-45],[-26,-165]],[[4772,2755],[-146,0],[-132,22]],[[4494,2777],[-12,2]],[[3832,2485],[-20,-157],[234,-37]],[[4046,2291],[-23,-154]],[[4023,2137],[-332,51]],[[251,2274],[83,31],[106,110]],[[440,2415],[55,-78]],[[2252,4456],[48,-54],[-17,-45]],[[2264,4322],[-39,27],[-85,16],[-80,-48]],[[4908,5919],[-5,76],[15,135]],[[4918,6130],[69,-6],[57,-63],[70,-1]],[[5114,6060],[0,-373]],[[5114,5687],[-98,-5],[-1,70],[16,95],[-39,7],[-29,56],[-55,9]],[[4956,3778],[6,-69],[29,-5],[-15,-89],[58,-51]],[[5034,3564],[8,-55]],[[2919,1522],[-49,-35],[-41,-59],[-94,-103],[-40,-31]],[[2524,1291],[-54,56],[55,90],[163,193],[9,70]],[[2066,5060],[22,-44]],[[2088,5016],[-81,26]],[[2007,5042],[2,18]],[[2250,4713],[-39,41]],[[2211,4754],[24,21]],[[5025,1774],[25,12]],[[5114,1775],[0,-309],[-14,22],[1,62],[-36,98],[5,66],[-45,60]],[[3522,4423],[126,0]],[[3648,4423],[17,-48]],[[3665,4375],[-34,-59]],[[685,1501],[-46,3],[-32,40]],[[607,1544],[38,58],[84,-81],[114,58]],[[920,1594],[-39,-26],[-66,-79],[-76,19],[-54,-7]],[[1026,1852],[9,-153]],[[607,1544],[-27,68],[83,72]],[[663,1684],[12,19],[46,305]],[[685,1501],[-79,-29],[-21,-99],[-215,93]],[[370,1466],[27,75]],[[502,1644],[37,58],[37,-28],[32,50],[55,-40]],[[273,1882],[13,83]],[[2183,4951],[40,46]],[[2223,4997],[-46,72]],[[2299,5053],[-17,-117]],[[2282,4936],[-99,15]],[[805,3835],[-153,-65],[-140,-103]],[[512,3667],[-14,23],[-94,14],[7,55],[38,38]],[[476,3983],[186,-28],[16,79],[61,73],[40,13],[-7,43]],[[844,4154],[-3,-26],[94,-13],[-12,-93],[138,73],[58,22]],[[307,4356],[-5,2]],[[302,4358],[102,115],[5,21]],[[409,4494],[43,27],[16,-42],[59,-31],[0,-35],[59,-63]],[[3609,6351],[49,-8],[121,21]],[[3779,6364],[-11,-72],[42,-7],[-31,-58],[45,-7],[53,-70]],[[3877,6150],[-36,-94]],[[4701,5529],[-56,-30],[-21,-43]],[[4273,5407],[-27,67],[27,64],[52,43],[38,105],[24,141]],[[4387,5827],[143,-23],[20,14]],[[4550,5818],[103,-15],[33,12],[43,-52],[-5,-79]],[[1677,6447],[39,-58],[-12,-97],[-24,-46],[16,-54],[-65,-59],[16,-41],[-59,-18],[15,-89],[-8,-67],[-25,-15]],[[1570,5903],[-33,-31],[-57,22],[-11,78],[-34,35],[-52,6],[-11,43]],[[1372,6056],[46,86],[-36,87],[27,71],[7,108],[-29,10],[-15,78]],[[1372,6496],[305,-49]],[[247,3476],[33,-70],[61,-10],[54,-101],[73,-19]],[[468,3276],[-52,-64],[-5,-42],[-72,-53],[-22,-61],[-77,-23],[-107,-59],[-29,-33],[-34,-116],[-5,-83],[-37,-29],[-28,13],[0,590]],[[0,3316],[70,41],[177,119]],[[4098,4377],[15,108]],[[4113,4485],[64,23],[10,-90],[-4,-81]],[[4373,5945],[48,251],[10,117],[48,30],[54,-19],[16,24]],[[4549,6348],[31,0]],[[4580,6348],[56,-59],[16,-93],[-12,-71],[-30,-24],[4,-68],[-37,-45],[-20,-59],[7,-84],[-14,-27]],[[4387,5827],[-14,118]],[[3834,0],[-492,0]],[[3318,31],[39,132],[50,55],[149,74]],[[3563,1904],[120,-1],[50,-56],[126,-20]],[[3859,1827],[2,-91],[34,-37],[-58,-26],[-33,-64]],[[1962,5916],[-79,11]],[[1883,5927],[7,99],[-131,18],[17,125],[26,59]],[[882,6163],[116,-200],[73,-107],[200,-30],[51,-2],[64,-38],[27,11]],[[1413,5797],[-58,-93],[-9,-62],[18,-59],[-16,-59]],[[1348,5524],[-84,8]],[[1264,5532],[-15,1]],[[1249,5533],[-305,45],[-146,110]],[[798,5688],[-5,35],[31,49],[-16,71],[-34,73],[-74,61],[-32,60],[7,31],[-43,95],[14,32]],[[646,6195],[236,-32]],[[2316,489],[9,-58],[-65,-10]],[[1914,434],[49,35],[-16,110],[-63,2],[-11,48],[-52,72],[2,41]],[[1830,790],[110,-11],[46,-29]],[[4023,2137],[-27,-170]],[[4017,1857],[-34,-31],[-53,-5],[-34,22],[-37,-16]],[[4168,5298],[-14,-101]],[[4154,5197],[-43,-14],[-54,25]],[[4057,5208],[0,18]],[[4202,5870],[24,20]],[[4226,5890],[84,-2],[20,64],[43,-7]],[[4908,5919],[-26,-76],[21,-154],[-35,-20]],[[4580,6348],[35,23],[13,65],[67,1]],[[4695,6437],[-19,-65],[14,-92],[46,-22],[-2,-79],[42,6],[60,-36],[82,-19]],[[3978,6611],[25,0]],[[4003,6611],[-31,-82]],[[3972,6529],[-61,10],[-56,-73],[-28,-110],[-48,8]],[[3683,6611],[242,0]],[[4118,4047],[-54,-85]],[[4064,3962],[-67,-30]],[[1858,886],[113,44]],[[4146,3901],[-82,61]],[[4190,3528],[-12,-10],[-143,33]],[[4035,3551],[-48,101],[-71,11]],[[960,3479],[-44,-49],[-150,-138],[-142,11],[-156,-27]],[[247,3476],[265,191]],[[2888,1265],[-193,29]],[[3245,5310],[-91,59],[86,21]],[[3240,5390],[48,-14]],[[3288,5376],[-55,-18],[12,-48]],[[2952,4891],[-95,11],[-15,17]],[[2842,4919],[3,6]],[[2845,4925],[8,51]],[[2823,4837],[19,82]],[[2926,4848],[-35,-21],[-68,10]],[[2211,4754],[-96,10],[-56,-68]],[[2871,4582],[6,40]],[[2877,4622],[153,-25],[59,17]],[[3089,4614],[-7,-56]],[[1749,439],[-151,155]],[[1598,594],[90,-7]],[[1688,587],[48,-43],[13,-105]],[[1688,587],[4,149],[48,-1]],[[1856,315],[-56,54],[-51,70]],[[1476,908],[201,-52],[62,2]],[[1598,594],[-148,148]],[[3122,5140],[43,-5],[78,-57]],[[3243,5078],[8,-60]],[[3251,5018],[-52,5],[-41,-83]],[[3158,4940],[-41,-18],[-58,43]],[[3288,5376],[64,-10]],[[3352,5366],[-22,-27],[10,-71],[-31,-41],[-79,11]],[[3230,5238],[-18,20]],[[3212,5258],[33,52]],[[5114,2276],[0,-412]],[[5025,1774],[-97,19],[-59,65],[-48,0],[-64,26]],[[4058,2368],[-12,-77]],[[3832,2485],[97,-16],[-54,-42],[66,-73],[43,-6],[26,30]],[[2353,4773],[7,-1]],[[2406,4766],[39,-7]],[[2433,4674],[-54,-1]],[[1577,4086],[-23,-82]],[[1364,4073],[-18,71],[-49,-19]],[[3911,2771],[157,-24]],[[4068,2747],[-37,-245],[15,-50]],[[3243,5078],[15,101],[-23,46]],[[3235,5225],[-5,13]],[[3352,5366],[47,-8]],[[3466,5035],[-6,17],[-108,12],[-101,-46]],[[2368,5162],[-19,98]],[[2337,5342],[-4,17]],[[2414,5348],[53,-77],[-27,-50],[8,-59]],[[2753,5066],[-273,41]],[[3554,3717],[124,-16]],[[2764,1086],[-64,9],[-12,-77],[-62,10],[-73,-43],[-20,-55],[-101,7]],[[2236,1038],[84,40],[94,59]],[[2963,5275],[53,-7]],[[3016,5268],[20,-60],[-13,-39]],[[3124,5154],[21,57]],[[3145,5211],[29,19],[61,-5]],[[3145,5211],[27,76],[40,-29]],[[4224,4319],[39,100],[-38,31],[-17,79],[83,89]],[[2793,4951],[-6,-40],[-70,10]],[[2717,4921],[10,45]],[[3951,4836],[29,44],[93,-11]],[[4073,4869],[4,-38]],[[4077,4831],[-29,-68],[-71,-41],[-18,14]],[[4300,6611],[2,-11],[-15,-119],[-35,4],[-15,-67],[-41,7],[-120,95],[-20,49],[5,42]],[[4061,6611],[239,0]],[[1091,4288],[38,-68],[54,-11]],[[3041,6433],[15,49],[-21,90],[-56,18],[3,21]],[[2982,6611],[377,0]],[[0,1559],[25,3]],[[25,1562],[16,-26],[-41,-46]],[[0,1490],[0,69]],[[25,1562],[-21,55],[19,54],[166,-25],[16,106],[46,-12]],[[370,1466],[-117,36],[-122,9],[-66,-12],[-65,-49],[0,40]],[[2821,3393],[13,88]],[[2834,3481],[164,-18]],[[2998,3463],[46,-58]],[[2909,3339],[-88,54]],[[4057,5208],[3,-71],[-36,-82],[28,-133],[21,-53]],[[84,4138],[-84,12]],[[0,4150],[0,437]],[[0,4587],[81,-55],[70,-41],[81,-88],[70,-45]],[[986,2509],[68,-61],[57,-136]],[[5087,5353],[-91,-1],[0,-43],[-286,0],[-12,-91],[38,-37],[21,-160],[-13,-70]],[[4300,5114],[9,66],[-155,17]],[[4973,5494],[13,35],[47,0],[29,-41],[-1,-61],[26,-74]],[[2620,4302],[-47,8]],[[2573,4310],[17,109]],[[2724,4381],[-6,-43]],[[4272,2813],[-284,46]],[[4033,3142],[53,-39],[13,-80],[93,-18]],[[2372,6232],[265,-35],[64,-25]],[[2816,5881],[-33,-93]],[[2783,5788],[-458,61]],[[4911,3184],[26,-26],[45,43],[60,-1],[15,-75],[37,-23],[20,-32]],[[5114,3070],[0,-572]],[[4874,2487],[-11,54],[24,44],[-35,82],[17,58],[-90,0],[-7,30]],[[3877,6150],[25,77],[39,-6],[30,42],[57,1],[95,52]],[[4123,6316],[63,-25],[6,44],[66,17],[-9,-68],[-106,-89],[-2,-76],[16,-63],[61,-61],[-16,-96],[24,-9]],[[2057,5178],[88,-55]],[[2223,4997],[-135,19]],[[2955,5371],[76,-47],[-15,-56]],[[5087,5353],[27,-35]],[[5114,5318],[0,-207]],[[5114,5111],[-8,-26],[8,-6]],[[5114,5079],[0,-155]],[[3086,3227],[82,-29]],[[3168,3198],[91,-34]],[[1708,5659],[12,95]],[[1720,5754],[91,-12],[80,41],[9,99],[-17,45]],[[1844,5515],[-26,44],[-51,29],[-14,64],[-45,7]],[[0,2007],[6,27]],[[0,1559],[0,448]],[[2286,4450],[36,-28],[84,6]],[[2301,5459],[-63,-18],[-73,12],[11,73]],[[1342,5037],[8,83]],[[1350,5120],[92,-13]],[[4082,4821],[-5,10]],[[1612,5093],[49,24]],[[1661,5117],[28,-16]],[[1689,5101],[-2,-38],[48,-79]],[[1735,4984],[-34,-28]],[[1904,5091],[38,-52],[9,-67]],[[1778,4960],[-43,24]],[[1689,5101],[53,7],[-1,44]],[[1741,5152],[48,-38],[72,-12]],[[1775,4766],[-118,17]],[[1355,5358],[-34,56]],[[1321,5414],[-18,30]],[[1303,5444],[-54,89]],[[1264,5532],[79,-49],[64,-56]],[[1407,5427],[-52,-69]],[[1572,5296],[-50,40]],[[1522,5336],[-115,91]],[[1348,5524],[91,-72],[101,7],[18,32]],[[1558,5491],[-7,-41],[32,-39],[56,-18]],[[1639,5393],[-2,-55],[-65,-42]],[[2007,5042],[-10,-76]],[[3972,6529],[49,-114],[114,0],[-12,-99]],[[2567,4650],[97,-14],[-6,81]],[[2763,4695],[-16,-34],[47,-23],[83,-16]],[[2861,4513],[-66,10]],[[3907,4443],[15,69]],[[4073,4512],[40,-27]],[[1267,5013],[15,117]],[[1282,5130],[69,-9]],[[1351,5121],[-1,-1]],[[0,2007],[0,113]],[[1572,5296],[-28,-19]],[[1544,5277],[-56,15],[34,44]],[[5114,3913],[0,-345]],[[5114,3568],[-80,-4]],[[4272,2813],[-14,-97]],[[4258,2716],[-39,6],[0,0]],[[4219,2722],[-57,9]],[[4162,2731],[-94,16]],[[882,6163],[-81,96],[-34,58],[-89,97]],[[678,6414],[28,197]],[[706,6611],[622,0]],[[1328,6611],[34,-18],[10,-97]],[[1372,6056],[-42,9],[-1,-106],[105,-109],[-21,-53]],[[440,2415],[107,71],[69,57]],[[4003,6611],[58,0]],[[4300,6611],[412,0]],[[4712,6611],[2,-8]],[[4714,6603],[-42,-16],[-36,-42],[-60,-36],[-13,-59],[12,-63],[-26,-39]],[[1969,6611],[-8,-23]],[[1820,6426],[-143,21]],[[1328,6611],[641,0]],[[4035,3551],[-35,6]],[[4714,6603],[43,5],[109,-62],[-1,-99],[-29,2],[-26,-59],[-41,17],[-33,-27],[-41,57]],[[1752,5224],[25,-4]],[[1777,5220],[61,-13],[3,-40],[41,-36]],[[1741,5152],[11,72]],[[2845,4925],[-52,26]],[[2717,4920],[0,1]],[[2823,4837],[-12,-40],[69,-47]],[[2880,4750],[-84,6],[-33,-24]],[[2581,3772],[-59,-22]],[[2522,3750],[-32,41],[-9,107],[-26,35],[29,57],[-5,36]],[[1720,5754],[-92,13],[16,130],[-74,6]],[[2901,4754],[-20,-4]],[[2881,4750],[-1,0]],[[2881,4750],[8,-42],[-12,-86]],[[3036,4225],[10,67]],[[1703,4609],[-62,27],[27,64],[-55,33]],[[1777,5220],[22,57],[91,-35],[24,94],[-13,73]],[[385,4970],[36,-65],[-21,-80],[65,-125],[-64,-71],[8,-135]],[[0,4587],[0,149]],[[1671,4516],[-95,10]],[[1576,4526],[-18,90],[-72,17],[-15,22],[10,76]],[[5101,553],[13,1],[0,-33]],[[1282,5130],[-62,11],[17,118]],[[1237,5259],[74,-11]],[[1311,5248],[60,-24]],[[1371,5224],[-20,-103]],[[1371,5224],[71,-9]],[[1442,5215],[58,-111]],[[4447,577],[3,-22],[-21,-2],[18,24]],[[2998,3463],[31,42]],[[5114,5687],[0,-369]],[[5114,5111],[0,-32]],[[3168,3198],[7,46],[102,-10]],[[2406,4766],[18,135],[15,11]],[[2439,4912],[17,-2]],[[2459,4899],[31,-102]],[[2792,6611],[-19,-138]],[[2696,6484],[-256,36]],[[1969,6611],[823,0]],[[0,3316],[0,834]],[[678,6414],[-6,-31],[-202,30],[-16,-107]],[[454,6306],[-77,12],[-4,-63],[-60,9],[-25,-42]],[[0,6263],[0,257]],[[0,6520],[35,75],[36,-47],[35,12],[5,51]],[[111,6611],[94,0]],[[205,6611],[47,-7],[0,7]],[[252,6611],[454,0]],[[2783,5788],[104,-12],[-21,-44],[30,-108]],[[2896,5624],[-123,-19],[-30,-61]],[[1377,4548],[199,-22]],[[1261,4271],[97,101],[19,176]],[[385,4970],[8,0]],[[393,4970],[181,-23]],[[574,4947],[88,-14]],[[662,4933],[186,-28]],[[848,4905],[-33,-284]],[[454,6306],[-10,-61],[204,-31],[-2,-19]],[[798,5688],[-63,-86]],[[735,5602],[-180,27]],[[555,5629],[-168,22]],[[387,5651],[-14,76],[-94,-19],[3,-41],[-88,14],[-1,22],[-94,14]],[[99,5717],[4,20]],[[848,4905],[10,89]],[[858,4994],[17,65]],[[875,5059],[46,-21]],[[921,5038],[134,-62],[89,-23]],[[1293,4654],[-10,-95],[94,-11]],[[1303,5444],[-139,7],[-15,-96]],[[1149,5355],[-141,19]],[[1008,5374],[-283,45],[-22,-5]],[[703,5414],[28,57],[18,91],[-14,40]],[[393,4970],[35,66],[-33,28],[25,88]],[[420,5152],[-15,40]],[[405,5192],[106,-12],[-4,-28],[94,-13]],[[601,5139],[-27,-192]],[[253,5188],[-42,-9]],[[76,5384],[267,-30]],[[343,5354],[-13,-95],[-77,-71]],[[98,5508],[77,-12],[64,-29],[29,17],[91,-17]],[[359,5467],[-16,-113]],[[77,5384],[-6,58],[27,66]],[[387,5651],[-27,-183]],[[360,5468],[-1,-1]],[[98,5508],[1,209]],[[674,4988],[-12,-55]],[[601,5139],[18,134]],[[619,5273],[82,-76]],[[701,5197],[-27,-209]],[[2520,3688],[24,-15],[128,-17]],[[2713,3607],[-10,-55]],[[2608,3562],[-88,126]],[[2041,4290],[31,-73],[53,-20],[-66,-52],[-47,35],[-82,2],[-50,55]],[[2834,3481],[-93,18]],[[2781,4310],[49,15]],[[3582,4237],[33,-4],[145,-61],[44,110]],[[3784,4047],[-35,-6],[-189,3]],[[2459,4956],[12,95]],[[2896,5624],[77,-8],[67,-80]],[[3158,4940],[71,-96]],[[3229,4844],[-42,-81],[-46,35],[-51,13]],[[3299,4769],[-49,35],[-21,40]],[[3240,5390],[-59,26]],[[3455,5620],[-35,-64],[70,-89],[-14,-86]],[[2540,4401],[-45,31]],[[4091,2405],[39,-36]],[[2218,4896],[-35,55]],[[2282,4936],[39,-6]],[[2321,4930],[-26,-101],[5,-48]],[[2321,4930],[118,-18]],[[343,5354],[91,-26]],[[434,5328],[-15,-11],[-14,-125]],[[420,5152],[-104,15],[-63,21]],[[434,5328],[126,-13],[59,-42]],[[0,5412],[0,327]],[[555,5629],[23,-35],[-2,-65],[-37,-48],[-1,-36],[-178,23]],[[674,4988],[184,6]],[[701,5197],[74,-64]],[[775,5133],[100,-74]],[[775,5133],[16,29],[15,126]],[[806,5288],[35,-15],[78,-73],[24,-46]],[[943,5154],[-22,-116]],[[1442,5215],[148,-20]],[[1590,5195],[71,-78]],[[1237,5259],[-48,-11]],[[1189,5248],[-40,107]],[[1321,5414],[-14,-124],[4,-42]],[[3282,3759],[30,28]],[[3312,3787],[46,-40],[137,-22]],[[3456,3633],[-76,-86]],[[1442,5215],[-87,143]],[[1544,5277],[49,-46],[-3,-36]],[[2821,3393],[-67,-60],[-36,9],[-39,57]],[[2520,3688],[2,62]],[[2647,4858],[-16,-120],[-52,-7]],[[2573,4310],[-93,16]],[[4162,2731],[57,-9]],[[4219,2722],[-1,-1],[-7,-47],[-36,5],[-2,-12],[39,-5],[-14,-36],[-15,-98]],[[4219,2722],[39,-6]],[[4494,2777],[33,-90],[71,-54],[6,-64]],[[4077,4540],[25,34],[11,92],[23,1]],[[3866,4650],[9,53],[34,41]],[[3885,4566],[22,10],[-41,74]],[[2792,6611],[190,0]],[[4244,3267],[28,92],[95,72],[36,59]],[[4509,3276],[19,-59]],[[0,6520],[0,91],[111,0]],[[205,6611],[47,0]],[[4228,1751],[-28,-27],[-30,78],[-43,-2],[17,82]],[[4712,6611],[402,0],[0,-551]],[[3112,4675],[52,-24]],[[3164,4651],[-15,-107]],[[3089,4614],[23,61]],[[3067,4743],[45,-68]],[[3164,4651],[32,-15],[39,23],[51,-14]],[[3649,4550],[-1,-127]],[[4207,3273],[-34,51],[-71,13],[-64,-30]],[[1149,1018],[-160,104],[-142,121],[9,25],[64,21],[128,-77],[170,-52]],[[3089,764],[-22,-120]],[[3067,644],[-27,-9],[-66,-72]],[[2974,563],[-37,52],[-46,1]],[[2891,616],[-14,17]],[[3728,4367],[-63,8]],[[3866,4650],[-86,-91],[10,-48]],[[3332,3901],[-20,-114]],[[5114,3568],[0,-195]],[[5114,3373],[-25,4],[-4,79],[-59,-1]],[[2558,552],[85,-97],[21,-67],[40,-69],[37,-16]],[[2741,303],[-10,-65],[-42,-70],[3,-56],[-101,12],[-66,-34],[-45,5],[-47,-36],[-83,27],[-87,-25],[2,-31],[-124,-14],[-27,50]],[[2891,616],[-46,-41],[51,-85]],[[2896,490],[-70,-28],[-28,-65],[-57,-94]],[[3143,671],[-76,-27]],[[3125,758],[-3,-75],[21,-12]],[[3231,721],[-88,-50]],[[3236,750],[-5,-29]],[[5114,3373],[0,-303]],[[943,5154],[41,25]],[[984,5179],[188,-30]],[[1172,5149],[-28,-196]],[[619,5273],[18,133],[66,8]],[[703,5414],[12,-41],[-12,-68],[37,-30],[66,13]],[[1008,5374],[-24,-195]],[[2974,563],[-14,-67],[-64,-6]],[[1189,5248],[-17,-99]],[[1639,5393],[72,-50],[52,-57],[-11,-62]],[[1558,5491],[6,110],[39,-15],[13,93],[92,-20]],[[3541,655],[-102,29],[-23,-7],[-86,30],[-99,14]],[[3422,922],[61,-171],[78,-42],[-20,-54]],[[3691,824],[-33,-30],[14,-89],[54,-39],[28,-68],[-150,30],[-63,27]]],"transform":{"scale":[0.00019554165037152912,0.00015126304643775526],"translate":[144.5,-38.5]},"objects":{"vic_suburbs":{"type":"GeometryCollection","geometries":[{"arcs":[[0,1,2]],"type":"Polygon","properties":{"lc_ply_pid":"6451","dt_create":"2011-08-31Z","dt_retire":null,"loc_pid":"VIC999","vic_locali":"2012-04-27Z","vic_loca_1":null,"vic_loca_2":"GLEN FORBES","vic_loca_3":null,"vic_loca_4":null,"vic_loca_5":"G","vic_loca_6":null,"vic_loca_7":"2"},"id":"ckan_af33dd8c_0534_4e18_9245_fc64440f742e.7"},{"arcs":[[3,4,5,6,7,8,9]],"type":"Polygon","properties":{"lc_ply_pid":"9626","dt_create":"2012-08-17Z","dt_retire":null,"loc_pid":"VIC1559","vic_locali":"2012-10-29Z","vic_loca_1":null,"vic_loca_2":"MACLEOD","vic_loca_3":null,"vic_loca_4":null,"vic_loca_5":"G","vic_loca_6":null,"vic_loca_7":"2"},"id":"ckan_af33dd8c_0534_4e18_9245_fc64440f742e.30"},{"arcs":[[10,11,12,13,14,15,16,17,-5,18,19,20]],"type":"Polygon","properties":{"lc_ply_pid":"9627","dt_create":"2012-08-17Z","dt_retire":null,"loc_pid":"VIC399","vic_locali":"2012-10-29Z","vic_loca_1":null,"vic_loca_2":"BUNDOORA","vic_loca_3":null,"vic_loca_4":null,"vic_loca_5":"G","vic_loca_6":null,"vic_loca_7":"2"},"id":"ckan_af33dd8c_0534_4e18_9245_fc64440f742e.31"},{"arcs":[[21,22,-19,-4,23,24]],"type":"Polygon","properties":{"lc_ply_pid":"9628","dt_create":"2012-08-17Z","dt_retire":null,"loc_pid":"VIC1161","vic_locali":"2012-10-29Z","vic_loca_1":null,"vic_loca_2":"HEIDELBERG WEST","vic_loca_3":null,"vic_loca_4":null,"vic_loca_5":"G","vic_loca_6":null,"vic_loca_7":"2"},"id":"ckan_af33dd8c_0534_4e18_9245_fc64440f742e.32"},{"arcs":[[25,26,27]],"type":"Polygon","properties":{"lc_ply_pid":"6584","dt_create":"2011-08-31Z","dt_retire":null,"loc_pid":"VIC2999","vic_locali":"2012-04-27Z","vic_loca_1":null,"vic_loca_2":"DEEPDENE","vic_loca_3":null,"vic_loca_4":null,"vic_loca_5":"G","vic_loca_6":null,"vic_loca_7":"2"},"id":"ckan_af33dd8c_0534_4e18_9245_fc64440f742e.44"},{"arcs":[[28,29]],"type":"Polygon","properties":{"lc_ply_pid":"6446","dt_create":"2011-08-31Z","dt_retire":null,"loc_pid":"VIC2488","vic_locali":"2012-04-27Z","vic_loca_1":null,"vic_loca_2":"TENBY POINT","vic_loca_3":null,"vic_loca_4":null,"vic_loca_5":"G","vic_loca_6":null,"vic_loca_7":"2"},"id":"ckan_af33dd8c_0534_4e18_9245_fc64440f742e.54"},{"arcs":[[30,31,32]],"type":"Polygon","properties":{"lc_ply_pid":"6447","dt_create":"2011-08-31Z","dt_retire":null,"loc_pid":"VIC643","vic_locali":"2012-04-27Z","vic_loca_1":null,"vic_loca_2":"CORONET BAY","vic_loca_3":null,"vic_loca_4":null,"vic_loca_5":"G","vic_loca_6":null,"vic_loca_7":"2"},"id":"ckan_af33dd8c_0534_4e18_9245_fc64440f742e.55"},{"arcs":[[33,34,-2,35,-32,36,-30,37]],"type":"Polygon","properties":{"lc_ply_pid":"6448","dt_create":"2011-08-31Z","dt_retire":null,"loc_pid":"VIC638","vic_locali":"2012-04-27Z","vic_loca_1":null,"vic_loca_2":"CORINELLA","vic_loca_3":null,"vic_loca_4":null,"vic_loca_5":"G","vic_loca_6":null,"vic_loca_7":"2"},"id":"ckan_af33dd8c_0534_4e18_9245_fc64440f742e.56"},{"arcs":[[38,39,40,41]],"type":"Polygon","properties":{"lc_ply_pid":"9757","dt_create":"2013-05-27Z","dt_retire":null,"loc_pid":"VIC683","vic_locali":"2013-08-05Z","vic_loca_1":null,"vic_loca_2":"CROYDON SOUTH","vic_loca_3":null,"vic_loca_4":null,"vic_loca_5":"G","vic_loca_6":null,"vic_loca_7":"2"},"id":"ckan_af33dd8c_0534_4e18_9245_fc64440f742e.57"},{"arcs":[[42,43,44,45,46,47]],"type":"Polygon","properties":{"lc_ply_pid":"9759","dt_create":"2013-05-27Z","dt_retire":null,"loc_pid":"VIC594","vic_locali":"2013-08-05Z","vic_loca_1":null,"vic_loca_2":"COBURG NORTH","vic_loca_3":null,"vic_loca_4":null,"vic_loca_5":"G","vic_loca_6":null,"vic_loca_7":"2"},"id":"ckan_af33dd8c_0534_4e18_9245_fc64440f742e.60"},{"arcs":[[48,49,-44,50,51,52,53]],"type":"Polygon","properties":{"lc_ply_pid":"9762","dt_create":"2013-05-27Z","dt_retire":null,"loc_pid":"VIC2037","vic_locali":"2013-08-05Z","vic_loca_1":null,"vic_loca_2":"PASCOE VALE","vic_loca_3":null,"vic_loca_4":null,"vic_loca_5":"G","vic_loca_6":null,"vic_loca_7":"2"},"id":"ckan_af33dd8c_0534_4e18_9245_fc64440f742e.61"},{"arcs":[[54,55,56,57,58,59,60,61]],"type":"Polygon","properties":{"lc_ply_pid":"6599","dt_create":"2011-08-31Z","dt_retire":null,"loc_pid":"VIC1334","vic_locali":"2012-04-27Z","vic_loca_1":null,"vic_loca_2":"KEYSBOROUGH","vic_loca_3":null,"vic_loca_4":null,"vic_loca_5":"G","vic_loca_6":null,"vic_loca_7":"2"},"id":"ckan_af33dd8c_0534_4e18_9245_fc64440f742e.81"},{"arcs":[[62,63,64,65,66,67,68]],"type":"Polygon","properties":{"lc_ply_pid":"6604","dt_create":"2011-08-31Z","dt_retire":null,"loc_pid":"VIC2402","vic_locali":"2012-04-27Z","vic_loca_1":null,"vic_loca_2":"SURREY HILLS","vic_loca_3":null,"vic_loca_4":null,"vic_loca_5":"G","vic_loca_6":null,"vic_loca_7":"2"},"id":"ckan_af33dd8c_0534_4e18_9245_fc64440f742e.83"},{"arcs":[[-1,69,70,71,-33,-36]],"type":"Polygon","properties":{"lc_ply_pid":"6553","dt_create":"2011-08-31Z","dt_retire":null,"loc_pid":"VIC163","vic_locali":"2012-04-27Z","vic_loca_1":null,"vic_loca_2":"BASS","vic_loca_3":null,"vic_loca_4":null,"vic_loca_5":"G","vic_loca_6":null,"vic_loca_7":"2"},"id":"ckan_af33dd8c_0534_4e18_9245_fc64440f742e.91"},{"arcs":[[72,-60,73,74,75,76,77]],"type":"Polygon","properties":{"lc_ply_pid":"6554","dt_create":"2011-08-31Z","dt_retire":null,"loc_pid":"VIC130","vic_locali":"2012-04-27Z","vic_loca_1":null,"vic_loca_2":"BANGHOLME","vic_loca_3":null,"vic_loca_4":null,"vic_loca_5":"G","vic_loca_6":null,"vic_loca_7":"2"},"id":"ckan_af33dd8c_0534_4e18_9245_fc64440f742e.92"},{"arcs":[[78,79,80,81]],"type":"Polygon","properties":{"lc_ply_pid":"6783","dt_create":"2011-08-31Z","dt_retire":null,"loc_pid":"VIC418","vic_locali":"2012-04-27Z","vic_loca_1":null,"vic_loca_2":"BURNLEY","vic_loca_3":null,"vic_loca_4":null,"vic_loca_5":"G","vic_loca_6":null,"vic_loca_7":"2"},"id":"ckan_af33dd8c_0534_4e18_9245_fc64440f742e.103"},{"arcs":[[82,83,84,85]],"type":"Polygon","properties":{"lc_ply_pid":"6785","dt_create":"2011-08-31Z","dt_retire":null,"loc_pid":"VIC2807","vic_locali":"2012-04-27Z","vic_loca_1":null,"vic_loca_2":"WINDSOR","vic_loca_3":null,"vic_loca_4":null,"vic_loca_5":"G","vic_loca_6":null,"vic_loca_7":"2"},"id":"ckan_af33dd8c_0534_4e18_9245_fc64440f742e.104"},{"arcs":[[86,87,88,89,90,91]],"type":"Polygon","properties":{"lc_ply_pid":"6786","dt_create":"2011-08-31Z","dt_retire":null,"loc_pid":"VIC879","vic_locali":"2012-04-27Z","vic_loca_1":null,"vic_loca_2":"ESSENDON WEST","vic_loca_3":null,"vic_loca_4":null,"vic_loca_5":"G","vic_loca_6":null,"vic_loca_7":"2"},"id":"ckan_af33dd8c_0534_4e18_9245_fc64440f742e.105"},{"arcs":[[92,93,94]],"type":"Polygon","properties":{"lc_ply_pid":"9739","dt_create":"2013-05-27Z","dt_retire":null,"loc_pid":"VIC2410","vic_locali":"2013-08-05Z","vic_loca_1":null,"vic_loca_2":"SWAN ISLAND","vic_loca_3":null,"vic_loca_4":null,"vic_loca_5":"G","vic_loca_6":null,"vic_loca_7":"2"},"id":"ckan_af33dd8c_0534_4e18_9245_fc64440f742e.121"},{"arcs":[[95,96,97,98]],"type":"Polygon","properties":{"lc_ply_pid":"6647","dt_create":"2011-08-31Z","dt_retire":null,"loc_pid":"VIC1757","vic_locali":"2012-04-27Z","vic_loca_1":null,"vic_loca_2":"MORNINGTON","vic_loca_3":null,"vic_loca_4":null,"vic_loca_5":"G","vic_loca_6":null,"vic_loca_7":"2"},"id":"ckan_af33dd8c_0534_4e18_9245_fc64440f742e.133"},{"arcs":[[99]],"type":"Polygon","properties":{"lc_ply_pid":"6851","dt_create":"2011-08-31Z","dt_retire":null,"loc_pid":"VIC560","vic_locali":"2012-04-27Z","vic_loca_1":null,"vic_loca_2":"CHURCHILL ISLAND","vic_loca_3":null,"vic_loca_4":null,"vic_loca_5":"G","vic_loca_6":null,"vic_loca_7":"2"},"id":"ckan_af33dd8c_0534_4e18_9245_fc64440f742e.157"},{"arcs":[[100,101,102]],"type":"Polygon","properties":{"lc_ply_pid":"6852","dt_create":"2011-08-31Z","dt_retire":null,"loc_pid":"VIC2348","vic_locali":"2012-04-27Z","vic_loca_1":null,"vic_loca_2":"ST KILDA WEST","vic_loca_3":null,"vic_loca_4":null,"vic_loca_5":"G","vic_loca_6":null,"vic_loca_7":"2"},"id":"ckan_af33dd8c_0534_4e18_9245_fc64440f742e.158"},{"arcs":[[103,104]],"type":"Polygon","properties":{"lc_ply_pid":"6854","dt_create":"2011-08-31Z","dt_retire":null,"loc_pid":"VIC2118","vic_locali":"2012-04-27Z","vic_loca_1":null,"vic_loca_2":"PRINCES HILL","vic_loca_3":null,"vic_loca_4":null,"vic_loca_5":"G","vic_loca_6":null,"vic_loca_7":"2"},"id":"ckan_af33dd8c_0534_4e18_9245_fc64440f742e.160"},{"arcs":[[105,106,107,108]],"type":"Polygon","properties":{"lc_ply_pid":"6855","dt_create":"2011-08-31Z","dt_retire":null,"loc_pid":"VIC2397","vic_locali":"2012-04-27Z","vic_loca_1":null,"vic_loca_2":"SUNSET STRIP","vic_loca_3":null,"vic_loca_4":null,"vic_loca_5":"G","vic_loca_6":null,"vic_loca_7":"2"},"id":"ckan_af33dd8c_0534_4e18_9245_fc64440f742e.161"},{"arcs":[[109]],"type":"Polygon","properties":{"lc_ply_pid":"6857","dt_create":"2011-08-31Z","dt_retire":null,"loc_pid":"VIC2803","vic_locali":"2012-04-27Z","vic_loca_1":null,"vic_loca_2":"WIMBLEDON HEIGHTS","vic_loca_3":null,"vic_loca_4":null,"vic_loca_5":"G","vic_loca_6":null,"vic_loca_7":"2"},"id":"ckan_af33dd8c_0534_4e18_9245_fc64440f742e.163"},{"arcs":[[110,111,112,113]],"type":"Polygon","properties":{"lc_ply_pid":"6858","dt_create":"2011-08-31Z","dt_retire":null,"loc_pid":"VIC2176","vic_locali":"2012-04-27Z","vic_loca_1":null,"vic_loca_2":"RIPPONLEA","vic_loca_3":null,"vic_loca_4":null,"vic_loca_5":"G","vic_loca_6":null,"vic_loca_7":"2"},"id":"ckan_af33dd8c_0534_4e18_9245_fc64440f742e.164"},{"arcs":[[114,115,116,117]],"type":"Polygon","properties":{"lc_ply_pid":"6859","dt_create":"2011-08-31Z","dt_retire":null,"loc_pid":"VIC955","vic_locali":"2012-04-27Z","vic_loca_1":null,"vic_loca_2":"GARDENVALE","vic_loca_3":null,"vic_loca_4":null,"vic_loca_5":"G","vic_loca_6":null,"vic_loca_7":"2"},"id":"ckan_af33dd8c_0534_4e18_9245_fc64440f742e.165"},{"arcs":[[118,119,120,121,122]],"type":"Polygon","properties":{"lc_ply_pid":"9642","dt_create":"2012-08-17Z","dt_retire":null,"loc_pid":"VIC579","vic_locali":"2012-10-29Z","vic_loca_1":null,"vic_loca_2":"CLYDE","vic_loca_3":null,"vic_loca_4":null,"vic_loca_5":"G","vic_loca_6":null,"vic_loca_7":"2"},"id":"ckan_af33dd8c_0534_4e18_9245_fc64440f742e.172"},{"arcs":[[123,124,125,126,-13]],"type":"Polygon","properties":{"lc_ply_pid":"9646","dt_create":"2012-08-17Z","dt_retire":null,"loc_pid":"VIC1446","vic_locali":"2012-10-29Z","vic_loca_1":null,"vic_loca_2":"LALOR","vic_loca_3":null,"vic_loca_4":null,"vic_loca_5":"G","vic_loca_6":null,"vic_loca_7":"2"},"id":"ckan_af33dd8c_0534_4e18_9245_fc64440f742e.173"},{"arcs":[[127,128,129,130,131]],"type":"Polygon","properties":{"lc_ply_pid":"9770","dt_create":"2013-05-27Z","dt_retire":null,"loc_pid":"VIC695","vic_locali":"2013-08-05Z","vic_loca_1":null,"vic_loca_2":"CURLEWIS","vic_loca_3":null,"vic_loca_4":null,"vic_loca_5":"G","vic_loca_6":null,"vic_loca_7":"2"},"id":"ckan_af33dd8c_0534_4e18_9245_fc64440f742e.181"},{"arcs":[[132,133,134]],"type":"Polygon","properties":{"lc_ply_pid":"6697","dt_create":"2011-08-31Z","dt_retire":null,"loc_pid":"VIC2236","vic_locali":"2012-04-27Z","vic_loca_1":null,"vic_loca_2":"SANDHURST","vic_loca_3":null,"vic_loca_4":null,"vic_loca_5":"G","vic_loca_6":null,"vic_loca_7":"2"},"id":"ckan_af33dd8c_0534_4e18_9245_fc64440f742e.185"},{"arcs":[[135,136,137,138]],"type":"Polygon","properties":{"lc_ply_pid":"10369","dt_create":"2016-09-09Z","dt_retire":null,"loc_pid":"VIC1271","vic_locali":"2016-11-08Z","vic_loca_1":null,"vic_loca_2":"JUNCTION VILLAGE","vic_loca_3":null,"vic_loca_4":null,"vic_loca_5":"G","vic_loca_6":null,"vic_loca_7":"2"},"id":"ckan_af33dd8c_0534_4e18_9245_fc64440f742e.203"},{"arcs":[[139,140,141,142,143]],"type":"Polygon","properties":{"lc_ply_pid":"6781","dt_create":"2011-08-31Z","dt_retire":null,"loc_pid":"VIC520","vic_locali":"2012-04-27Z","vic_loca_1":null,"vic_loca_2":"CAULFIELD","vic_loca_3":null,"vic_loca_4":null,"vic_loca_5":"G","vic_loca_6":null,"vic_loca_7":"2"},"id":"ckan_af33dd8c_0534_4e18_9245_fc64440f742e.509"},{"arcs":[[144,145,146]],"type":"Polygon","properties":{"lc_ply_pid":"6784","dt_create":"2011-08-31Z","dt_retire":null,"loc_pid":"VIC880","vic_locali":"2012-04-27Z","vic_loca_1":null,"vic_loca_2":"EUMEMMERRING","vic_loca_3":null,"vic_loca_4":null,"vic_loca_5":"G","vic_loca_6":null,"vic_loca_7":"2"},"id":"ckan_af33dd8c_0534_4e18_9245_fc64440f742e.510"},{"arcs":[[147,148,149,150,151,152]],"type":"Polygon","properties":{"lc_ply_pid":"6619","dt_create":"2011-08-31Z","dt_retire":null,"loc_pid":"VIC2845","vic_locali":"2012-04-27Z","vic_loca_1":null,"vic_loca_2":"WOODSTOCK","vic_loca_3":null,"vic_loca_4":null,"vic_loca_5":"G","vic_loca_6":null,"vic_loca_7":"2"},"id":"ckan_af33dd8c_0534_4e18_9245_fc64440f742e.234"},{"arcs":[[153,154,155,156,157,158,159]],"type":"Polygon","properties":{"lc_ply_pid":"6725","dt_create":"2011-08-31Z","dt_retire":null,"loc_pid":"VIC14","vic_locali":"2012-04-27Z","vic_loca_1":null,"vic_loca_2":"AIRPORT WEST","vic_loca_3":null,"vic_loca_4":null,"vic_loca_5":"G","vic_loca_6":null,"vic_loca_7":"2"},"id":"ckan_af33dd8c_0534_4e18_9245_fc64440f742e.301"},{"arcs":[[-71,160]],"type":"Polygon","properties":{"lc_ply_pid":"6491","dt_create":"2011-08-31Z","dt_retire":null,"loc_pid":"VIC2850","vic_locali":"2012-04-27Z","vic_loca_1":null,"vic_loca_2":"WOOLAMAI","vic_loca_3":null,"vic_loca_4":null,"vic_loca_5":"G","vic_loca_6":null,"vic_loca_7":"2"},"id":"ckan_af33dd8c_0534_4e18_9245_fc64440f742e.244"},{"arcs":[[161,162,163,164,165]],"type":"Polygon","properties":{"lc_ply_pid":"6502","dt_create":"2011-08-31Z","dt_retire":null,"loc_pid":"VIC1368","vic_locali":"2012-04-27Z","vic_loca_1":null,"vic_loca_2":"KNOXFIELD","vic_loca_3":null,"vic_loca_4":null,"vic_loca_5":"G","vic_loca_6":null,"vic_loca_7":"2"},"id":"ckan_af33dd8c_0534_4e18_9245_fc64440f742e.266"},{"arcs":[[166,167,168,169,170]],"type":"Polygon","properties":{"lc_ply_pid":"7857","dt_create":"2011-08-31Z","dt_retire":null,"loc_pid":"VIC1207","vic_locali":"2012-04-27Z","vic_loca_1":null,"vic_loca_2":"HUMEVALE","vic_loca_3":null,"vic_loca_4":null,"vic_loca_5":"G","vic_loca_6":null,"vic_loca_7":"2"},"id":"ckan_af33dd8c_0534_4e18_9245_fc64440f742e.763"},{"arcs":[[-146,171,172,173,174,-74,-59,175,176]],"type":"Polygon","properties":{"lc_ply_pid":"6605","dt_create":"2011-08-31Z","dt_retire":null,"loc_pid":"VIC707","vic_locali":"2012-04-27Z","vic_loca_1":null,"vic_loca_2":"DANDENONG SOUTH","vic_loca_3":null,"vic_loca_4":null,"vic_loca_5":"G","vic_loca_6":null,"vic_loca_7":"2"},"id":"ckan_af33dd8c_0534_4e18_9245_fc64440f742e.282"},{"arcs":[[177,178,-176,-58,179,180]],"type":"Polygon","properties":{"lc_ply_pid":"6606","dt_create":"2011-08-31Z","dt_retire":null,"loc_pid":"VIC705","vic_locali":"2012-04-27Z","vic_loca_1":null,"vic_loca_2":"DANDENONG","vic_loca_3":null,"vic_loca_4":null,"vic_loca_5":"G","vic_loca_6":null,"vic_loca_7":"2"},"id":"ckan_af33dd8c_0534_4e18_9245_fc64440f742e.283"},{"arcs":[[-75,-175,181,182,183,184,-134,185]],"type":"Polygon","properties":{"lc_ply_pid":"6607","dt_create":"2011-08-31Z","dt_retire":null,"loc_pid":"VIC1550","vic_locali":"2012-04-27Z","vic_loca_1":null,"vic_loca_2":"LYNDHURST","vic_loca_3":null,"vic_loca_4":null,"vic_loca_5":"G","vic_loca_6":null,"vic_loca_7":"2"},"id":"ckan_af33dd8c_0534_4e18_9245_fc64440f742e.284"},{"arcs":[[186,187,-182,-174]],"type":"Polygon","properties":{"lc_ply_pid":"6609","dt_create":"2011-08-31Z","dt_retire":null,"loc_pid":"VIC1549","vic_locali":"2012-04-27Z","vic_loca_1":null,"vic_loca_2":"LYNBROOK","vic_loca_3":null,"vic_loca_4":null,"vic_loca_5":"G","vic_loca_6":null,"vic_loca_7":"2"},"id":"ckan_af33dd8c_0534_4e18_9245_fc64440f742e.285"},{"arcs":[[188,189,190,191]],"type":"Polygon","properties":{"lc_ply_pid":"6900","dt_create":"2011-08-31Z","dt_retire":null,"loc_pid":"VIC564","vic_locali":"2012-04-27Z","vic_loca_1":null,"vic_loca_2":"CLARINDA","vic_loca_3":null,"vic_loca_4":null,"vic_loca_5":"G","vic_loca_6":null,"vic_loca_7":"2"},"id":"ckan_af33dd8c_0534_4e18_9245_fc64440f742e.332"},{"arcs":[[192,193,194,195,196]],"type":"Polygon","properties":{"lc_ply_pid":"6983","dt_create":"2011-08-31Z","dt_retire":null,"loc_pid":"VIC910","vic_locali":"2012-04-27Z","vic_loca_1":null,"vic_loca_2":"FERNY CREEK","vic_loca_3":null,"vic_loca_4":null,"vic_loca_5":"G","vic_loca_6":null,"vic_loca_7":"2"},"id":"ckan_af33dd8c_0534_4e18_9245_fc64440f742e.291"},{"arcs":[[197,198,199,200]],"type":"Polygon","properties":{"lc_ply_pid":"6984","dt_create":"2011-08-31Z","dt_retire":null,"loc_pid":"VIC441","vic_locali":"2012-04-27Z","vic_loca_1":null,"vic_loca_2":"CAIRNLEA","vic_loca_3":null,"vic_loca_4":null,"vic_loca_5":"G","vic_loca_6":null,"vic_loca_7":"2"},"id":"ckan_af33dd8c_0534_4e18_9245_fc64440f742e.292"},{"arcs":[[201,202,203,204,205,206,207]],"type":"Polygon","properties":{"lc_ply_pid":"7014","dt_create":"2011-08-31Z","dt_retire":null,"loc_pid":"VIC2764","vic_locali":"2012-04-27Z","vic_loca_1":null,"vic_loca_2":"WESTMEADOWS","vic_loca_3":null,"vic_loca_4":null,"vic_loca_5":"G","vic_loca_6":null,"vic_loca_7":"2"},"id":"ckan_af33dd8c_0534_4e18_9245_fc64440f742e.297"},{"arcs":[[208,209,210,211,212,213]],"type":"Polygon","properties":{"lc_ply_pid":"6830","dt_create":"2011-08-31Z","dt_retire":null,"loc_pid":"VIC77","vic_locali":"2012-04-27Z","vic_loca_1":null,"vic_loca_2":"ASHWOOD","vic_loca_3":null,"vic_loca_4":null,"vic_loca_5":"G","vic_loca_6":null,"vic_loca_7":"2"},"id":"ckan_af33dd8c_0534_4e18_9245_fc64440f742e.306"},{"arcs":[[214,215,216,217,218,-77]],"type":"Polygon","properties":{"lc_ply_pid":"7016","dt_create":"2011-08-31Z","dt_retire":null,"loc_pid":"VIC2043","vic_locali":"2012-04-27Z","vic_loca_1":null,"vic_loca_2":"PATTERSON LAKES","vic_loca_3":null,"vic_loca_4":null,"vic_loca_5":"G","vic_loca_6":null,"vic_loca_7":"2"},"id":"ckan_af33dd8c_0534_4e18_9245_fc64440f742e.298"},{"arcs":[[219,220,221,222,223,224]],"type":"Polygon","properties":{"lc_ply_pid":"7017","dt_create":"2011-08-31Z","dt_retire":null,"loc_pid":"VIC427","vic_locali":"2012-04-27Z","vic_loca_1":null,"vic_loca_2":"BURWOOD EAST","vic_loca_3":null,"vic_loca_4":null,"vic_loca_5":"G","vic_loca_6":null,"vic_loca_7":"2"},"id":"ckan_af33dd8c_0534_4e18_9245_fc64440f742e.299"},{"arcs":[[225,226,227,228,-216,229]],"type":"Polygon","properties":{"lc_ply_pid":"10175","dt_create":"2015-12-04Z","dt_retire":null,"loc_pid":"VIC2253","vic_locali":"2016-01-25Z","vic_loca_1":null,"vic_loca_2":"SEAFORD","vic_loca_3":null,"vic_loca_4":null,"vic_loca_5":"G","vic_loca_6":null,"vic_loca_7":"2"},"id":"ckan_af33dd8c_0534_4e18_9245_fc64440f742e.309"},{"arcs":[[230,231,232,233,234]],"type":"Polygon","properties":{"lc_ply_pid":"9666","dt_create":"2012-11-19Z","dt_retire":null,"loc_pid":"VIC2173","vic_locali":"2013-01-23Z","vic_loca_1":null,"vic_loca_2":"RINGWOOD NORTH","vic_loca_3":null,"vic_loca_4":null,"vic_loca_5":"G","vic_loca_6":null,"vic_loca_7":"2"},"id":"ckan_af33dd8c_0534_4e18_9245_fc64440f742e.336"},{"arcs":[[235,236,237,238,239]],"type":"Polygon","properties":{"lc_ply_pid":"6899","dt_create":"2011-08-31Z","dt_retire":null,"loc_pid":"VIC1177","vic_locali":"2012-04-27Z","vic_loca_1":null,"vic_loca_2":"HIGHETT","vic_loca_3":null,"vic_loca_4":null,"vic_loca_5":"G","vic_loca_6":null,"vic_loca_7":"2"},"id":"ckan_af33dd8c_0534_4e18_9245_fc64440f742e.331"},{"arcs":[[240,241,242,-91,243,244,245]],"type":"Polygon","properties":{"lc_ply_pid":"10512","dt_create":"2016-12-16Z","dt_retire":null,"loc_pid":"VIC1598","vic_locali":"2017-02-02Z","vic_loca_1":null,"vic_loca_2":"MARIBYRNONG","vic_loca_3":null,"vic_loca_4":null,"vic_loca_5":"G","vic_loca_6":null,"vic_loca_7":"2"},"id":"ckan_af33dd8c_0534_4e18_9245_fc64440f742e.338"},{"arcs":[[246,247,248,249,250,-125,251,252]],"type":"Polygon","properties":{"lc_ply_pid":"7109","dt_create":"2011-08-31Z","dt_retire":null,"loc_pid":"VIC455","vic_locali":"2012-04-27Z","vic_loca_1":null,"vic_loca_2":"CAMPBELLFIELD","vic_loca_3":null,"vic_loca_4":null,"vic_loca_5":"G","vic_loca_6":null,"vic_loca_7":"2"},"id":"ckan_af33dd8c_0534_4e18_9245_fc64440f742e.339"},{"arcs":[[253,254,255,256,257,258]],"type":"Polygon","properties":{"lc_ply_pid":"10421","dt_create":"2016-12-16Z","dt_retire":null,"loc_pid":"VIC761","vic_locali":"2017-02-02Z","vic_loca_1":null,"vic_loca_2":"DOCKLANDS","vic_loca_3":null,"vic_loca_4":null,"vic_loca_5":"G","vic_loca_6":null,"vic_loca_7":"2"},"id":"ckan_af33dd8c_0534_4e18_9245_fc64440f742e.340"},{"arcs":[[259,260,261,262]],"type":"Polygon","properties":{"lc_ply_pid":"7121","dt_create":"2011-08-31Z","dt_retire":null,"loc_pid":"VIC1987","vic_locali":"2012-04-27Z","vic_loca_1":null,"vic_loca_2":"NUTFIELD","vic_loca_3":null,"vic_loca_4":null,"vic_loca_5":"G","vic_loca_6":null,"vic_loca_7":"2"},"id":"ckan_af33dd8c_0534_4e18_9245_fc64440f742e.343"},{"arcs":[[263,264,265,266,267]],"type":"Polygon","properties":{"lc_ply_pid":"10498","dt_create":"2016-12-16Z","dt_retire":null,"loc_pid":"VIC1194","vic_locali":"2017-02-02Z","vic_loca_1":null,"vic_loca_2":"HOPETOUN PARK","vic_loca_3":null,"vic_loca_4":null,"vic_loca_5":"G","vic_loca_6":null,"vic_loca_7":"2"},"id":"ckan_af33dd8c_0534_4e18_9245_fc64440f742e.341"},{"arcs":[[268,269,-67,270]],"type":"Polygon","properties":{"lc_ply_pid":"6745","dt_create":"2011-08-31Z","dt_retire":null,"loc_pid":"VIC1726","vic_locali":"2012-04-27Z","vic_loca_1":null,"vic_loca_2":"MONT ALBERT","vic_loca_3":null,"vic_loca_4":null,"vic_loca_5":"G","vic_loca_6":null,"vic_loca_7":"2"},"id":"ckan_af33dd8c_0534_4e18_9245_fc64440f742e.353"},{"arcs":[[271,272,273,274,275]],"type":"Polygon","properties":{"lc_ply_pid":"6746","dt_create":"2011-08-31Z","dt_retire":null,"loc_pid":"VIC572","vic_locali":"2012-04-27Z","vic_loca_1":null,"vic_loca_2":"CLIFTON HILL","vic_loca_3":null,"vic_loca_4":null,"vic_loca_5":"G","vic_loca_6":null,"vic_loca_7":"2"},"id":"ckan_af33dd8c_0534_4e18_9245_fc64440f742e.354"},{"arcs":[[276,277,278,-181,279]],"type":"Polygon","properties":{"lc_ply_pid":"6902","dt_create":"2011-08-31Z","dt_retire":null,"loc_pid":"VIC1949","vic_locali":"2012-04-27Z","vic_loca_1":null,"vic_loca_2":"NOBLE PARK NORTH","vic_loca_3":null,"vic_loca_4":null,"vic_loca_5":"G","vic_loca_6":null,"vic_loca_7":"2"},"id":"ckan_af33dd8c_0534_4e18_9245_fc64440f742e.356"},{"arcs":[[280,-143,281,282,283,-118]],"type":"Polygon","properties":{"lc_ply_pid":"6955","dt_create":"2011-08-31Z","dt_retire":null,"loc_pid":"VIC523","vic_locali":"2012-04-27Z","vic_loca_1":null,"vic_loca_2":"CAULFIELD SOUTH","vic_loca_3":null,"vic_loca_4":null,"vic_loca_5":"G","vic_loca_6":null,"vic_loca_7":"2"},"id":"ckan_af33dd8c_0534_4e18_9245_fc64440f742e.358"},{"arcs":[[284,285,286,287,288,289,290,-82]],"type":"Polygon","properties":{"lc_ply_pid":"6986","dt_create":"2011-08-31Z","dt_retire":null,"loc_pid":"VIC2167","vic_locali":"2012-04-27Z","vic_loca_1":null,"vic_loca_2":"RICHMOND","vic_loca_3":null,"vic_loca_4":null,"vic_loca_5":"G","vic_loca_6":null,"vic_loca_7":"2"},"id":"ckan_af33dd8c_0534_4e18_9245_fc64440f742e.359"},{"arcs":[[291,292,293,294,295,296]],"type":"Polygon","properties":{"lc_ply_pid":"6989","dt_create":"2011-08-31Z","dt_retire":null,"loc_pid":"VIC1754","vic_locali":"2012-04-27Z","vic_loca_1":null,"vic_loca_2":"MORDIALLOC","vic_loca_3":null,"vic_loca_4":null,"vic_loca_5":"G","vic_loca_6":null,"vic_loca_7":"2"},"id":"ckan_af33dd8c_0534_4e18_9245_fc64440f742e.361"},{"arcs":[[297,298,299,300,301,302,303]],"type":"Polygon","properties":{"lc_ply_pid":"7478","dt_create":"2011-08-31Z","dt_retire":null,"loc_pid":"VIC2028","vic_locali":"2012-04-27Z","vic_loca_1":null,"vic_loca_2":"PANTON HILL","vic_loca_3":null,"vic_loca_4":null,"vic_loca_5":"G","vic_loca_6":null,"vic_loca_7":"2"},"id":"ckan_af33dd8c_0534_4e18_9245_fc64440f742e.362"},{"arcs":[[304,305,306,307]],"type":"Polygon","properties":{"lc_ply_pid":"6749","dt_create":"2011-08-31Z","dt_retire":null,"loc_pid":"VIC1970","vic_locali":"2012-04-27Z","vic_loca_1":null,"vic_loca_2":"NOTTING HILL","vic_loca_3":null,"vic_loca_4":null,"vic_loca_5":"G","vic_loca_6":null,"vic_loca_7":"2"},"id":"ckan_af33dd8c_0534_4e18_9245_fc64440f742e.368"},{"arcs":[[308,309,310,311,-101,312,313,-84]],"type":"Polygon","properties":{"lc_ply_pid":"6962","dt_create":"2011-08-31Z","dt_retire":null,"loc_pid":"VIC2346","vic_locali":"2012-04-27Z","vic_loca_1":null,"vic_loca_2":"ST KILDA","vic_loca_3":null,"vic_loca_4":null,"vic_loca_5":"G","vic_loca_6":null,"vic_loca_7":"2"},"id":"ckan_af33dd8c_0534_4e18_9245_fc64440f742e.372"},{"arcs":[[314,315,316,317]],"type":"Polygon","properties":{"lc_ply_pid":"6958","dt_create":"2011-08-31Z","dt_retire":null,"loc_pid":"VIC251","vic_locali":"2012-04-27Z","vic_loca_1":null,"vic_loca_2":"BLACK ROCK","vic_loca_3":null,"vic_loca_4":null,"vic_loca_5":"G","vic_loca_6":null,"vic_loca_7":"2"},"id":"ckan_af33dd8c_0534_4e18_9245_fc64440f742e.376"},{"arcs":[[318,319,320]],"type":"Polygon","properties":{"lc_ply_pid":"6895","dt_create":"2011-08-31Z","dt_retire":null,"loc_pid":"VIC2504","vic_locali":"2012-04-27Z","vic_loca_1":null,"vic_loca_2":"THE PATCH","vic_loca_3":null,"vic_loca_4":null,"vic_loca_5":"G","vic_loca_6":null,"vic_loca_7":"2"},"id":"ckan_af33dd8c_0534_4e18_9245_fc64440f742e.393"},{"arcs":[[321,322,323,324]],"type":"Polygon","properties":{"lc_ply_pid":"8150","dt_create":"2011-08-31Z","dt_retire":null,"loc_pid":"VIC474","vic_locali":"2012-04-27Z","vic_loca_1":null,"vic_loca_2":"CAPE SCHANCK","vic_loca_3":null,"vic_loca_4":null,"vic_loca_5":"G","vic_loca_6":null,"vic_loca_7":"2"},"id":"ckan_af33dd8c_0534_4e18_9245_fc64440f742e.970"},{"arcs":[[325,326,327,328,329,330]],"type":"Polygon","properties":{"lc_ply_pid":"6991","dt_create":"2011-08-31Z","dt_retire":null,"loc_pid":"VIC323","vic_locali":"2012-04-27Z","vic_loca_1":null,"vic_loca_2":"BRAYBROOK","vic_loca_3":null,"vic_loca_4":null,"vic_loca_5":"G","vic_loca_6":null,"vic_loca_7":"2"},"id":"ckan_af33dd8c_0534_4e18_9245_fc64440f742e.380"},{"arcs":[[331,332,-234,333,334]],"type":"Polygon","properties":{"lc_ply_pid":"6992","dt_create":"2011-08-31Z","dt_retire":null,"loc_pid":"VIC2707","vic_locali":"2012-04-27Z","vic_loca_1":null,"vic_loca_2":"WARRANDYTE SOUTH","vic_loca_3":null,"vic_loca_4":null,"vic_loca_5":"G","vic_loca_6":null,"vic_loca_7":"2"},"id":"ckan_af33dd8c_0534_4e18_9245_fc64440f742e.381"},{"arcs":[[335,336,337]],"type":"Polygon","properties":{"lc_ply_pid":"7452","dt_create":"2011-08-31Z","dt_retire":null,"loc_pid":"VIC1725","vic_locali":"2012-04-27Z","vic_loca_1":null,"vic_loca_2":"MONOMEITH","vic_loca_3":null,"vic_loca_4":null,"vic_loca_5":"G","vic_loca_6":null,"vic_loca_7":"2"},"id":"ckan_af33dd8c_0534_4e18_9245_fc64440f742e.385"},{"arcs":[[338,339,340,341,342,343,-129]],"type":"Polygon","properties":{"lc_ply_pid":"10085","dt_create":"2015-05-21Z","dt_retire":null,"loc_pid":"VIC797","vic_locali":"2015-08-10Z","vic_loca_1":null,"vic_loca_2":"DRYSDALE","vic_loca_3":null,"vic_loca_4":null,"vic_loca_5":"G","vic_loca_6":null,"vic_loca_7":"2"},"id":"ckan_af33dd8c_0534_4e18_9245_fc64440f742e.390"},{"arcs":[[344,345,346,-113,347,-309,-83,348]],"type":"Polygon","properties":{"lc_ply_pid":"6872","dt_create":"2011-08-31Z","dt_retire":null,"loc_pid":"VIC2347","vic_locali":"2012-04-27Z","vic_loca_1":null,"vic_loca_2":"ST KILDA EAST","vic_loca_3":null,"vic_loca_4":null,"vic_loca_5":"G","vic_loca_6":null,"vic_loca_7":"2"},"id":"ckan_af33dd8c_0534_4e18_9245_fc64440f742e.391"},{"arcs":[[-208,349,350,351]],"type":"Polygon","properties":{"lc_ply_pid":"6897","dt_create":"2011-08-31Z","dt_retire":null,"loc_pid":"VIC994","vic_locali":"2012-04-27Z","vic_loca_1":null,"vic_loca_2":"GLADSTONE PARK","vic_loca_3":null,"vic_loca_4":null,"vic_loca_5":"G","vic_loca_6":null,"vic_loca_7":"2"},"id":"ckan_af33dd8c_0534_4e18_9245_fc64440f742e.394"},{"arcs":[[-242,352,353,-328,354]],"type":"Polygon","properties":{"lc_ply_pid":"6963","dt_create":"2011-08-31Z","dt_retire":null,"loc_pid":"VIC1570","vic_locali":"2012-04-27Z","vic_loca_1":null,"vic_loca_2":"MAIDSTONE","vic_loca_3":null,"vic_loca_4":null,"vic_loca_5":"G","vic_loca_6":null,"vic_loca_7":"2"},"id":"ckan_af33dd8c_0534_4e18_9245_fc64440f742e.395"},{"arcs":[[355,356,357,358,359]],"type":"Polygon","properties":{"lc_ply_pid":"7029","dt_create":"2011-08-31Z","dt_retire":null,"loc_pid":"VIC188","vic_locali":"2012-04-27Z","vic_loca_1":null,"vic_loca_2":"BELGRAVE","vic_loca_3":null,"vic_loca_4":null,"vic_loca_5":"G","vic_loca_6":null,"vic_loca_7":"2"},"id":"ckan_af33dd8c_0534_4e18_9245_fc64440f742e.399"},{"arcs":[[-140,360,-346,361,362,363,364]],"type":"Polygon","properties":{"lc_ply_pid":"7030","dt_create":"2011-08-31Z","dt_retire":null,"loc_pid":"VIC522","vic_locali":"2012-04-27Z","vic_loca_1":null,"vic_loca_2":"CAULFIELD NORTH","vic_loca_3":null,"vic_loca_4":null,"vic_loca_5":"G","vic_loca_6":null,"vic_loca_7":"2"},"id":"ckan_af33dd8c_0534_4e18_9245_fc64440f742e.400"},{"arcs":[[365,-147,-177,-179,366]],"type":"Polygon","properties":{"lc_ply_pid":"7032","dt_create":"2011-08-31Z","dt_retire":null,"loc_pid":"VIC778","vic_locali":"2012-04-27Z","vic_loca_1":null,"vic_loca_2":"DOVETON","vic_loca_3":null,"vic_loca_4":null,"vic_loca_5":"G","vic_loca_6":null,"vic_loca_7":"2"},"id":"ckan_af33dd8c_0534_4e18_9245_fc64440f742e.401"},{"arcs":[[-244,-90,367,368]],"type":"Polygon","properties":{"lc_ply_pid":"6807","dt_create":"2011-08-31Z","dt_retire":null,"loc_pid":"VIC3","vic_locali":"2012-04-27Z","vic_loca_1":null,"vic_loca_2":"ABERFELDIE","vic_loca_3":null,"vic_loca_4":null,"vic_loca_5":"G","vic_loca_6":null,"vic_loca_7":"2"},"id":"ckan_af33dd8c_0534_4e18_9245_fc64440f742e.409"},{"arcs":[[369,370,371,372]],"type":"Polygon","properties":{"lc_ply_pid":"7140","dt_create":"2011-08-31Z","dt_retire":null,"loc_pid":"VIC889","vic_locali":"2012-04-27Z","vic_loca_1":null,"vic_loca_2":"EXFORD","vic_loca_3":null,"vic_loca_4":null,"vic_loca_5":"G","vic_loca_6":null,"vic_loca_7":"2"},"id":"ckan_af33dd8c_0534_4e18_9245_fc64440f742e.405"},{"arcs":[[-108,373,374,375,376]],"type":"Polygon","properties":{"lc_ply_pid":"6805","dt_create":"2011-08-31Z","dt_retire":null,"loc_pid":"VIC2299","vic_locali":"2012-04-27Z","vic_loca_1":null,"vic_loca_2":"SMITHS BEACH","vic_loca_3":null,"vic_loca_4":null,"vic_loca_5":"G","vic_loca_6":null,"vic_loca_7":"2"},"id":"ckan_af33dd8c_0534_4e18_9245_fc64440f742e.407"},{"arcs":[[-210,377,378,379]],"type":"Polygon","properties":{"lc_ply_pid":"6966","dt_create":"2011-08-31Z","dt_retire":null,"loc_pid":"VIC527","vic_locali":"2012-04-27Z","vic_loca_1":null,"vic_loca_2":"CHADSTONE","vic_loca_3":null,"vic_loca_4":null,"vic_loca_5":"G","vic_loca_6":null,"vic_loca_7":"2"},"id":"ckan_af33dd8c_0534_4e18_9245_fc64440f742e.412"},{"arcs":[[380,381,382,383,384,-224]],"type":"Polygon","properties":{"lc_ply_pid":"7036","dt_create":"2011-08-31Z","dt_retire":null,"loc_pid":"VIC929","vic_locali":"2012-04-27Z","vic_loca_1":null,"vic_loca_2":"FOREST HILL","vic_loca_3":null,"vic_loca_4":null,"vic_loca_5":"G","vic_loca_6":null,"vic_loca_7":"2"},"id":"ckan_af33dd8c_0534_4e18_9245_fc64440f742e.419"},{"arcs":[[385,386,387]],"type":"Polygon","properties":{"lc_ply_pid":"7038","dt_create":"2011-08-31Z","dt_retire":null,"loc_pid":"VIC2223","vic_locali":"2012-04-27Z","vic_loca_1":null,"vic_loca_2":"RYTHDALE","vic_loca_3":null,"vic_loca_4":null,"vic_loca_5":"G","vic_loca_6":null,"vic_loca_7":"2"},"id":"ckan_af33dd8c_0534_4e18_9245_fc64440f742e.420"},{"arcs":[[388,389,390,391]],"type":"Polygon","properties":{"lc_ply_pid":"6881","dt_create":"2011-08-31Z","dt_retire":null,"loc_pid":"VIC1322","vic_locali":"2012-04-27Z","vic_loca_1":null,"vic_loca_2":"KENSINGTON","vic_loca_3":null,"vic_loca_4":null,"vic_loca_5":"G","vic_loca_6":null,"vic_loca_7":"2"},"id":"ckan_af33dd8c_0534_4e18_9245_fc64440f742e.439"},{"arcs":[[392,393,394,395,396]],"type":"Polygon","properties":{"lc_ply_pid":"6884","dt_create":"2011-08-31Z","dt_retire":null,"loc_pid":"VIC1997","vic_locali":"2012-04-27Z","vic_loca_1":null,"vic_loca_2":"OAKLEIGH EAST","vic_loca_3":null,"vic_loca_4":null,"vic_loca_5":"G","vic_loca_6":null,"vic_loca_7":"2"},"id":"ckan_af33dd8c_0534_4e18_9245_fc64440f742e.440"},{"arcs":[[397,-157,398,399]],"type":"Polygon","properties":{"lc_ply_pid":"9687","dt_create":"2012-11-19Z","dt_retire":null,"loc_pid":"VIC2955","vic_locali":"2013-01-23Z","vic_loca_1":null,"vic_loca_2":"ESSENDON FIELDS","vic_loca_3":null,"vic_loca_4":null,"vic_loca_5":"G","vic_loca_6":null,"vic_loca_7":"2"},"id":"ckan_af33dd8c_0534_4e18_9245_fc64440f742e.422"},{"arcs":[[400,401,402,403,404]],"type":"Polygon","properties":{"lc_ply_pid":"6886","dt_create":"2011-08-31Z","dt_retire":null,"loc_pid":"VIC842","vic_locali":"2012-04-27Z","vic_loca_1":null,"vic_loca_2":"EDITHVALE","vic_loca_3":null,"vic_loca_4":null,"vic_loca_5":"G","vic_loca_6":null,"vic_loca_7":"2"},"id":"ckan_af33dd8c_0534_4e18_9245_fc64440f742e.441"},{"arcs":[[405,406,407,-9,408]],"type":"Polygon","properties":{"lc_ply_pid":"9655","dt_create":"2012-11-19Z","dt_retire":null,"loc_pid":"VIC2195","vic_locali":"2013-01-23Z","vic_loca_1":null,"vic_loca_2":"ROSANNA","vic_loca_3":null,"vic_loca_4":null,"vic_loca_5":"G","vic_loca_6":null,"vic_loca_7":"2"},"id":"ckan_af33dd8c_0534_4e18_9245_fc64440f742e.426"},{"arcs":[[409,410,411,412,413]],"type":"Polygon","properties":{"lc_ply_pid":"10212","dt_create":"2015-12-04Z","dt_retire":null,"loc_pid":"VIC2453","vic_locali":"2016-01-25Z","vic_loca_1":null,"vic_loca_2":"TARNEIT","vic_loca_3":null,"vic_loca_4":null,"vic_loca_5":"G","vic_loca_6":null,"vic_loca_7":"2"},"id":"ckan_af33dd8c_0534_4e18_9245_fc64440f742e.432"},{"arcs":[[-264,414,-373,415,416]],"type":"Polygon","properties":{"lc_ply_pid":"10203","dt_create":"2015-12-04Z","dt_retire":null,"loc_pid":"VIC2035","vic_locali":"2016-01-25Z","vic_loca_1":null,"vic_loca_2":"PARWAN","vic_loca_3":null,"vic_loca_4":null,"vic_loca_5":"G","vic_loca_6":null,"vic_loca_7":"2"},"id":"ckan_af33dd8c_0534_4e18_9245_fc64440f742e.435"},{"arcs":[[417,418,419,420,421]],"type":"Polygon","properties":{"lc_ply_pid":"6987","dt_create":"2011-08-31Z","dt_retire":null,"loc_pid":"VIC1157","vic_locali":"2012-04-27Z","vic_loca_1":null,"vic_loca_2":"HEATHMONT","vic_loca_3":null,"vic_loca_4":null,"vic_loca_5":"G","vic_loca_6":null,"vic_loca_7":"2"},"id":"ckan_af33dd8c_0534_4e18_9245_fc64440f742e.444"},{"arcs":[[422,423]],"type":"Polygon","properties":{"lc_ply_pid":"6789","dt_create":"2011-08-31Z","dt_retire":null,"loc_pid":"VIC2254","vic_locali":"2012-04-27Z","vic_loca_1":null,"vic_loca_2":"SEAHOLME","vic_loca_3":null,"vic_loca_4":null,"vic_loca_5":"G","vic_loca_6":null,"vic_loca_7":"2"},"id":"ckan_af33dd8c_0534_4e18_9245_fc64440f742e.459"},{"arcs":[[424,425,426,427]],"type":"Polygon","properties":{"lc_ply_pid":"6888","dt_create":"2011-08-31Z","dt_retire":null,"loc_pid":"VIC1206","vic_locali":"2012-04-27Z","vic_loca_1":null,"vic_loca_2":"HUGHESDALE","vic_loca_3":null,"vic_loca_4":null,"vic_loca_5":"G","vic_loca_6":null,"vic_loca_7":"2"},"id":"ckan_af33dd8c_0534_4e18_9245_fc64440f742e.461"},{"arcs":[[428,429,-350]],"type":"Polygon","properties":{"lc_ply_pid":"6797","dt_create":"2011-08-31Z","dt_retire":null,"loc_pid":"VIC1241","vic_locali":"2012-04-27Z","vic_loca_1":null,"vic_loca_2":"JACANA","vic_loca_3":null,"vic_loca_4":null,"vic_loca_5":"G","vic_loca_6":null,"vic_loca_7":"2"},"id":"ckan_af33dd8c_0534_4e18_9245_fc64440f742e.489"},{"arcs":[[430,-392,431,432,433]],"type":"Polygon","properties":{"lc_ply_pid":"6893","dt_create":"2011-08-31Z","dt_retire":null,"loc_pid":"VIC1962","vic_locali":"2012-04-27Z","vic_loca_1":null,"vic_loca_2":"NORTH MELBOURNE","vic_loca_3":null,"vic_loca_4":null,"vic_loca_5":"G","vic_loca_6":null,"vic_loca_7":"2"},"id":"ckan_af33dd8c_0534_4e18_9245_fc64440f742e.466"},{"arcs":[[434,435,-199,436]],"type":"Polygon","properties":{"lc_ply_pid":"6887","dt_create":"2011-08-31Z","dt_retire":null,"loc_pid":"VIC62","vic_locali":"2012-04-27Z","vic_loca_1":null,"vic_loca_2":"ARDEER","vic_loca_3":null,"vic_loca_4":null,"vic_loca_5":"G","vic_loca_6":null,"vic_loca_7":"2"},"id":"ckan_af33dd8c_0534_4e18_9245_fc64440f742e.467"},{"arcs":[[437,438,439,440]],"type":"Polygon","properties":{"lc_ply_pid":"7018","dt_create":"2011-08-31Z","dt_retire":null,"loc_pid":"VIC1619","vic_locali":"2012-04-27Z","vic_loca_1":null,"vic_loca_2":"MCCRAE","vic_loca_3":null,"vic_loca_4":null,"vic_loca_5":"G","vic_loca_6":null,"vic_loca_7":"2"},"id":"ckan_af33dd8c_0534_4e18_9245_fc64440f742e.483"},{"arcs":[[441,442,443,-353,-241,444,445,-390,446]],"type":"Polygon","properties":{"lc_ply_pid":"10450","dt_create":"2016-12-16Z","dt_retire":null,"loc_pid":"VIC927","vic_locali":"2017-02-02Z","vic_loca_1":null,"vic_loca_2":"FOOTSCRAY","vic_loca_3":null,"vic_loca_4":null,"vic_loca_5":"G","vic_loca_6":null,"vic_loca_7":"2"},"id":"ckan_af33dd8c_0534_4e18_9245_fc64440f742e.463"},{"arcs":[[447,448,449,-192,450,451]],"type":"Polygon","properties":{"lc_ply_pid":"7019","dt_create":"2011-08-31Z","dt_retire":null,"loc_pid":"VIC1155","vic_locali":"2012-04-27Z","vic_loca_1":null,"vic_loca_2":"HEATHERTON","vic_loca_3":null,"vic_loca_4":null,"vic_loca_5":"G","vic_loca_6":null,"vic_loca_7":"2"},"id":"ckan_af33dd8c_0534_4e18_9245_fc64440f742e.484"},{"arcs":[[-238,452,453,454]],"type":"Polygon","properties":{"lc_ply_pid":"6792","dt_create":"2011-08-31Z","dt_retire":null,"loc_pid":"VIC1124","vic_locali":"2012-04-27Z","vic_loca_1":null,"vic_loca_2":"HAMPTON EAST","vic_loca_3":null,"vic_loca_4":null,"vic_loca_5":"G","vic_loca_6":null,"vic_loca_7":"2"},"id":"ckan_af33dd8c_0534_4e18_9245_fc64440f742e.475"},{"arcs":[[455,456,457,458,459]],"type":"Polygon","properties":{"lc_ply_pid":"6793","dt_create":"2011-08-31Z","dt_retire":null,"loc_pid":"VIC916","vic_locali":"2012-04-27Z","vic_loca_1":null,"vic_loca_2":"FITZROY","vic_loca_3":null,"vic_loca_4":null,"vic_loca_5":"G","vic_loca_6":null,"vic_loca_7":"2"},"id":"ckan_af33dd8c_0534_4e18_9245_fc64440f742e.476"},{"arcs":[[460,461,462,-351]],"type":"Polygon","properties":{"lc_ply_pid":"6795","dt_create":"2011-08-31Z","dt_retire":null,"loc_pid":"VIC1070","vic_locali":"2012-04-27Z","vic_loca_1":null,"vic_loca_2":"GOWANBRAE","vic_loca_3":null,"vic_loca_4":null,"vic_loca_5":"G","vic_loca_6":null,"vic_loca_7":"2"},"id":"ckan_af33dd8c_0534_4e18_9245_fc64440f742e.478"},{"arcs":[[-276,463,-289,464,-460]],"type":"Polygon","properties":{"lc_ply_pid":"6796","dt_create":"2011-08-31Z","dt_retire":null,"loc_pid":"VIC613","vic_locali":"2012-04-27Z","vic_loca_1":null,"vic_loca_2":"COLLINGWOOD","vic_loca_3":null,"vic_loca_4":null,"vic_loca_5":"G","vic_loca_6":null,"vic_loca_7":"2"},"id":"ckan_af33dd8c_0534_4e18_9245_fc64440f742e.479"},{"arcs":[[465,466,467,468,469,470]],"type":"Polygon","properties":{"lc_ply_pid":"6896","dt_create":"2011-08-31Z","dt_retire":null,"loc_pid":"VIC497","vic_locali":"2012-04-27Z","vic_loca_1":null,"vic_loca_2":"CARNEGIE","vic_loca_3":null,"vic_loca_4":null,"vic_loca_5":"G","vic_loca_6":null,"vic_loca_7":"2"},"id":"ckan_af33dd8c_0534_4e18_9245_fc64440f742e.481"},{"arcs":[[471,472,473,474,475]],"type":"Polygon","properties":{"lc_ply_pid":"10446","dt_create":"2016-12-16Z","dt_retire":null,"loc_pid":"VIC1471","vic_locali":"2017-02-02Z","vic_loca_1":null,"vic_loca_2":"LAVERTON","vic_loca_3":null,"vic_loca_4":null,"vic_loca_5":"G","vic_loca_6":null,"vic_loca_7":"2"},"id":"ckan_af33dd8c_0534_4e18_9245_fc64440f742e.486"},{"arcs":[[-21,476]],"type":"Polygon","properties":{"lc_ply_pid":"6799","dt_create":"2011-08-31Z","dt_retire":null,"loc_pid":"VIC1358","vic_locali":"2012-04-27Z","vic_loca_1":null,"vic_loca_2":"KINGSBURY","vic_loca_3":null,"vic_loca_4":null,"vic_loca_5":"G","vic_loca_6":null,"vic_loca_7":"2"},"id":"ckan_af33dd8c_0534_4e18_9245_fc64440f742e.492"},{"arcs":[[477,-469,478,-141,-365]],"type":"Polygon","properties":{"lc_ply_pid":"6800","dt_create":"2011-08-31Z","dt_retire":null,"loc_pid":"VIC521","vic_locali":"2012-04-27Z","vic_loca_1":null,"vic_loca_2":"CAULFIELD EAST","vic_loca_3":null,"vic_loca_4":null,"vic_loca_5":"G","vic_loca_6":null,"vic_loca_7":"2"},"id":"ckan_af33dd8c_0534_4e18_9245_fc64440f742e.494"},{"arcs":[[-374,-107,479,480]],"type":"Polygon","properties":{"lc_ply_pid":"6801","dt_create":"2011-08-31Z","dt_retire":null,"loc_pid":"VIC2396","vic_locali":"2012-04-27Z","vic_loca_1":null,"vic_loca_2":"SUNDERLAND BAY","vic_loca_3":null,"vic_loca_4":null,"vic_loca_5":"G","vic_loca_6":null,"vic_loca_7":"2"},"id":"ckan_af33dd8c_0534_4e18_9245_fc64440f742e.495"},{"arcs":[[-329,-354,-444,481,482,483,484]],"type":"Polygon","properties":{"lc_ply_pid":"10443","dt_create":"2016-12-16Z","dt_retire":null,"loc_pid":"VIC2759","vic_locali":"2017-02-02Z","vic_loca_1":null,"vic_loca_2":"WEST FOOTSCRAY","vic_loca_3":null,"vic_loca_4":null,"vic_loca_5":"G","vic_loca_6":null,"vic_loca_7":"2"},"id":"ckan_af33dd8c_0534_4e18_9245_fc64440f742e.497"},{"arcs":[[-201,485,486,487,488]],"type":"Polygon","properties":{"lc_ply_pid":"6868","dt_create":"2011-08-31Z","dt_retire":null,"loc_pid":"VIC16","vic_locali":"2012-04-27Z","vic_loca_1":null,"vic_loca_2":"ALBANVALE","vic_loca_3":null,"vic_loca_4":null,"vic_loca_5":"G","vic_loca_6":null,"vic_loca_7":"2"},"id":"ckan_af33dd8c_0534_4e18_9245_fc64440f742e.499"},{"arcs":[[489,490,491,492]],"type":"Polygon","properties":{"lc_ply_pid":"7025","dt_create":"2011-08-31Z","dt_retire":null,"loc_pid":"VIC745","vic_locali":"2012-04-27Z","vic_loca_1":null,"vic_loca_2":"DEWHURST","vic_loca_3":null,"vic_loca_4":null,"vic_loca_5":"G","vic_loca_6":null,"vic_loca_7":"2"},"id":"ckan_af33dd8c_0534_4e18_9245_fc64440f742e.504"},{"arcs":[[493,494,495,496]],"type":"Polygon","properties":{"lc_ply_pid":"6776","dt_create":"2011-08-31Z","dt_retire":null,"loc_pid":"VIC1623","vic_locali":"2012-04-27Z","vic_loca_1":null,"vic_loca_2":"MCKINNON","vic_loca_3":null,"vic_loca_4":null,"vic_loca_5":"G","vic_loca_6":null,"vic_loca_7":"2"},"id":"ckan_af33dd8c_0534_4e18_9245_fc64440f742e.505"},{"arcs":[[497,498,499,-330,-485]],"type":"Polygon","properties":{"lc_ply_pid":"10444","dt_create":"2016-12-16Z","dt_retire":null,"loc_pid":"VIC2559","vic_locali":"2017-02-02Z","vic_loca_1":null,"vic_loca_2":"TOTTENHAM","vic_loca_3":null,"vic_loca_4":null,"vic_loca_5":"G","vic_loca_6":null,"vic_loca_7":"2"},"id":"ckan_af33dd8c_0534_4e18_9245_fc64440f742e.506"},{"arcs":[[500,-425,501,-379,502,-394,503]],"type":"Polygon","properties":{"lc_ply_pid":"6935","dt_create":"2011-08-31Z","dt_retire":null,"loc_pid":"VIC1996","vic_locali":"2012-04-27Z","vic_loca_1":null,"vic_loca_2":"OAKLEIGH","vic_loca_3":null,"vic_loca_4":null,"vic_loca_5":"G","vic_loca_6":null,"vic_loca_7":"2"},"id":"ckan_af33dd8c_0534_4e18_9245_fc64440f742e.542"},{"arcs":[[504,-422,505,506,507]],"type":"Polygon","properties":{"lc_ply_pid":"10208","dt_create":"2015-12-04Z","dt_retire":null,"loc_pid":"VIC173","vic_locali":"2016-01-25Z","vic_loca_1":null,"vic_loca_2":"BAYSWATER","vic_loca_3":null,"vic_loca_4":null,"vic_loca_5":"G","vic_loca_6":null,"vic_loca_7":"2"},"id":"ckan_af33dd8c_0534_4e18_9245_fc64440f742e.523"},{"arcs":[[508,509,-498,-484,510,511,-442,512,513,514]],"type":"Polygon","properties":{"lc_ply_pid":"10532","dt_create":"2017-02-27Z","dt_retire":null,"loc_pid":"VIC2918","vic_locali":"2017-05-02Z","vic_loca_1":null,"vic_loca_2":"YARRAVILLE","vic_loca_3":null,"vic_loca_4":null,"vic_loca_5":"G","vic_loca_6":null,"vic_loca_7":"2"},"id":"ckan_af33dd8c_0534_4e18_9245_fc64440f742e.516"},{"arcs":[[515,-85,-314,516,517,518,-258,519,-434,520,521,522,-287,523,524]],"type":"Polygon","properties":{"lc_ply_pid":"10519","dt_create":"2017-02-27Z","dt_retire":null,"loc_pid":"VIC1634","vic_locali":"2017-05-02Z","vic_loca_1":null,"vic_loca_2":"MELBOURNE","vic_loca_3":null,"vic_loca_4":null,"vic_loca_5":"G","vic_loca_6":null,"vic_loca_7":"2"},"id":"ckan_af33dd8c_0534_4e18_9245_fc64440f742e.517"},{"arcs":[[-369,525,526,527,-245]],"type":"Polygon","properties":{"lc_ply_pid":"10518","dt_create":"2017-02-27Z","dt_retire":null,"loc_pid":"VIC1736","vic_locali":"2017-05-02Z","vic_loca_1":null,"vic_loca_2":"MOONEE PONDS","vic_loca_3":null,"vic_loca_4":null,"vic_loca_5":"G","vic_loca_6":null,"vic_loca_7":"2"},"id":"ckan_af33dd8c_0534_4e18_9245_fc64440f742e.518"},{"arcs":[[-49,528,529,-461,-430,530,531,532]],"type":"Polygon","properties":{"lc_ply_pid":"10558","dt_create":"2017-02-27Z","dt_retire":null,"loc_pid":"VIC1037","vic_locali":"2017-05-02Z","vic_loca_1":null,"vic_loca_2":"GLENROY","vic_loca_3":null,"vic_loca_4":null,"vic_loca_5":"G","vic_loca_6":null,"vic_loca_7":"2"},"id":"ckan_af33dd8c_0534_4e18_9245_fc64440f742e.519"},{"arcs":[[-78,-219,533,534,-403,535]],"type":"Polygon","properties":{"lc_ply_pid":"6936","dt_create":"2011-08-31Z","dt_retire":null,"loc_pid":"VIC536","vic_locali":"2012-04-27Z","vic_loca_1":null,"vic_loca_2":"CHELSEA HEIGHTS","vic_loca_3":null,"vic_loca_4":null,"vic_loca_5":"G","vic_loca_6":null,"vic_loca_7":"2"},"id":"ckan_af33dd8c_0534_4e18_9245_fc64440f742e.543"},{"arcs":[[536,537,538,539,540]],"type":"Polygon","properties":{"lc_ply_pid":"7094","dt_create":"2011-08-31Z","dt_retire":null,"loc_pid":"VIC261","vic_locali":"2012-04-27Z","vic_loca_1":null,"vic_loca_2":"BLIND BIGHT","vic_loca_3":null,"vic_loca_4":null,"vic_loca_5":"G","vic_loca_6":null,"vic_loca_7":"2"},"id":"ckan_af33dd8c_0534_4e18_9245_fc64440f742e.544"},{"arcs":[[541,542,543]],"type":"Polygon","properties":{"lc_ply_pid":"7086","dt_create":"2011-08-31Z","dt_retire":null,"loc_pid":"VIC207","vic_locali":"2012-04-27Z","vic_loca_1":null,"vic_loca_2":"BEND OF ISLANDS","vic_loca_3":null,"vic_loca_4":null,"vic_loca_5":"G","vic_loca_6":null,"vic_loca_7":"2"},"id":"ckan_af33dd8c_0534_4e18_9245_fc64440f742e.527"},{"arcs":[[544,-196,545,546,547]],"type":"Polygon","properties":{"lc_ply_pid":"7088","dt_create":"2011-08-31Z","dt_retire":null,"loc_pid":"VIC2623","vic_locali":"2012-04-27Z","vic_loca_1":null,"vic_loca_2":"UPWEY","vic_loca_3":null,"vic_loca_4":null,"vic_loca_5":"G","vic_loca_6":null,"vic_loca_7":"2"},"id":"ckan_af33dd8c_0534_4e18_9245_fc64440f742e.529"},{"arcs":[[-225,-385,548,549,550,551]],"type":"Polygon","properties":{"lc_ply_pid":"7090","dt_create":"2011-08-31Z","dt_retire":null,"loc_pid":"VIC2631","vic_locali":"2012-04-27Z","vic_loca_1":null,"vic_loca_2":"VERMONT SOUTH","vic_loca_3":null,"vic_loca_4":null,"vic_loca_5":"G","vic_loca_6":null,"vic_loca_7":"2"},"id":"ckan_af33dd8c_0534_4e18_9245_fc64440f742e.531"},{"arcs":[[552,553,554,-381,-223]],"type":"Polygon","properties":{"lc_ply_pid":"6905","dt_create":"2011-08-31Z","dt_retire":null,"loc_pid":"VIC254","vic_locali":"2012-04-27Z","vic_loca_1":null,"vic_loca_2":"BLACKBURN SOUTH","vic_loca_3":null,"vic_loca_4":null,"vic_loca_5":"G","vic_loca_6":null,"vic_loca_7":"2"},"id":"ckan_af33dd8c_0534_4e18_9245_fc64440f742e.540"},{"arcs":[[-554,555,-69,556]],"type":"Polygon","properties":{"lc_ply_pid":"6934","dt_create":"2011-08-31Z","dt_retire":null,"loc_pid":"VIC315","vic_locali":"2012-04-27Z","vic_loca_1":null,"vic_loca_2":"BOX HILL SOUTH","vic_loca_3":null,"vic_loca_4":null,"vic_loca_5":"G","vic_loca_6":null,"vic_loca_7":"2"},"id":"ckan_af33dd8c_0534_4e18_9245_fc64440f742e.541"},{"arcs":[[557,558]],"type":"Polygon","properties":{"lc_ply_pid":"6912","dt_create":"2011-08-31Z","dt_retire":null,"loc_pid":"VIC570","vic_locali":"2012-04-27Z","vic_loca_1":null,"vic_loca_2":"CLEMATIS","vic_loca_3":null,"vic_loca_4":null,"vic_loca_5":"G","vic_loca_6":null,"vic_loca_7":"2"},"id":"ckan_af33dd8c_0534_4e18_9245_fc64440f742e.560"},{"arcs":[[559,560,561]],"type":"Polygon","properties":{"lc_ply_pid":"7096","dt_create":"2011-08-31Z","dt_retire":null,"loc_pid":"VIC2224","vic_locali":"2012-04-27Z","vic_loca_1":null,"vic_loca_2":"SAFETY BEACH","vic_loca_3":null,"vic_loca_4":null,"vic_loca_5":"G","vic_loca_6":null,"vic_loca_7":"2"},"id":"ckan_af33dd8c_0534_4e18_9245_fc64440f742e.546"},{"arcs":[[562,563,564,565,566,567,568]],"type":"Polygon","properties":{"lc_ply_pid":"7099","dt_create":"2011-08-31Z","dt_retire":null,"loc_pid":"VIC248","vic_locali":"2012-04-27Z","vic_loca_1":null,"vic_loca_2":"BITTERN","vic_loca_3":null,"vic_loca_4":null,"vic_loca_5":"G","vic_loca_6":null,"vic_loca_7":"2"},"id":"ckan_af33dd8c_0534_4e18_9245_fc64440f742e.548"},{"arcs":[[-464,-275,569,570,-290]],"type":"Polygon","properties":{"lc_ply_pid":"6916","dt_create":"2011-08-31Z","dt_retire":null,"loc_pid":"VIC2","vic_locali":"2012-04-27Z","vic_loca_1":null,"vic_loca_2":"ABBOTSFORD","vic_loca_3":null,"vic_loca_4":null,"vic_loca_5":"G","vic_loca_6":null,"vic_loca_7":"2"},"id":"ckan_af33dd8c_0534_4e18_9245_fc64440f742e.556"},{"arcs":[[571,572,-249,573,574]],"type":"Polygon","properties":{"lc_ply_pid":"6940","dt_create":"2011-08-31Z","dt_retire":null,"loc_pid":"VIC622","vic_locali":"2012-04-27Z","vic_loca_1":null,"vic_loca_2":"COOLAROO","vic_loca_3":null,"vic_loca_4":null,"vic_loca_5":"G","vic_loca_6":null,"vic_loca_7":"2"},"id":"ckan_af33dd8c_0534_4e18_9245_fc64440f742e.565"},{"arcs":[[575,-401,576,-294]],"type":"Polygon","properties":{"lc_ply_pid":"6944","dt_create":"2011-08-31Z","dt_retire":null,"loc_pid":"VIC78","vic_locali":"2012-04-27Z","vic_loca_1":null,"vic_loca_2":"ASPENDALE","vic_loca_3":null,"vic_loca_4":null,"vic_loca_5":"G","vic_loca_6":null,"vic_loca_7":"2"},"id":"ckan_af33dd8c_0534_4e18_9245_fc64440f742e.566"},{"arcs":[[577,578,579,580,-476]],"type":"Polygon","properties":{"lc_ply_pid":"10422","dt_create":"2016-12-16Z","dt_retire":null,"loc_pid":"VIC2948","vic_locali":"2017-02-02Z","vic_loca_1":null,"vic_loca_2":"WILLIAMS LANDING","vic_loca_3":null,"vic_loca_4":null,"vic_loca_5":"G","vic_loca_6":null,"vic_loca_7":"2"},"id":"ckan_af33dd8c_0534_4e18_9245_fc64440f742e.550"},{"arcs":[[581,582,583]],"type":"Polygon","properties":{"lc_ply_pid":"6917","dt_create":"2011-08-31Z","dt_retire":null,"loc_pid":"VIC2287","vic_locali":"2012-04-27Z","vic_loca_1":null,"vic_loca_2":"SILVERLEAVES","vic_loca_3":null,"vic_loca_4":null,"vic_loca_5":"G","vic_loca_6":null,"vic_loca_7":"2"},"id":"ckan_af33dd8c_0534_4e18_9245_fc64440f742e.557"},{"arcs":[[584,585]],"type":"Polygon","properties":{"lc_ply_pid":"6909","dt_create":"2011-08-31Z","dt_retire":null,"loc_pid":"VIC2393","vic_locali":"2012-04-27Z","vic_loca_1":null,"vic_loca_2":"SUMMERLANDS","vic_loca_3":null,"vic_loca_4":null,"vic_loca_5":"G","vic_loca_6":null,"vic_loca_7":"2"},"id":"ckan_af33dd8c_0534_4e18_9245_fc64440f742e.558"},{"arcs":[[-296,586,587]],"type":"Polygon","properties":{"lc_ply_pid":"6911","dt_create":"2011-08-31Z","dt_retire":null,"loc_pid":"VIC2033","vic_locali":"2012-04-27Z","vic_loca_1":null,"vic_loca_2":"PARKDALE","vic_loca_3":null,"vic_loca_4":null,"vic_loca_5":"G","vic_loca_6":null,"vic_loca_7":"2"},"id":"ckan_af33dd8c_0534_4e18_9245_fc64440f742e.559"},{"arcs":[[-195,588,-356,589,590,-546]],"type":"Polygon","properties":{"lc_ply_pid":"6913","dt_create":"2011-08-31Z","dt_retire":null,"loc_pid":"VIC2478","vic_locali":"2012-04-27Z","vic_loca_1":null,"vic_loca_2":"TECOMA","vic_loca_3":null,"vic_loca_4":null,"vic_loca_5":"G","vic_loca_6":null,"vic_loca_7":"2"},"id":"ckan_af33dd8c_0534_4e18_9245_fc64440f742e.561"},{"arcs":[[591,-282,-142,-479,-468]],"type":"Polygon","properties":{"lc_ply_pid":"6840","dt_create":"2011-08-31Z","dt_retire":null,"loc_pid":"VIC1000","vic_locali":"2012-04-27Z","vic_loca_1":null,"vic_loca_2":"GLEN HUNTLY","vic_loca_3":null,"vic_loca_4":null,"vic_loca_5":"G","vic_loca_6":null,"vic_loca_7":"2"},"id":"ckan_af33dd8c_0534_4e18_9245_fc64440f742e.606"},{"arcs":[[592,593,-298]],"type":"Polygon","properties":{"lc_ply_pid":"6914","dt_create":"2011-08-31Z","dt_retire":null,"loc_pid":"VIC2727","vic_locali":"2012-04-27Z","vic_loca_1":null,"vic_loca_2":"WATSONS CREEK","vic_loca_3":null,"vic_loca_4":null,"vic_loca_5":"G","vic_loca_6":null,"vic_loca_7":"2"},"id":"ckan_af33dd8c_0534_4e18_9245_fc64440f742e.562"},{"arcs":[[594,595,596]],"type":"Polygon","properties":{"lc_ply_pid":"6915","dt_create":"2011-08-31Z","dt_retire":null,"loc_pid":"VIC2795","vic_locali":"2012-04-27Z","vic_loca_1":null,"vic_loca_2":"WILLIAMSTOWN NORTH","vic_loca_3":null,"vic_loca_4":null,"vic_loca_5":"G","vic_loca_6":null,"vic_loca_7":"2"},"id":"ckan_af33dd8c_0534_4e18_9245_fc64440f742e.563"},{"arcs":[[597,-235,-333,598,599]],"type":"Polygon","properties":{"lc_ply_pid":"6942","dt_create":"2011-08-31Z","dt_retire":null,"loc_pid":"VIC2708","vic_locali":"2012-04-27Z","vic_loca_1":null,"vic_loca_2":"WARRANWOOD","vic_loca_3":null,"vic_loca_4":null,"vic_loca_5":"G","vic_loca_6":null,"vic_loca_7":"2"},"id":"ckan_af33dd8c_0534_4e18_9245_fc64440f742e.564"},{"arcs":[[600]],"type":"Polygon","properties":{"lc_ply_pid":"9830","dt_create":"2013-08-26Z","dt_retire":null,"loc_pid":"VIC943","vic_locali":"2013-10-31Z","vic_loca_1":null,"vic_loca_2":"FRENCH ISLAND","vic_loca_3":null,"vic_loca_4":null,"vic_loca_5":"G","vic_loca_6":null,"vic_loca_7":"2"},"id":"ckan_af33dd8c_0534_4e18_9245_fc64440f742e.570"},{"arcs":[[601,602,603,604]],"type":"Polygon","properties":{"lc_ply_pid":"9835","dt_create":"2013-08-26Z","dt_retire":null,"loc_pid":"VIC2754","vic_locali":"2013-10-31Z","vic_loca_1":null,"vic_loca_2":"WERRIBEE SOUTH","vic_loca_3":null,"vic_loca_4":null,"vic_loca_5":"G","vic_loca_6":null,"vic_loca_7":"2"},"id":"ckan_af33dd8c_0534_4e18_9245_fc64440f742e.575"},{"arcs":[[-578,-475,605,606,607,608,-605,609,610]],"type":"Polygon","properties":{"lc_ply_pid":"9837","dt_create":"2013-08-26Z","dt_retire":null,"loc_pid":"VIC2082","vic_locali":"2013-10-31Z","vic_loca_1":null,"vic_loca_2":"POINT COOK","vic_loca_3":null,"vic_loca_4":null,"vic_loca_5":"G","vic_loca_6":null,"vic_loca_7":"2"},"id":"ckan_af33dd8c_0534_4e18_9245_fc64440f742e.576"},{"arcs":[[611,612,613,-515]],"type":"Polygon","properties":{"lc_ply_pid":"9777","dt_create":"2013-08-26Z","dt_retire":null,"loc_pid":"VIC2324","vic_locali":"2013-10-31Z","vic_loca_1":null,"vic_loca_2":"SPOTSWOOD","vic_loca_3":null,"vic_loca_4":null,"vic_loca_5":"G","vic_loca_6":null,"vic_loca_7":"2"},"id":"ckan_af33dd8c_0534_4e18_9245_fc64440f742e.585"},{"arcs":[[-596,614,615,-613,616,617,618]],"type":"Polygon","properties":{"lc_ply_pid":"9778","dt_create":"2013-08-26Z","dt_retire":null,"loc_pid":"VIC1930","vic_locali":"2013-10-31Z","vic_loca_1":null,"vic_loca_2":"NEWPORT","vic_loca_3":null,"vic_loca_4":null,"vic_loca_5":"G","vic_loca_6":null,"vic_loca_7":"2"},"id":"ckan_af33dd8c_0534_4e18_9245_fc64440f742e.586"},{"arcs":[[619,-511,-483]],"type":"Polygon","properties":{"lc_ply_pid":"6845","dt_create":"2011-08-31Z","dt_retire":null,"loc_pid":"VIC1360","vic_locali":"2012-04-27Z","vic_loca_1":null,"vic_loca_2":"KINGSVILLE","vic_loca_3":null,"vic_loca_4":null,"vic_loca_5":"G","vic_loca_6":null,"vic_loca_7":"2"},"id":"ckan_af33dd8c_0534_4e18_9245_fc64440f742e.620"},{"arcs":[[620,621,-557,-68,-270]],"type":"Polygon","properties":{"lc_ply_pid":"6968","dt_create":"2011-08-31Z","dt_retire":null,"loc_pid":"VIC313","vic_locali":"2012-04-27Z","vic_loca_1":null,"vic_loca_2":"BOX HILL","vic_loca_3":null,"vic_loca_4":null,"vic_loca_5":"G","vic_loca_6":null,"vic_loca_7":"2"},"id":"ckan_af33dd8c_0534_4e18_9245_fc64440f742e.594"},{"arcs":[[622,-226,623,624]],"type":"Polygon","properties":{"lc_ply_pid":"7000","dt_create":"2011-08-31Z","dt_retire":null,"loc_pid":"VIC940","vic_locali":"2012-04-27Z","vic_loca_1":null,"vic_loca_2":"FRANKSTON NORTH","vic_loca_3":null,"vic_loca_4":null,"vic_loca_5":"G","vic_loca_6":null,"vic_loca_7":"2"},"id":"ckan_af33dd8c_0534_4e18_9245_fc64440f742e.596"},{"arcs":[[625,626,-383,627,628,629]],"type":"Polygon","properties":{"lc_ply_pid":"7004","dt_create":"2011-08-31Z","dt_retire":null,"loc_pid":"VIC1981","vic_locali":"2012-04-27Z","vic_loca_1":null,"vic_loca_2":"NUNAWADING","vic_loca_3":null,"vic_loca_4":null,"vic_loca_5":"G","vic_loca_6":null,"vic_loca_7":"2"},"id":"ckan_af33dd8c_0534_4e18_9245_fc64440f742e.598"},{"arcs":[[630,631,632,633,634]],"type":"Polygon","properties":{"lc_ply_pid":"6947","dt_create":"2011-08-31Z","dt_retire":null,"loc_pid":"VIC2553","vic_locali":"2012-04-27Z","vic_loca_1":null,"vic_loca_2":"TOOTGAROOK","vic_loca_3":null,"vic_loca_4":null,"vic_loca_5":"G","vic_loca_6":null,"vic_loca_7":"2"},"id":"ckan_af33dd8c_0534_4e18_9245_fc64440f742e.595"},{"arcs":[[635,636,637,-97,638,639,640]],"type":"Polygon","properties":{"lc_ply_pid":"7933","dt_create":"2011-08-31Z","dt_retire":null,"loc_pid":"VIC1748","vic_locali":"2012-04-27Z","vic_loca_1":null,"vic_loca_2":"MOOROODUC","vic_loca_3":null,"vic_loca_4":null,"vic_loca_5":"G","vic_loca_6":null,"vic_loca_7":"2"},"id":"ckan_af33dd8c_0534_4e18_9245_fc64440f742e.1151"},{"arcs":[[641,642,643,644]],"type":"Polygon","properties":{"lc_ply_pid":"7006","dt_create":"2011-08-31Z","dt_retire":null,"loc_pid":"VIC258","vic_locali":"2012-04-27Z","vic_loca_1":null,"vic_loca_2":"BLAIRGOWRIE","vic_loca_3":null,"vic_loca_4":null,"vic_loca_5":"G","vic_loca_6":null,"vic_loca_7":"2"},"id":"ckan_af33dd8c_0534_4e18_9245_fc64440f742e.600"},{"arcs":[[-459,645,646,647,-272]],"type":"Polygon","properties":{"lc_ply_pid":"6834","dt_create":"2011-08-31Z","dt_retire":null,"loc_pid":"VIC917","vic_locali":"2012-04-27Z","vic_loca_1":null,"vic_loca_2":"FITZROY NORTH","vic_loca_3":null,"vic_loca_4":null,"vic_loca_5":"G","vic_loca_6":null,"vic_loca_7":"2"},"id":"ckan_af33dd8c_0534_4e18_9245_fc64440f742e.602"},{"arcs":[[648,649,-437,650]],"type":"Polygon","properties":{"lc_ply_pid":"6835","dt_create":"2011-08-31Z","dt_retire":null,"loc_pid":"VIC20","vic_locali":"2012-04-27Z","vic_loca_1":null,"vic_loca_2":"ALBION","vic_loca_3":null,"vic_loca_4":null,"vic_loca_5":"G","vic_loca_6":null,"vic_loca_7":"2"},"id":"ckan_af33dd8c_0534_4e18_9245_fc64440f742e.603"},{"arcs":[[651,-590,-360,652]],"type":"Polygon","properties":{"lc_ply_pid":"6861","dt_create":"2011-08-31Z","dt_retire":null,"loc_pid":"VIC189","vic_locali":"2012-04-27Z","vic_loca_1":null,"vic_loca_2":"BELGRAVE HEIGHTS","vic_loca_3":null,"vic_loca_4":null,"vic_loca_5":"G","vic_loca_6":null,"vic_loca_7":"2"},"id":"ckan_af33dd8c_0534_4e18_9245_fc64440f742e.607"},{"arcs":[[653,654,655,656,-600]],"type":"Polygon","properties":{"lc_ply_pid":"6863","dt_create":"2011-08-31Z","dt_retire":null,"loc_pid":"VIC681","vic_locali":"2012-04-27Z","vic_loca_1":null,"vic_loca_2":"CROYDON HILLS","vic_loca_3":null,"vic_loca_4":null,"vic_loca_5":"G","vic_loca_6":null,"vic_loca_7":"2"},"id":"ckan_af33dd8c_0534_4e18_9245_fc64440f742e.609"},{"arcs":[[-572,657,-206,658,659]],"type":"Polygon","properties":{"lc_ply_pid":"6971","dt_create":"2011-08-31Z","dt_retire":null,"loc_pid":"VIC1629","vic_locali":"2012-04-27Z","vic_loca_1":null,"vic_loca_2":"MEADOW HEIGHTS","vic_loca_3":null,"vic_loca_4":null,"vic_loca_5":"G","vic_loca_6":null,"vic_loca_7":"2"},"id":"ckan_af33dd8c_0534_4e18_9245_fc64440f742e.611"},{"arcs":[[660,-204,661]],"type":"Polygon","properties":{"lc_ply_pid":"7010","dt_create":"2011-08-31Z","dt_retire":null,"loc_pid":"VIC81","vic_locali":"2012-04-27Z","vic_loca_1":null,"vic_loca_2":"ATTWOOD","vic_loca_3":null,"vic_loca_4":null,"vic_loca_5":"G","vic_loca_6":null,"vic_loca_7":"2"},"id":"ckan_af33dd8c_0534_4e18_9245_fc64440f742e.613"},{"arcs":[[662,663,664,665]],"type":"Polygon","properties":{"lc_ply_pid":"9786","dt_create":"2013-08-26Z","dt_retire":null,"loc_pid":"VIC1595","vic_locali":"2013-10-31Z","vic_loca_1":null,"vic_loca_2":"MARCUS HILL","vic_loca_3":null,"vic_loca_4":null,"vic_loca_5":"G","vic_loca_6":null,"vic_loca_7":"2"},"id":"ckan_af33dd8c_0534_4e18_9245_fc64440f742e.615"},{"arcs":[[666,667,-103]],"type":"Polygon","properties":{"lc_ply_pid":"6841","dt_create":"2011-08-31Z","dt_retire":null,"loc_pid":"VIC1671","vic_locali":"2012-04-27Z","vic_loca_1":null,"vic_loca_2":"MIDDLE PARK","vic_loca_3":null,"vic_loca_4":null,"vic_loca_5":"G","vic_loca_6":null,"vic_loca_7":"2"},"id":"ckan_af33dd8c_0534_4e18_9245_fc64440f742e.616"},{"arcs":[[-504,-393,668]],"type":"Polygon","properties":{"lc_ply_pid":"6844","dt_create":"2011-08-31Z","dt_retire":null,"loc_pid":"VIC1210","vic_locali":"2012-04-27Z","vic_loca_1":null,"vic_loca_2":"HUNTINGDALE","vic_loca_3":null,"vic_loca_4":null,"vic_loca_5":"G","vic_loca_6":null,"vic_loca_7":"2"},"id":"ckan_af33dd8c_0534_4e18_9245_fc64440f742e.619"},{"arcs":[[-112,669,-310,-348]],"type":"Polygon","properties":{"lc_ply_pid":"6846","dt_create":"2011-08-31Z","dt_retire":null,"loc_pid":"VIC104","vic_locali":"2012-04-27Z","vic_loca_1":null,"vic_loca_2":"BALACLAVA","vic_loca_3":null,"vic_loca_4":null,"vic_loca_5":"G","vic_loca_6":null,"vic_loca_7":"2"},"id":"ckan_af33dd8c_0534_4e18_9245_fc64440f742e.621"},{"arcs":[[670,-614,-616]],"type":"Polygon","properties":{"lc_ply_pid":"6847","dt_create":"2011-08-31Z","dt_retire":null,"loc_pid":"VIC2314","vic_locali":"2012-04-27Z","vic_loca_1":null,"vic_loca_2":"SOUTH KINGSVILLE","vic_loca_3":null,"vic_loca_4":null,"vic_loca_5":"G","vic_loca_6":null,"vic_loca_7":"2"},"id":"ckan_af33dd8c_0534_4e18_9245_fc64440f742e.622"},{"arcs":[[671,672]],"type":"Polygon","properties":{"lc_ply_pid":"6811","dt_create":"2011-08-31Z","dt_retire":null,"loc_pid":"VIC2401","vic_locali":"2012-04-27Z","vic_loca_1":null,"vic_loca_2":"SURF BEACH","vic_loca_3":null,"vic_loca_4":null,"vic_loca_5":"G","vic_loca_6":null,"vic_loca_7":"2"},"id":"ckan_af33dd8c_0534_4e18_9245_fc64440f742e.623"},{"arcs":[[-313,-668,673,674,675,-517]],"type":"Polygon","properties":{"lc_ply_pid":"6813","dt_create":"2011-08-31Z","dt_retire":null,"loc_pid":"VIC17","vic_locali":"2012-04-27Z","vic_loca_1":null,"vic_loca_2":"ALBERT PARK","vic_loca_3":null,"vic_loca_4":null,"vic_loca_5":"G","vic_loca_6":null,"vic_loca_7":"2"},"id":"ckan_af33dd8c_0534_4e18_9245_fc64440f742e.624"},{"arcs":[[676,677,678,-409,-8,679]],"type":"Polygon","properties":{"lc_ply_pid":"6814","dt_create":"2011-08-31Z","dt_retire":null,"loc_pid":"VIC2893","vic_locali":"2012-04-27Z","vic_loca_1":null,"vic_loca_2":"YALLAMBIE","vic_loca_3":null,"vic_loca_4":null,"vic_loca_5":"G","vic_loca_6":null,"vic_loca_7":"2"},"id":"ckan_af33dd8c_0534_4e18_9245_fc64440f742e.625"},{"arcs":[[680,681,682,683,684]],"type":"Polygon","properties":{"lc_ply_pid":"6815","dt_create":"2011-08-31Z","dt_retire":null,"loc_pid":"VIC33","vic_locali":"2012-04-27Z","vic_loca_1":null,"vic_loca_2":"ALPHINGTON","vic_loca_3":null,"vic_loca_4":null,"vic_loca_5":"G","vic_loca_6":null,"vic_loca_7":"2"},"id":"ckan_af33dd8c_0534_4e18_9245_fc64440f742e.626"},{"arcs":[[-670,-111,685,686,687,-311]],"type":"Polygon","properties":{"lc_ply_pid":"6827","dt_create":"2011-08-31Z","dt_retire":null,"loc_pid":"VIC860","vic_locali":"2012-04-27Z","vic_loca_1":null,"vic_loca_2":"ELWOOD","vic_loca_3":null,"vic_loca_4":null,"vic_loca_5":"G","vic_loca_6":null,"vic_loca_7":"2"},"id":"ckan_af33dd8c_0534_4e18_9245_fc64440f742e.634"},{"arcs":[[688,-686,-114,-347,-361,-144,-281,-117]],"type":"Polygon","properties":{"lc_ply_pid":"6828","dt_create":"2011-08-31Z","dt_retire":null,"loc_pid":"VIC857","vic_locali":"2012-04-27Z","vic_loca_1":null,"vic_loca_2":"ELSTERNWICK","vic_loca_3":null,"vic_loca_4":null,"vic_loca_5":"G","vic_loca_6":null,"vic_loca_7":"2"},"id":"ckan_af33dd8c_0534_4e18_9245_fc64440f742e.635"},{"arcs":[[689,690,691,-534,-218]],"type":"Polygon","properties":{"lc_ply_pid":"6817","dt_create":"2011-08-31Z","dt_retire":null,"loc_pid":"VIC279","vic_locali":"2012-04-27Z","vic_loca_1":null,"vic_loca_2":"BONBEACH","vic_loca_3":null,"vic_loca_4":null,"vic_loca_5":"G","vic_loca_6":null,"vic_loca_7":"2"},"id":"ckan_af33dd8c_0534_4e18_9245_fc64440f742e.627"},{"arcs":[[-341,692,693,694,695]],"type":"Polygon","properties":{"lc_ply_pid":"6821","dt_create":"2011-08-31Z","dt_retire":null,"loc_pid":"VIC2105","vic_locali":"2012-04-27Z","vic_loca_1":null,"vic_loca_2":"PORTARLINGTON","vic_loca_3":null,"vic_loca_4":null,"vic_loca_5":"G","vic_loca_6":null,"vic_loca_7":"2"},"id":"ckan_af33dd8c_0534_4e18_9245_fc64440f742e.629"},{"arcs":[[696,-427,697,-471]],"type":"Polygon","properties":{"lc_ply_pid":"6822","dt_create":"2011-08-31Z","dt_retire":null,"loc_pid":"VIC1845","vic_locali":"2012-04-27Z","vic_loca_1":null,"vic_loca_2":"MURRUMBEENA","vic_loca_3":null,"vic_loca_4":null,"vic_loca_5":"G","vic_loca_6":null,"vic_loca_7":"2"},"id":"ckan_af33dd8c_0534_4e18_9245_fc64440f742e.630"},{"arcs":[[-692,698,-404,-535]],"type":"Polygon","properties":{"lc_ply_pid":"6823","dt_create":"2011-08-31Z","dt_retire":null,"loc_pid":"VIC535","vic_locali":"2012-04-27Z","vic_loca_1":null,"vic_loca_2":"CHELSEA","vic_loca_3":null,"vic_loca_4":null,"vic_loca_5":"G","vic_loca_6":null,"vic_loca_7":"2"},"id":"ckan_af33dd8c_0534_4e18_9245_fc64440f742e.631"},{"arcs":[[699,-193,700,701,702]],"type":"Polygon","properties":{"lc_ply_pid":"6975","dt_create":"2011-08-31Z","dt_retire":null,"loc_pid":"VIC2243","vic_locali":"2012-04-27Z","vic_loca_1":null,"vic_loca_2":"SASSAFRAS","vic_loca_3":null,"vic_loca_4":null,"vic_loca_5":"G","vic_loca_6":null,"vic_loca_7":"2"},"id":"ckan_af33dd8c_0534_4e18_9245_fc64440f742e.636"},{"arcs":[[703,-239,-455,704,705,-449]],"type":"Polygon","properties":{"lc_ply_pid":"6978","dt_create":"2011-08-31Z","dt_retire":null,"loc_pid":"VIC1740","vic_locali":"2012-04-27Z","vic_loca_1":null,"vic_loca_2":"MOORABBIN","vic_loca_3":null,"vic_loca_4":null,"vic_loca_5":"G","vic_loca_6":null,"vic_loca_7":"2"},"id":"ckan_af33dd8c_0534_4e18_9245_fc64440f742e.638"},{"arcs":[[706,707,708,709,710]],"type":"Polygon","properties":{"lc_ply_pid":"7400","dt_create":"2011-08-31Z","dt_retire":null,"loc_pid":"VIC1790","vic_locali":"2012-04-27Z","vic_loca_1":null,"vic_loca_2":"MOUNT EVELYN","vic_loca_3":null,"vic_loca_4":null,"vic_loca_5":"G","vic_loca_6":null,"vic_loca_7":"2"},"id":"ckan_af33dd8c_0534_4e18_9245_fc64440f742e.690"},{"arcs":[[711,-56,712,713,714]],"type":"Polygon","properties":{"lc_ply_pid":"6981","dt_create":"2011-08-31Z","dt_retire":null,"loc_pid":"VIC2334","vic_locali":"2012-04-27Z","vic_loca_1":null,"vic_loca_2":"SPRINGVALE SOUTH","vic_loca_3":null,"vic_loca_4":null,"vic_loca_5":"G","vic_loca_6":null,"vic_loca_7":"2"},"id":"ckan_af33dd8c_0534_4e18_9245_fc64440f742e.639"},{"arcs":[[715,-584,716,-672,717,-480,-106]],"type":"Polygon","properties":{"lc_ply_pid":"7560","dt_create":"2011-08-31Z","dt_retire":null,"loc_pid":"VIC2161","vic_locali":"2012-04-27Z","vic_loca_1":null,"vic_loca_2":"RHYLL","vic_loca_3":null,"vic_loca_4":null,"vic_loca_5":"G","vic_loca_6":null,"vic_loca_7":"2"},"id":"ckan_af33dd8c_0534_4e18_9245_fc64440f742e.647"},{"arcs":[[-441,718,719,720,721]],"type":"Polygon","properties":{"lc_ply_pid":"7284","dt_create":"2011-08-31Z","dt_retire":null,"loc_pid":"VIC71","vic_locali":"2012-04-27Z","vic_loca_1":null,"vic_loca_2":"ARTHURS SEAT","vic_loca_3":null,"vic_loca_4":null,"vic_loca_5":"G","vic_loca_6":null,"vic_loca_7":"2"},"id":"ckan_af33dd8c_0534_4e18_9245_fc64440f742e.652"},{"arcs":[[-510,722,723,724,725,-499]],"type":"Polygon","properties":{"lc_ply_pid":"7060","dt_create":"2011-08-31Z","dt_retire":null,"loc_pid":"VIC352","vic_locali":"2012-04-27Z","vic_loca_1":null,"vic_loca_2":"BROOKLYN","vic_loca_3":null,"vic_loca_4":null,"vic_loca_5":"G","vic_loca_6":null,"vic_loca_7":"2"},"id":"ckan_af33dd8c_0534_4e18_9245_fc64440f742e.664"},{"arcs":[[726,727]],"type":"Polygon","properties":{"lc_ply_pid":"7384","dt_create":"2011-08-31Z","dt_retire":null,"loc_pid":"VIC2060","vic_locali":"2012-04-27Z","vic_loca_1":null,"vic_loca_2":"PHEASANT CREEK","vic_loca_3":null,"vic_loca_4":null,"vic_loca_5":"G","vic_loca_6":null,"vic_loca_7":"2"},"id":"ckan_af33dd8c_0534_4e18_9245_fc64440f742e.670"},{"arcs":[[-79,-291,728,729,730,731,732]],"type":"Polygon","properties":{"lc_ply_pid":"7386","dt_create":"2011-08-31Z","dt_retire":null,"loc_pid":"VIC1143","vic_locali":"2012-04-27Z","vic_loca_1":null,"vic_loca_2":"HAWTHORN","vic_loca_3":null,"vic_loca_4":null,"vic_loca_5":"G","vic_loca_6":null,"vic_loca_7":"2"},"id":"ckan_af33dd8c_0534_4e18_9245_fc64440f742e.672"},{"arcs":[[-545,733,734,735,736,-197]],"type":"Polygon","properties":{"lc_ply_pid":"7062","dt_create":"2011-08-31Z","dt_retire":null,"loc_pid":"VIC2579","vic_locali":"2012-04-27Z","vic_loca_1":null,"vic_loca_2":"TREMONT","vic_loca_3":null,"vic_loca_4":null,"vic_loca_5":"G","vic_loca_6":null,"vic_loca_7":"2"},"id":"ckan_af33dd8c_0534_4e18_9245_fc64440f742e.665"},{"arcs":[[737,738,739,740,741]],"type":"Polygon","properties":{"lc_ply_pid":"7382","dt_create":"2011-08-31Z","dt_retire":null,"loc_pid":"VIC2146","vic_locali":"2012-04-27Z","vic_loca_1":null,"vic_loca_2":"RED HILL SOUTH","vic_loca_3":null,"vic_loca_4":null,"vic_loca_5":"G","vic_loca_6":null,"vic_loca_7":"2"},"id":"ckan_af33dd8c_0534_4e18_9245_fc64440f742e.668"},{"arcs":[[742,743,744,745]],"type":"Polygon","properties":{"lc_ply_pid":"7410","dt_create":"2011-08-31Z","dt_retire":null,"loc_pid":"VIC90","vic_locali":"2012-04-27Z","vic_loca_1":null,"vic_loca_2":"AVONSLEIGH","vic_loca_3":null,"vic_loca_4":null,"vic_loca_5":"G","vic_loca_6":null,"vic_loca_7":"2"},"id":"ckan_af33dd8c_0534_4e18_9245_fc64440f742e.684"},{"arcs":[[746,747,748,749,750,-559]],"type":"Polygon","properties":{"lc_ply_pid":"7412","dt_create":"2011-08-31Z","dt_retire":null,"loc_pid":"VIC1643","vic_locali":"2012-04-27Z","vic_loca_1":null,"vic_loca_2":"MENZIES CREEK","vic_loca_3":null,"vic_loca_4":null,"vic_loca_5":"G","vic_loca_6":null,"vic_loca_7":"2"},"id":"ckan_af33dd8c_0534_4e18_9245_fc64440f742e.685"},{"arcs":[[-503,-378,-209,751,-221,752,-308,753,-395]],"type":"Polygon","properties":{"lc_ply_pid":"7397","dt_create":"2011-08-31Z","dt_retire":null,"loc_pid":"VIC1811","vic_locali":"2012-04-27Z","vic_loca_1":null,"vic_loca_2":"MOUNT WAVERLEY","vic_loca_3":null,"vic_loca_4":null,"vic_loca_5":"G","vic_loca_6":null,"vic_loca_7":"2"},"id":"ckan_af33dd8c_0534_4e18_9245_fc64440f742e.702"},{"arcs":[[-259,754]],"type":"Polygon","properties":{"lc_ply_pid":"10431","dt_create":"2016-12-16Z","dt_retire":null,"loc_pid":"VIC2953","vic_locali":"2017-02-02Z","vic_loca_1":null,"vic_loca_2":"SOUTH WHARF","vic_loca_3":null,"vic_loca_4":null,"vic_loca_5":"G","vic_loca_6":null,"vic_loca_7":"2"},"id":"ckan_af33dd8c_0534_4e18_9245_fc64440f742e.720"},{"arcs":[[-690,-217,-229,755]],"type":"Polygon","properties":{"lc_ply_pid":"10174","dt_create":"2015-12-04Z","dt_retire":null,"loc_pid":"VIC506","vic_locali":"2016-01-25Z","vic_loca_1":null,"vic_loca_2":"CARRUM","vic_loca_3":null,"vic_loca_4":null,"vic_loca_5":"G","vic_loca_6":null,"vic_loca_7":"2"},"id":"ckan_af33dd8c_0534_4e18_9245_fc64440f742e.715"},{"arcs":[[-212,756,757]],"type":"Polygon","properties":{"lc_ply_pid":"10513","dt_create":"2016-12-16Z","dt_retire":null,"loc_pid":"VIC76","vic_locali":"2017-02-02Z","vic_loca_1":null,"vic_loca_2":"ASHBURTON","vic_loca_3":null,"vic_loca_4":null,"vic_loca_5":"G","vic_loca_6":null,"vic_loca_7":"2"},"id":"ckan_af33dd8c_0534_4e18_9245_fc64440f742e.722"},{"arcs":[[-380,-502,-428,-697,-470,-478,-364,758,759,-757,-211]],"type":"Polygon","properties":{"lc_ply_pid":"10514","dt_create":"2016-12-16Z","dt_retire":null,"loc_pid":"VIC1582","vic_locali":"2017-02-02Z","vic_loca_1":null,"vic_loca_2":"MALVERN EAST","vic_loca_3":null,"vic_loca_4":null,"vic_loca_5":"G","vic_loca_6":null,"vic_loca_7":"2"},"id":"ckan_af33dd8c_0534_4e18_9245_fc64440f742e.723"},{"arcs":[[760,761,762,-27,763,-65]],"type":"Polygon","properties":{"lc_ply_pid":"10493","dt_create":"2016-12-16Z","dt_retire":null,"loc_pid":"VIC468","vic_locali":"2017-02-02Z","vic_loca_1":null,"vic_loca_2":"CANTERBURY","vic_loca_3":null,"vic_loca_4":null,"vic_loca_5":"G","vic_loca_6":null,"vic_loca_7":"2"},"id":"ckan_af33dd8c_0534_4e18_9245_fc64440f742e.724"},{"arcs":[[764,765,766,767,-629]],"type":"Polygon","properties":{"lc_ply_pid":"10492","dt_create":"2016-12-16Z","dt_retire":null,"loc_pid":"VIC253","vic_locali":"2017-02-02Z","vic_loca_1":null,"vic_loca_2":"BLACKBURN NORTH","vic_loca_3":null,"vic_loca_4":null,"vic_loca_5":"G","vic_loca_6":null,"vic_loca_7":"2"},"id":"ckan_af33dd8c_0534_4e18_9245_fc64440f742e.725"},{"arcs":[[768,769,-334,-233]],"type":"Polygon","properties":{"lc_ply_pid":"10461","dt_create":"2016-12-16Z","dt_retire":null,"loc_pid":"VIC2032","vic_locali":"2017-02-02Z","vic_loca_1":null,"vic_loca_2":"PARK ORCHARDS","vic_loca_3":null,"vic_loca_4":null,"vic_loca_5":"G","vic_loca_6":null,"vic_loca_7":"2"},"id":"ckan_af33dd8c_0534_4e18_9245_fc64440f742e.726"},{"arcs":[[770,771,772,773]],"type":"Polygon","properties":{"lc_ply_pid":"10426","dt_create":"2016-12-16Z","dt_retire":null,"loc_pid":"VIC2769","vic_locali":"2017-02-02Z","vic_loca_1":null,"vic_loca_2":"WHEELERS HILL","vic_loca_3":null,"vic_loca_4":null,"vic_loca_5":"G","vic_loca_6":null,"vic_loca_7":"2"},"id":"ckan_af33dd8c_0534_4e18_9245_fc64440f742e.719"},{"arcs":[[-362,-345,774,775,776]],"type":"Polygon","properties":{"lc_ply_pid":"10449","dt_create":"2016-12-16Z","dt_retire":null,"loc_pid":"VIC66","vic_locali":"2017-02-02Z","vic_loca_1":null,"vic_loca_2":"ARMADALE","vic_loca_3":null,"vic_loca_4":null,"vic_loca_5":"G","vic_loca_6":null,"vic_loca_7":"2"},"id":"ckan_af33dd8c_0534_4e18_9245_fc64440f742e.729"},{"arcs":[[777,778,-731,779,780,-759,-363,-777]],"type":"Polygon","properties":{"lc_ply_pid":"10445","dt_create":"2016-12-16Z","dt_retire":null,"loc_pid":"VIC1581","vic_locali":"2017-02-02Z","vic_loca_1":null,"vic_loca_2":"MALVERN","vic_loca_3":null,"vic_loca_4":null,"vic_loca_5":"G","vic_loca_6":null,"vic_loca_7":"2"},"id":"ckan_af33dd8c_0534_4e18_9245_fc64440f742e.730"},{"arcs":[[-552,781,782,-771,783,-305,-753,-220]],"type":"Polygon","properties":{"lc_ply_pid":"7138","dt_create":"2011-08-31Z","dt_retire":null,"loc_pid":"VIC1004","vic_locali":"2012-04-27Z","vic_loca_1":null,"vic_loca_2":"GLEN WAVERLEY","vic_loca_3":null,"vic_loca_4":null,"vic_loca_5":"G","vic_loca_6":null,"vic_loca_7":"2"},"id":"ckan_af33dd8c_0534_4e18_9245_fc64440f742e.739"},{"arcs":[[-252,-124,-12,784]],"type":"Polygon","properties":{"lc_ply_pid":"7114","dt_create":"2011-08-31Z","dt_retire":null,"loc_pid":"VIC2507","vic_locali":"2012-04-27Z","vic_loca_1":null,"vic_loca_2":"THOMASTOWN","vic_loca_3":null,"vic_loca_4":null,"vic_loca_5":"G","vic_loca_6":null,"vic_loca_7":"2"},"id":"ckan_af33dd8c_0534_4e18_9245_fc64440f742e.745"},{"arcs":[[-748,785,786,787,-653,-359,788]],"type":"Polygon","properties":{"lc_ply_pid":"7417","dt_create":"2011-08-31Z","dt_retire":null,"loc_pid":"VIC190","vic_locali":"2012-04-27Z","vic_loca_1":null,"vic_loca_2":"BELGRAVE SOUTH","vic_loca_3":null,"vic_loca_4":null,"vic_loca_5":"G","vic_loca_6":null,"vic_loca_7":"2"},"id":"ckan_af33dd8c_0534_4e18_9245_fc64440f742e.746"},{"arcs":[[789,790,-262,791,-300,792,793,794]],"type":"Polygon","properties":{"lc_ply_pid":"7133","dt_create":"2011-08-31Z","dt_retire":null,"loc_pid":"VIC1215","vic_locali":"2012-04-27Z","vic_loca_1":null,"vic_loca_2":"HURSTBRIDGE","vic_loca_3":null,"vic_loca_4":null,"vic_loca_5":"G","vic_loca_6":null,"vic_loca_7":"2"},"id":"ckan_af33dd8c_0534_4e18_9245_fc64440f742e.750"},{"arcs":[[795,796,797,798,799]],"type":"Polygon","properties":{"lc_ply_pid":"7134","dt_create":"2011-08-31Z","dt_retire":null,"loc_pid":"VIC941","vic_locali":"2012-04-27Z","vic_loca_1":null,"vic_loca_2":"FRANKSTON SOUTH","vic_loca_3":null,"vic_loca_4":null,"vic_loca_5":"G","vic_loca_6":null,"vic_loca_7":"2"},"id":"ckan_af33dd8c_0534_4e18_9245_fc64440f742e.751"},{"arcs":[[-303,800,801]],"type":"Polygon","properties":{"lc_ply_pid":"7131","dt_create":"2011-08-31Z","dt_retire":null,"loc_pid":"VIC2300","vic_locali":"2012-04-27Z","vic_loca_1":null,"vic_loca_2":"SMITHS GULLY","vic_loca_3":null,"vic_loca_4":null,"vic_loca_5":"G","vic_loca_6":null,"vic_loca_7":"2"},"id":"ckan_af33dd8c_0534_4e18_9245_fc64440f742e.748"},{"arcs":[[802,-115,-284,803,-494,804,-454,805]],"type":"Polygon","properties":{"lc_ply_pid":"9969","dt_create":"2013-11-26Z","dt_retire":null,"loc_pid":"VIC337","vic_locali":"2014-01-31Z","vic_loca_1":null,"vic_loca_2":"BRIGHTON EAST","vic_loca_3":null,"vic_loca_4":null,"vic_loca_5":"G","vic_loca_6":null,"vic_loca_7":"2"},"id":"ckan_af33dd8c_0534_4e18_9245_fc64440f742e.770"},{"arcs":[[-163,806,-507,807,808,809,810,-736,811]],"type":"Polygon","properties":{"lc_ply_pid":"9971","dt_create":"2013-11-26Z","dt_retire":null,"loc_pid":"VIC304","vic_locali":"2012-04-27Z","vic_loca_1":null,"vic_loca_2":"BORONIA","vic_loca_3":null,"vic_loca_4":null,"vic_loca_5":"G","vic_loca_6":null,"vic_loca_7":"2"},"id":"ckan_af33dd8c_0534_4e18_9245_fc64440f742e.772"},{"arcs":[[812,813,-320,814,815,-750,816]],"type":"Polygon","properties":{"lc_ply_pid":"7148","dt_create":"2011-08-31Z","dt_retire":null,"loc_pid":"VIC1281","vic_locali":"2012-04-27Z","vic_loca_1":null,"vic_loca_2":"KALLISTA","vic_loca_3":null,"vic_loca_4":null,"vic_loca_5":"G","vic_loca_6":null,"vic_loca_7":"2"},"id":"ckan_af33dd8c_0534_4e18_9245_fc64440f742e.785"},{"arcs":[[817,818,819,820,821,-366]],"type":"Polygon","properties":{"lc_ply_pid":"7365","dt_create":"2011-08-31Z","dt_retire":null,"loc_pid":"VIC864","vic_locali":"2012-04-27Z","vic_loca_1":null,"vic_loca_2":"ENDEAVOUR HILLS","vic_loca_3":null,"vic_loca_4":null,"vic_loca_5":"G","vic_loca_6":null,"vic_loca_7":"2"},"id":"ckan_af33dd8c_0534_4e18_9245_fc64440f742e.802"},{"arcs":[[822,823,-92,-243,-355,-327]],"type":"Polygon","properties":{"lc_ply_pid":"7067","dt_create":"2011-08-31Z","dt_retire":null,"loc_pid":"VIC88","vic_locali":"2012-04-27Z","vic_loca_1":null,"vic_loca_2":"AVONDALE HEIGHTS","vic_loca_3":null,"vic_loca_4":null,"vic_loca_5":"G","vic_loca_6":null,"vic_loca_7":"2"},"id":"ckan_af33dd8c_0534_4e18_9245_fc64440f742e.793"},{"arcs":[[824,825,-250,826]],"type":"Polygon","properties":{"lc_ply_pid":"7068","dt_create":"2011-08-31Z","dt_retire":null,"loc_pid":"VIC2309","vic_locali":"2012-04-27Z","vic_loca_1":null,"vic_loca_2":"SOMERTON","vic_loca_3":null,"vic_loca_4":null,"vic_loca_5":"G","vic_loca_6":null,"vic_loca_7":"2"},"id":"ckan_af33dd8c_0534_4e18_9245_fc64440f742e.794"},{"arcs":[[-501,-669,-397,827,-189,-450,828]],"type":"Polygon","properties":{"lc_ply_pid":"7072","dt_create":"2011-08-31Z","dt_retire":null,"loc_pid":"VIC1998","vic_locali":"2012-04-27Z","vic_loca_1":null,"vic_loca_2":"OAKLEIGH SOUTH","vic_loca_3":null,"vic_loca_4":null,"vic_loca_5":"G","vic_loca_6":null,"vic_loca_7":"2"},"id":"ckan_af33dd8c_0534_4e18_9245_fc64440f742e.798"},{"arcs":[[-589,-194,-700,829,-813,830,-357]],"type":"Polygon","properties":{"lc_ply_pid":"7074","dt_create":"2011-08-31Z","dt_retire":null,"loc_pid":"VIC2283","vic_locali":"2012-04-27Z","vic_loca_1":null,"vic_loca_2":"SHERBROOKE","vic_loca_3":null,"vic_loca_4":null,"vic_loca_5":"G","vic_loca_6":null,"vic_loca_7":"2"},"id":"ckan_af33dd8c_0534_4e18_9245_fc64440f742e.799"},{"arcs":[[831,-462,-530,832,833,-399,-156]],"type":"Polygon","properties":{"lc_ply_pid":"7466","dt_create":"2011-08-31Z","dt_retire":null,"loc_pid":"VIC2385","vic_locali":"2012-04-27Z","vic_loca_1":null,"vic_loca_2":"STRATHMORE HEIGHTS","vic_loca_3":null,"vic_loca_4":null,"vic_loca_5":"G","vic_loca_6":null,"vic_loca_7":"2"},"id":"ckan_af33dd8c_0534_4e18_9245_fc64440f742e.810"},{"arcs":[[834,835,-493,836,837,838,839,840,841]],"type":"Polygon","properties":{"lc_ply_pid":"7461","dt_create":"2011-08-31Z","dt_retire":null,"loc_pid":"VIC176","vic_locali":"2012-04-27Z","vic_loca_1":null,"vic_loca_2":"BEACONSFIELD UPPER","vic_loca_3":null,"vic_loca_4":null,"vic_loca_5":"G","vic_loca_6":null,"vic_loca_7":"2"},"id":"ckan_af33dd8c_0534_4e18_9245_fc64440f742e.813"},{"arcs":[[842,-342,-696,843,844]],"type":"Polygon","properties":{"lc_ply_pid":"7462","dt_create":"2011-08-31Z","dt_retire":null,"loc_pid":"VIC2349","vic_locali":"2012-04-27Z","vic_loca_1":null,"vic_loca_2":"ST LEONARDS","vic_loca_3":null,"vic_loca_4":null,"vic_loca_5":"G","vic_loca_6":null,"vic_loca_7":"2"},"id":"ckan_af33dd8c_0534_4e18_9245_fc64440f742e.814"},{"arcs":[[-582,-716,-109,-377,845,846],[-110]],"type":"Polygon","properties":{"lc_ply_pid":"7456","dt_create":"2011-08-31Z","dt_retire":null,"loc_pid":"VIC656","vic_locali":"2012-04-27Z","vic_loca_1":null,"vic_loca_2":"COWES","vic_loca_3":null,"vic_loca_4":null,"vic_loca_5":"G","vic_loca_6":null,"vic_loca_7":"2"},"id":"ckan_af33dd8c_0534_4e18_9245_fc64440f742e.824"},{"arcs":[[847,-796,848,849,850,-640]],"type":"Polygon","properties":{"lc_ply_pid":"7245","dt_create":"2011-08-31Z","dt_retire":null,"loc_pid":"VIC168","vic_locali":"2012-04-27Z","vic_loca_1":null,"vic_loca_2":"BAXTER","vic_loca_3":null,"vic_loca_4":null,"vic_loca_5":"G","vic_loca_6":null,"vic_loca_7":"2"},"id":"ckan_af33dd8c_0534_4e18_9245_fc64440f742e.830"},{"arcs":[[851,852,853,854,-184]],"type":"Polygon","properties":{"lc_ply_pid":"7188","dt_create":"2011-08-31Z","dt_retire":null,"loc_pid":"VIC665","vic_locali":"2012-04-27Z","vic_loca_1":null,"vic_loca_2":"CRANBOURNE WEST","vic_loca_3":null,"vic_loca_4":null,"vic_loca_5":"G","vic_loca_6":null,"vic_loca_7":"2"},"id":"ckan_af33dd8c_0534_4e18_9245_fc64440f742e.839"},{"arcs":[[855,-438,-722,856,857,858]],"type":"Polygon","properties":{"lc_ply_pid":"7181","dt_create":"2011-08-31Z","dt_retire":null,"loc_pid":"VIC2199","vic_locali":"2012-04-27Z","vic_loca_1":null,"vic_loca_2":"ROSEBUD","vic_loca_3":null,"vic_loca_4":null,"vic_loca_5":"G","vic_loca_6":null,"vic_loca_7":"2"},"id":"ckan_af33dd8c_0534_4e18_9245_fc64440f742e.853"},{"arcs":[[859,-714,860,-191,861]],"type":"Polygon","properties":{"lc_ply_pid":"7305","dt_create":"2011-08-31Z","dt_retire":null,"loc_pid":"VIC568","vic_locali":"2012-04-27Z","vic_loca_1":null,"vic_loca_2":"CLAYTON SOUTH","vic_loca_3":null,"vic_loca_4":null,"vic_loca_5":"G","vic_loca_6":null,"vic_loca_7":"2"},"id":"ckan_af33dd8c_0534_4e18_9245_fc64440f742e.863"},{"arcs":[[-145,-822,862,863,864,-172]],"type":"Polygon","properties":{"lc_ply_pid":"7324","dt_create":"2011-08-31Z","dt_retire":null,"loc_pid":"VIC1117","vic_locali":"2012-04-27Z","vic_loca_1":null,"vic_loca_2":"HALLAM","vic_loca_3":null,"vic_loca_4":null,"vic_loca_5":"G","vic_loca_6":null,"vic_loca_7":"2"},"id":"ckan_af33dd8c_0534_4e18_9245_fc64440f742e.865"},{"arcs":[[865,866,867,868,869]],"type":"Polygon","properties":{"lc_ply_pid":"7326","dt_create":"2011-08-31Z","dt_retire":null,"loc_pid":"VIC2138","vic_locali":"2012-04-27Z","vic_loca_1":null,"vic_loca_2":"RAVENHALL","vic_loca_3":null,"vic_loca_4":null,"vic_loca_5":"G","vic_loca_6":null,"vic_loca_7":"2"},"id":"ckan_af33dd8c_0534_4e18_9245_fc64440f742e.867"},{"arcs":[[-830,-703,870,871,872,873,-321,-814]],"type":"Polygon","properties":{"lc_ply_pid":"7297","dt_create":"2011-08-31Z","dt_retire":null,"loc_pid":"VIC2005","vic_locali":"2012-04-27Z","vic_loca_1":null,"vic_loca_2":"OLINDA","vic_loca_3":null,"vic_loca_4":null,"vic_loca_5":"G","vic_loca_6":null,"vic_loca_7":"2"},"id":"ckan_af33dd8c_0534_4e18_9245_fc64440f742e.885"},{"arcs":[[-555,-622,874,-765,-628,-382]],"type":"Polygon","properties":{"lc_ply_pid":"7046","dt_create":"2011-08-31Z","dt_retire":null,"loc_pid":"VIC252","vic_locali":"2012-04-27Z","vic_loca_1":null,"vic_loca_2":"BLACKBURN","vic_loca_3":null,"vic_loca_4":null,"vic_loca_5":"G","vic_loca_6":null,"vic_loca_7":"2"},"id":"ckan_af33dd8c_0534_4e18_9245_fc64440f742e.868"},{"arcs":[[-749,-789,-358,-831,-817]],"type":"Polygon","properties":{"lc_ply_pid":"7078","dt_create":"2011-08-31Z","dt_retire":null,"loc_pid":"VIC2262","vic_locali":"2012-04-27Z","vic_loca_1":null,"vic_loca_2":"SELBY","vic_loca_3":null,"vic_loca_4":null,"vic_loca_5":"G","vic_loca_6":null,"vic_loca_7":"2"},"id":"ckan_af33dd8c_0534_4e18_9245_fc64440f742e.869"},{"arcs":[[875,876,-566]],"type":"Polygon","properties":{"lc_ply_pid":"7079","dt_create":"2011-08-31Z","dt_retire":null,"loc_pid":"VIC672","vic_locali":"2012-04-27Z","vic_loca_1":null,"vic_loca_2":"CRIB POINT","vic_loca_3":null,"vic_loca_4":null,"vic_loca_5":"G","vic_loca_6":null,"vic_loca_7":"2"},"id":"ckan_af33dd8c_0534_4e18_9245_fc64440f742e.870"},{"arcs":[[877,878,879,880,881,882,883]],"type":"Polygon","properties":{"lc_ply_pid":"7080","dt_create":"2011-08-31Z","dt_retire":null,"loc_pid":"VIC386","vic_locali":"2012-04-27Z","vic_loca_1":null,"vic_loca_2":"BULLEEN","vic_loca_3":null,"vic_loca_4":null,"vic_loca_5":"G","vic_loca_6":null,"vic_loca_7":"2"},"id":"ckan_af33dd8c_0534_4e18_9245_fc64440f742e.871"},{"arcs":[[-389,-431,-520,-257,884,-513,-447]],"type":"Polygon","properties":{"lc_ply_pid":"7083","dt_create":"2011-08-31Z","dt_retire":null,"loc_pid":"VIC2760","vic_locali":"2012-04-27Z","vic_loca_1":null,"vic_loca_2":"WEST MELBOURNE","vic_loca_3":null,"vic_loca_4":null,"vic_loca_5":"G","vic_loca_6":null,"vic_loca_7":"2"},"id":"ckan_af33dd8c_0534_4e18_9245_fc64440f742e.874"},{"arcs":[[885,886,887,888]],"type":"Polygon","properties":{"lc_ply_pid":"7198","dt_create":"2011-08-31Z","dt_retire":null,"loc_pid":"VIC2459","vic_locali":"2012-04-27Z","vic_loca_1":null,"vic_loca_2":"TARRAWARRA","vic_loca_3":null,"vic_loca_4":null,"vic_loca_5":"G","vic_loca_6":null,"vic_loca_7":"2"},"id":"ckan_af33dd8c_0534_4e18_9245_fc64440f742e.889"},{"arcs":[[889,-882,890,-406,-679,891]],"type":"Polygon","properties":{"lc_ply_pid":"9976","dt_create":"2013-11-26Z","dt_retire":null,"loc_pid":"VIC2636","vic_locali":"2012-04-27Z","vic_loca_1":null,"vic_loca_2":"VIEWBANK","vic_loca_3":null,"vic_loca_4":null,"vic_loca_5":"G","vic_loca_6":null,"vic_loca_7":"2"},"id":"ckan_af33dd8c_0534_4e18_9245_fc64440f742e.891"},{"arcs":[[892,-787,893,-835,894,895]],"type":"Polygon","properties":{"lc_ply_pid":"9977","dt_create":"2013-11-26Z","dt_retire":null,"loc_pid":"VIC1890","vic_locali":"2012-04-27Z","vic_loca_1":null,"vic_loca_2":"NARRE WARREN EAST","vic_loca_3":null,"vic_loca_4":null,"vic_loca_5":"G","vic_loca_6":null,"vic_loca_7":"2"},"id":"ckan_af33dd8c_0534_4e18_9245_fc64440f742e.892"},{"arcs":[[896,897,898]],"type":"Polygon","properties":{"lc_ply_pid":"7341","dt_create":"2011-08-31Z","dt_retire":null,"loc_pid":"VIC701","vic_locali":"2012-04-27Z","vic_loca_1":null,"vic_loca_2":"DALMORE","vic_loca_3":null,"vic_loca_4":null,"vic_loca_5":"G","vic_loca_6":null,"vic_loca_7":"2"},"id":"ckan_af33dd8c_0534_4e18_9245_fc64440f742e.905"},{"arcs":[[-811,899,900,901,-701,-737]],"type":"Polygon","properties":{"lc_ply_pid":"9978","dt_create":"2013-11-26Z","dt_retire":null,"loc_pid":"VIC2499","vic_locali":"2012-04-27Z","vic_loca_1":null,"vic_loca_2":"THE BASIN","vic_loca_3":null,"vic_loca_4":null,"vic_loca_5":"G","vic_loca_6":null,"vic_loca_7":"2"},"id":"ckan_af33dd8c_0534_4e18_9245_fc64440f742e.893"},{"arcs":[[902,903,-487,904,-867,905]],"type":"Polygon","properties":{"lc_ply_pid":"9981","dt_create":"2013-11-26Z","dt_retire":null,"loc_pid":"VIC419","vic_locali":"2013-01-23Z","vic_loca_1":null,"vic_loca_2":"BURNSIDE","vic_loca_3":null,"vic_loca_4":null,"vic_loca_5":"G","vic_loca_6":null,"vic_loca_7":"2"},"id":"ckan_af33dd8c_0534_4e18_9245_fc64440f742e.895"},{"arcs":[[906,907,908]],"type":"Polygon","properties":{"lc_ply_pid":"7344","dt_create":"2011-08-31Z","dt_retire":null,"loc_pid":"VIC2675","vic_locali":"2012-04-27Z","vic_loca_1":null,"vic_loca_2":"WANDIN EAST","vic_loca_3":null,"vic_loca_4":null,"vic_loca_5":"G","vic_loca_6":null,"vic_loca_7":"2"},"id":"ckan_af33dd8c_0534_4e18_9245_fc64440f742e.907"},{"arcs":[[909,910,911,912,913,-335,-770,914]],"type":"Polygon","properties":{"lc_ply_pid":"7348","dt_create":"2011-08-31Z","dt_retire":null,"loc_pid":"VIC2706","vic_locali":"2012-04-27Z","vic_loca_1":null,"vic_loca_2":"WARRANDYTE","vic_loca_3":null,"vic_loca_4":null,"vic_loca_5":"G","vic_loca_6":null,"vic_loca_7":"2"},"id":"ckan_af33dd8c_0534_4e18_9245_fc64440f742e.908"},{"arcs":[[915,916,917,918,-15,919]],"type":"Polygon","properties":{"lc_ply_pid":"7318","dt_create":"2011-08-31Z","dt_retire":null,"loc_pid":"VIC2080","vic_locali":"2012-04-27Z","vic_loca_1":null,"vic_loca_2":"PLENTY","vic_loca_3":null,"vic_loca_4":null,"vic_loca_5":"G","vic_loca_6":null,"vic_loca_7":"2"},"id":"ckan_af33dd8c_0534_4e18_9245_fc64440f742e.904"},{"arcs":[[920,921,-909,922,-711,923,924]],"type":"Polygon","properties":{"lc_ply_pid":"7350","dt_create":"2011-08-31Z","dt_retire":null,"loc_pid":"VIC2676","vic_locali":"2012-04-27Z","vic_loca_1":null,"vic_loca_2":"WANDIN NORTH","vic_loca_3":null,"vic_loca_4":null,"vic_loca_5":"G","vic_loca_6":null,"vic_loca_7":"2"},"id":"ckan_af33dd8c_0534_4e18_9245_fc64440f742e.909"},{"arcs":[[-538,925,926,927,928]],"type":"Polygon","properties":{"lc_ply_pid":"7351","dt_create":"2011-08-31Z","dt_retire":null,"loc_pid":"VIC466","vic_locali":"2012-04-27Z","vic_loca_1":null,"vic_loca_2":"CANNONS CREEK","vic_loca_3":null,"vic_loca_4":null,"vic_loca_5":"G","vic_loca_6":null,"vic_loca_7":"2"},"id":"ckan_af33dd8c_0534_4e18_9245_fc64440f742e.910"},{"arcs":[[-871,-702,-902,929,930]],"type":"Polygon","properties":{"lc_ply_pid":"7371","dt_create":"2011-08-31Z","dt_retire":null,"loc_pid":"VIC1781","vic_locali":"2012-04-27Z","vic_loca_1":null,"vic_loca_2":"MOUNT DANDENONG","vic_loca_3":null,"vic_loca_4":null,"vic_loca_5":"G","vic_loca_6":null,"vic_loca_7":"2"},"id":"ckan_af33dd8c_0534_4e18_9245_fc64440f742e.912"},{"arcs":[[931,932,-451,-861,-713,-55]],"type":"Polygon","properties":{"lc_ply_pid":"7372","dt_create":"2011-08-31Z","dt_retire":null,"loc_pid":"VIC753","vic_locali":"2012-04-27Z","vic_loca_1":null,"vic_loca_2":"DINGLEY VILLAGE","vic_loca_3":null,"vic_loca_4":null,"vic_loca_5":"G","vic_loca_6":null,"vic_loca_7":"2"},"id":"ckan_af33dd8c_0534_4e18_9245_fc64440f742e.913"},{"arcs":[[-913,933,934,935,936]],"type":"Polygon","properties":{"lc_ply_pid":"7331","dt_create":"2011-08-31Z","dt_retire":null,"loc_pid":"VIC1965","vic_locali":"2012-04-27Z","vic_loca_1":null,"vic_loca_2":"NORTH WARRANDYTE","vic_loca_3":null,"vic_loca_4":null,"vic_loca_5":"G","vic_loca_6":null,"vic_loca_7":"2"},"id":"ckan_af33dd8c_0534_4e18_9245_fc64440f742e.917"},{"arcs":[[937,938,939,940,941,942]],"type":"Polygon","properties":{"lc_ply_pid":"9473","dt_create":"2012-05-16Z","dt_retire":null,"loc_pid":"VIC1669","vic_locali":"2012-07-26Z","vic_loca_1":null,"vic_loca_2":"MICKLEHAM","vic_loca_3":null,"vic_loca_4":null,"vic_loca_5":"G","vic_loca_6":null,"vic_loca_7":"2"},"id":"ckan_af33dd8c_0534_4e18_9245_fc64440f742e.920"},{"arcs":[[-615,-595,943,944,-723,-509,-671]],"type":"Polygon","properties":{"lc_ply_pid":"7194","dt_create":"2011-08-31Z","dt_retire":null,"loc_pid":"VIC36","vic_locali":"2012-04-27Z","vic_loca_1":null,"vic_loca_2":"ALTONA NORTH","vic_loca_3":null,"vic_loca_4":null,"vic_loca_5":"G","vic_loca_6":null,"vic_loca_7":"2"},"id":"ckan_af33dd8c_0534_4e18_9245_fc64440f742e.925"},{"arcs":[[945,946,947,948,-651,-198,-489,949]],"type":"Polygon","properties":{"lc_ply_pid":"7279","dt_create":"2011-08-31Z","dt_retire":null,"loc_pid":"VIC2335","vic_locali":"2012-04-27Z","vic_loca_1":null,"vic_loca_2":"ST ALBANS","vic_loca_3":null,"vic_loca_4":null,"vic_loca_5":"G","vic_loca_6":null,"vic_loca_7":"2"},"id":"ckan_af33dd8c_0534_4e18_9245_fc64440f742e.927"},{"arcs":[[950,-872,-931,951,-708]],"type":"Polygon","properties":{"lc_ply_pid":"7374","dt_create":"2011-08-31Z","dt_retire":null,"loc_pid":"VIC1282","vic_locali":"2012-04-27Z","vic_loca_1":null,"vic_loca_2":"KALORAMA","vic_loca_3":null,"vic_loca_4":null,"vic_loca_5":"G","vic_loca_6":null,"vic_loca_7":"2"},"id":"ckan_af33dd8c_0534_4e18_9245_fc64440f742e.929"},{"arcs":[[952,-456,-465,-288,-523]],"type":"Polygon","properties":{"lc_ply_pid":"9297","dt_create":"2011-08-31Z","dt_retire":null,"loc_pid":"VIC825","vic_locali":"2012-04-27Z","vic_loca_1":null,"vic_loca_2":"EAST MELBOURNE","vic_loca_3":null,"vic_loca_4":null,"vic_loca_5":"G","vic_loca_6":null,"vic_loca_7":"2"},"id":"ckan_af33dd8c_0534_4e18_9245_fc64440f742e.2433"},{"arcs":[[953,954,955]],"type":"Polygon","properties":{"lc_ply_pid":"7660","dt_create":"2011-08-31Z","dt_retire":null,"loc_pid":"VIC2931","vic_locali":"2012-04-27Z","vic_loca_1":null,"vic_loca_2":"YERING","vic_loca_3":null,"vic_loca_4":null,"vic_loca_5":"G","vic_loca_6":null,"vic_loca_7":"2"},"id":"ckan_af33dd8c_0534_4e18_9245_fc64440f742e.963"},{"arcs":[[956,-473,-944,957,958,-424,959]],"type":"Polygon","properties":{"lc_ply_pid":"7184","dt_create":"2011-08-31Z","dt_retire":null,"loc_pid":"VIC34","vic_locali":"2012-04-27Z","vic_loca_1":null,"vic_loca_2":"ALTONA","vic_loca_3":null,"vic_loca_4":null,"vic_loca_5":"G","vic_loca_6":null,"vic_loca_7":"2"},"id":"ckan_af33dd8c_0534_4e18_9245_fc64440f742e.1004"},{"arcs":[[-215,-76,-186,-133,960,961,-624,-230]],"type":"Polygon","properties":{"lc_ply_pid":"7591","dt_create":"2011-08-31Z","dt_retire":null,"loc_pid":"VIC507","vic_locali":"2012-04-27Z","vic_loca_1":null,"vic_loca_2":"CARRUM DOWNS","vic_loca_3":null,"vic_loca_4":null,"vic_loca_5":"G","vic_loca_6":null,"vic_loca_7":"2"},"id":"ckan_af33dd8c_0534_4e18_9245_fc64440f742e.1113"},{"arcs":[[962,963,-849,-800]],"type":"Polygon","properties":{"lc_ply_pid":"7243","dt_create":"2011-08-31Z","dt_retire":null,"loc_pid":"VIC1462","vic_locali":"2012-04-27Z","vic_loca_1":null,"vic_loca_2":"LANGWARRIN SOUTH","vic_loca_3":null,"vic_loca_4":null,"vic_loca_5":"G","vic_loca_6":null,"vic_loca_7":"2"},"id":"ckan_af33dd8c_0534_4e18_9245_fc64440f742e.1027"},{"arcs":[[-961,-135,-185,-855,964,965]],"type":"Polygon","properties":{"lc_ply_pid":"7650","dt_create":"2011-08-31Z","dt_retire":null,"loc_pid":"VIC2296","vic_locali":"2012-04-27Z","vic_loca_1":null,"vic_loca_2":"SKYE","vic_loca_3":null,"vic_loca_4":null,"vic_loca_5":"G","vic_loca_6":null,"vic_loca_7":"2"},"id":"ckan_af33dd8c_0534_4e18_9245_fc64440f742e.1262"},{"arcs":[[966,967,968]],"type":"Polygon","properties":{"lc_ply_pid":"10286","dt_create":"2016-06-03Z","dt_retire":null,"loc_pid":"VIC3007","vic_locali":"2016-08-08Z","vic_loca_1":null,"vic_loca_2":"MANOR LAKES","vic_loca_3":null,"vic_loca_4":null,"vic_loca_5":"G","vic_loca_6":null,"vic_loca_7":"2"},"id":"ckan_af33dd8c_0534_4e18_9245_fc64440f742e.1030"},{"arcs":[[969,970,971,972,973]],"type":"Polygon","properties":{"lc_ply_pid":"10318","dt_create":"2016-06-03Z","dt_retire":null,"loc_pid":"VIC1749","vic_locali":"2016-08-08Z","vic_loca_1":null,"vic_loca_2":"MOOROOLBARK","vic_loca_3":null,"vic_loca_4":null,"vic_loca_5":"G","vic_loca_6":null,"vic_loca_7":"2"},"id":"ckan_af33dd8c_0534_4e18_9245_fc64440f742e.1039"},{"arcs":[[974,-967,975,976,977]],"type":"Polygon","properties":{"lc_ply_pid":"10331","dt_create":"2016-06-03Z","dt_retire":null,"loc_pid":"VIC1583","vic_locali":"2016-08-08Z","vic_loca_1":null,"vic_loca_2":"MAMBOURIN","vic_loca_3":null,"vic_loca_4":null,"vic_loca_5":"G","vic_loca_6":null,"vic_loca_7":"2"},"id":"ckan_af33dd8c_0534_4e18_9245_fc64440f742e.1263"},{"arcs":[[-873,-951,-707,-923,-908,978,979,980,981]],"type":"Polygon","properties":{"lc_ply_pid":"7740","dt_create":"2011-08-31Z","dt_retire":null,"loc_pid":"VIC2286","vic_locali":"2012-04-27Z","vic_loca_1":null,"vic_loca_2":"SILVAN","vic_loca_3":null,"vic_loca_4":null,"vic_loca_5":"G","vic_loca_6":null,"vic_loca_7":"2"},"id":"ckan_af33dd8c_0534_4e18_9245_fc64440f742e.1066"},{"arcs":[[-261,982,983,-301,-792]],"type":"Polygon","properties":{"lc_ply_pid":"10328","dt_create":"2016-06-03Z","dt_retire":null,"loc_pid":"VIC653","vic_locali":"2016-08-08Z","vic_loca_1":null,"vic_loca_2":"COTTLES BRIDGE","vic_loca_3":null,"vic_loca_4":null,"vic_loca_5":"G","vic_loca_6":null,"vic_loca_7":"2"},"id":"ckan_af33dd8c_0534_4e18_9245_fc64440f742e.1071"},{"arcs":[[984,-790,985,-917,986]],"type":"Polygon","properties":{"lc_ply_pid":"10285","dt_create":"2016-06-03Z","dt_retire":null,"loc_pid":"VIC2917","vic_locali":"2016-08-08Z","vic_loca_1":null,"vic_loca_2":"YARRAMBAT","vic_loca_3":null,"vic_loca_4":null,"vic_loca_5":"G","vic_loca_6":null,"vic_loca_7":"2"},"id":"ckan_af33dd8c_0534_4e18_9245_fc64440f742e.1072"},{"arcs":[[987,988,989,990]],"type":"Polygon","properties":{"lc_ply_pid":"9803","dt_create":"2013-08-26Z","dt_retire":null,"loc_pid":"VIC602","vic_locali":"2013-10-31Z","vic_loca_1":null,"vic_loca_2":"COIMADAI","vic_loca_3":null,"vic_loca_4":null,"vic_loca_5":"G","vic_loca_6":null,"vic_loca_7":"2"},"id":"ckan_af33dd8c_0534_4e18_9245_fc64440f742e.1056"},{"arcs":[[991,-625,-962,-966,992,993,-963]],"type":"Polygon","properties":{"lc_ply_pid":"7900","dt_create":"2011-08-31Z","dt_retire":null,"loc_pid":"VIC1461","vic_locali":"2012-04-27Z","vic_loca_1":null,"vic_loca_2":"LANGWARRIN","vic_loca_3":null,"vic_loca_4":null,"vic_loca_5":"G","vic_loca_6":null,"vic_loca_7":"2"},"id":"ckan_af33dd8c_0534_4e18_9245_fc64440f742e.1090"},{"arcs":[[994,-924,-710,995,-974,996]],"type":"Polygon","properties":{"lc_ply_pid":"7498","dt_create":"2011-08-31Z","dt_retire":null,"loc_pid":"VIC1499","vic_locali":"2012-04-27Z","vic_loca_1":null,"vic_loca_2":"LILYDALE","vic_loca_3":null,"vic_loca_4":null,"vic_loca_5":"G","vic_loca_6":null,"vic_loca_7":"2"},"id":"ckan_af33dd8c_0534_4e18_9245_fc64440f742e.1092"},{"arcs":[[997,-187,-173,-865,998,999]],"type":"Polygon","properties":{"lc_ply_pid":"7255","dt_create":"2011-08-31Z","dt_retire":null,"loc_pid":"VIC1125","vic_locali":"2012-04-27Z","vic_loca_1":null,"vic_loca_2":"HAMPTON PARK","vic_loca_3":null,"vic_loca_4":null,"vic_loca_5":"G","vic_loca_6":null,"vic_loca_7":"2"},"id":"ckan_af33dd8c_0534_4e18_9245_fc64440f742e.1117"},{"arcs":[[-980,1000,1001,1002]],"type":"Polygon","properties":{"lc_ply_pid":"9820","dt_create":"2013-08-26Z","dt_retire":null,"loc_pid":"VIC2926","vic_locali":"2013-10-31Z","vic_loca_1":null,"vic_loca_2":"YELLINGBO","vic_loca_3":null,"vic_loca_4":null,"vic_loca_5":"G","vic_loca_6":null,"vic_loca_7":"2"},"id":"ckan_af33dd8c_0534_4e18_9245_fc64440f742e.1122"},{"arcs":[[1003,1004,1005]],"type":"Polygon","properties":{"lc_ply_pid":"9821","dt_create":"2013-08-26Z","dt_retire":null,"loc_pid":"VIC2268","vic_locali":"2013-10-31Z","vic_loca_1":null,"vic_loca_2":"SEVILLE EAST","vic_loca_3":null,"vic_loca_4":null,"vic_loca_5":"G","vic_loca_6":null,"vic_loca_7":"2"},"id":"ckan_af33dd8c_0534_4e18_9245_fc64440f742e.1123"},{"arcs":[[-922,1006,-1006,1007,-1001,-979,-907]],"type":"Polygon","properties":{"lc_ply_pid":"9822","dt_create":"2013-08-26Z","dt_retire":null,"loc_pid":"VIC2267","vic_locali":"2013-10-31Z","vic_loca_1":null,"vic_loca_2":"SEVILLE","vic_loca_3":null,"vic_loca_4":null,"vic_loca_5":"G","vic_loca_6":null,"vic_loca_7":"2"},"id":"ckan_af33dd8c_0534_4e18_9245_fc64440f742e.1124"},{"arcs":[[1008,1009,1010,1011,1012,1013,1014,1015]],"type":"Polygon","properties":{"lc_ply_pid":"10339","dt_create":"2016-06-03Z","dt_retire":null,"loc_pid":"VIC224","vic_locali":"2016-08-08Z","vic_loca_1":null,"vic_loca_2":"BERWICK","vic_loca_3":null,"vic_loca_4":null,"vic_loca_5":"G","vic_loca_6":null,"vic_loca_7":"2"},"id":"ckan_af33dd8c_0534_4e18_9245_fc64440f742e.1133"},{"arcs":[[1016,-840,1017,-1013]],"type":"Polygon","properties":{"lc_ply_pid":"10340","dt_create":"2016-06-03Z","dt_retire":null,"loc_pid":"VIC175","vic_locali":"2016-08-08Z","vic_loca_1":null,"vic_loca_2":"BEACONSFIELD","vic_loca_3":null,"vic_loca_4":null,"vic_loca_5":"G","vic_loca_6":null,"vic_loca_7":"2"},"id":"ckan_af33dd8c_0534_4e18_9245_fc64440f742e.1134"},{"arcs":[[1018,1019,1020,1021,-681,1022,1023]],"type":"Polygon","properties":{"lc_ply_pid":"10334","dt_create":"2016-06-03Z","dt_retire":null,"loc_pid":"VIC2511","vic_locali":"2016-08-08Z","vic_loca_1":null,"vic_loca_2":"THORNBURY","vic_loca_3":null,"vic_loca_4":null,"vic_loca_5":"G","vic_loca_6":null,"vic_loca_7":"2"},"id":"ckan_af33dd8c_0534_4e18_9245_fc64440f742e.1137"},{"arcs":[[-868,-905,-486,-200,-436,1024,1025]],"type":"Polygon","properties":{"lc_ply_pid":"7263","dt_create":"2011-08-31Z","dt_retire":null,"loc_pid":"VIC725","vic_locali":"2012-04-27Z","vic_loca_1":null,"vic_loca_2":"DEER PARK","vic_loca_3":null,"vic_loca_4":null,"vic_loca_5":"G","vic_loca_6":null,"vic_loca_7":"2"},"id":"ckan_af33dd8c_0534_4e18_9245_fc64440f742e.1145"},{"arcs":[[1026,1027,1028,-636]],"type":"Polygon","properties":{"lc_ply_pid":"7737","dt_create":"2011-08-31Z","dt_retire":null,"loc_pid":"VIC2596","vic_locali":"2012-04-27Z","vic_loca_1":null,"vic_loca_2":"TYABB","vic_loca_3":null,"vic_loca_4":null,"vic_loca_5":"G","vic_loca_6":null,"vic_loca_7":"2"},"id":"ckan_af33dd8c_0534_4e18_9245_fc64440f742e.1169"},{"arcs":[[-123,-898,1029,1030,-540,1031]],"type":"Polygon","properties":{"lc_ply_pid":"7584","dt_create":"2011-08-31Z","dt_retire":null,"loc_pid":"VIC2549","vic_locali":"2012-04-27Z","vic_loca_1":null,"vic_loca_2":"TOORADIN","vic_loca_3":null,"vic_loca_4":null,"vic_loca_5":"G","vic_loca_6":null,"vic_loca_7":"2"},"id":"ckan_af33dd8c_0534_4e18_9245_fc64440f742e.1177"},{"arcs":[[-743,1032,1033,-981,-1003,1034]],"type":"Polygon","properties":{"lc_ply_pid":"7500","dt_create":"2011-08-31Z","dt_retire":null,"loc_pid":"VIC1556","vic_locali":"2012-04-27Z","vic_loca_1":null,"vic_loca_2":"MACCLESFIELD","vic_loca_3":null,"vic_loca_4":null,"vic_loca_5":"G","vic_loca_6":null,"vic_loca_7":"2"},"id":"ckan_af33dd8c_0534_4e18_9245_fc64440f742e.1188"},{"arcs":[[1035,1036,-857,-721,1037,-741,1038]],"type":"Polygon","properties":{"lc_ply_pid":"7589","dt_create":"2011-08-31Z","dt_retire":null,"loc_pid":"VIC1573","vic_locali":"2012-04-27Z","vic_loca_1":null,"vic_loca_2":"MAIN RIDGE","vic_loca_3":null,"vic_loca_4":null,"vic_loca_5":"G","vic_loca_6":null,"vic_loca_7":"2"},"id":"ckan_af33dd8c_0534_4e18_9245_fc64440f742e.1202"},{"arcs":[[1039,1040,1041,1042,1043,-387]],"type":"Polygon","properties":{"lc_ply_pid":"7620","dt_create":"2011-08-31Z","dt_retire":null,"loc_pid":"VIC2024","vic_locali":"2012-04-27Z","vic_loca_1":null,"vic_loca_2":"PAKENHAM SOUTH","vic_loca_3":null,"vic_loca_4":null,"vic_loca_5":"G","vic_loca_6":null,"vic_loca_7":"2"},"id":"ckan_af33dd8c_0534_4e18_9245_fc64440f742e.1207"},{"arcs":[[1044,1045,-935,1046,1047]],"type":"Polygon","properties":{"lc_ply_pid":"7357","dt_create":"2011-08-31Z","dt_retire":null,"loc_pid":"VIC2157","vic_locali":"2012-04-27Z","vic_loca_1":null,"vic_loca_2":"RESEARCH","vic_loca_3":null,"vic_loca_4":null,"vic_loca_5":"G","vic_loca_6":null,"vic_loca_7":"2"},"id":"ckan_af33dd8c_0534_4e18_9245_fc64440f742e.1233"},{"arcs":[[1048,1049,1050,-644]],"type":"Polygon","properties":{"lc_ply_pid":"7409","dt_create":"2011-08-31Z","dt_retire":null,"loc_pid":"VIC2311","vic_locali":"2012-04-27Z","vic_loca_1":null,"vic_loca_2":"SORRENTO","vic_loca_3":null,"vic_loca_4":null,"vic_loca_5":"G","vic_loca_6":null,"vic_loca_7":"2"},"id":"ckan_af33dd8c_0534_4e18_9245_fc64440f742e.1238"},{"arcs":[[1051,-738,1052,1053,1054,1055]],"type":"Polygon","properties":{"lc_ply_pid":"7601","dt_create":"2011-08-31Z","dt_retire":null,"loc_pid":"VIC1658","vic_locali":"2012-04-27Z","vic_loca_1":null,"vic_loca_2":"MERRICKS NORTH","vic_loca_3":null,"vic_loca_4":null,"vic_loca_5":"G","vic_loca_6":null,"vic_loca_7":"2"},"id":"ckan_af33dd8c_0534_4e18_9245_fc64440f742e.1273"},{"arcs":[[1056,-1040,-386,1057,-899,-122,1058]],"type":"Polygon","properties":{"lc_ply_pid":"7602","dt_create":"2011-08-31Z","dt_retire":null,"loc_pid":"VIC486","vic_locali":"2012-04-27Z","vic_loca_1":null,"vic_loca_2":"CARDINIA","vic_loca_3":null,"vic_loca_4":null,"vic_loca_5":"G","vic_loca_6":null,"vic_loca_7":"2"},"id":"ckan_af33dd8c_0534_4e18_9245_fc64440f742e.1275"},{"arcs":[[1059,-827,-573,-660,1060]],"type":"Polygon","properties":{"lc_ply_pid":"10511","dt_create":"2016-12-16Z","dt_retire":null,"loc_pid":"VIC2210","vic_locali":"2017-02-02Z","vic_loca_1":null,"vic_loca_2":"ROXBURGH PARK","vic_loca_3":null,"vic_loca_4":null,"vic_loca_5":"G","vic_loca_6":null,"vic_loca_7":"2"},"id":"ckan_af33dd8c_0534_4e18_9245_fc64440f742e.1279"},{"arcs":[[1061,-942,1062,1063]],"type":"Polygon","properties":{"lc_ply_pid":"10454","dt_create":"2016-12-16Z","dt_retire":null,"loc_pid":"VIC1279","vic_locali":"2017-02-02Z","vic_loca_1":null,"vic_loca_2":"KALKALLO","vic_loca_3":null,"vic_loca_4":null,"vic_loca_5":"G","vic_loca_6":null,"vic_loca_7":"2"},"id":"ckan_af33dd8c_0534_4e18_9245_fc64440f742e.1281"},{"arcs":[[-992,-799,1064,-227,-623]],"type":"Polygon","properties":{"lc_ply_pid":"7617","dt_create":"2011-08-31Z","dt_retire":null,"loc_pid":"VIC939","vic_locali":"2012-04-27Z","vic_loca_1":null,"vic_loca_2":"FRANKSTON","vic_loca_3":null,"vic_loca_4":null,"vic_loca_5":"G","vic_loca_6":null,"vic_loca_7":"2"},"id":"ckan_af33dd8c_0534_4e18_9245_fc64440f742e.1282"},{"arcs":[[-426,-829,-706,1065,-496,1066,-466,-698]],"type":"Polygon","properties":{"lc_ply_pid":"9733","dt_create":"2013-02-22Z","dt_retire":null,"loc_pid":"VIC215","vic_locali":"2013-04-30Z","vic_loca_1":null,"vic_loca_2":"BENTLEIGH EAST","vic_loca_3":null,"vic_loca_4":null,"vic_loca_5":"G","vic_loca_6":null,"vic_loca_7":"2"},"id":"ckan_af33dd8c_0534_4e18_9245_fc64440f742e.1287"},{"arcs":[[-805,-497,-1066,-705]],"type":"Polygon","properties":{"lc_ply_pid":"9732","dt_create":"2013-02-22Z","dt_retire":null,"loc_pid":"VIC214","vic_locali":"2013-04-30Z","vic_loca_1":null,"vic_loca_2":"BENTLEIGH","vic_loca_3":null,"vic_loca_4":null,"vic_loca_5":"G","vic_loca_6":null,"vic_loca_7":"2"},"id":"ckan_af33dd8c_0534_4e18_9245_fc64440f742e.1290"},{"arcs":[[1067,-797,-848,-639,-96]],"type":"Polygon","properties":{"lc_ply_pid":"7441","dt_create":"2011-08-31Z","dt_retire":null,"loc_pid":"VIC1788","vic_locali":"2012-04-27Z","vic_loca_1":null,"vic_loca_2":"MOUNT ELIZA","vic_loca_3":null,"vic_loca_4":null,"vic_loca_5":"G","vic_loca_6":null,"vic_loca_7":"2"},"id":"ckan_af33dd8c_0534_4e18_9245_fc64440f742e.1314"},{"arcs":[[-1034,1068,-815,-319,-874,-982]],"type":"Polygon","properties":{"lc_ply_pid":"7565","dt_create":"2011-08-31Z","dt_retire":null,"loc_pid":"VIC1721","vic_locali":"2012-04-27Z","vic_loca_1":null,"vic_loca_2":"MONBULK","vic_loca_3":null,"vic_loca_4":null,"vic_loca_5":"G","vic_loca_6":null,"vic_loca_7":"2"},"id":"ckan_af33dd8c_0534_4e18_9245_fc64440f742e.1307"},{"arcs":[[-569,1069,1070,1071,1072,-1056,1073]],"type":"Polygon","properties":{"lc_ply_pid":"7639","dt_create":"2011-08-31Z","dt_retire":null,"loc_pid":"VIC119","vic_locali":"2012-04-27Z","vic_loca_1":null,"vic_loca_2":"BALNARRING","vic_loca_3":null,"vic_loca_4":null,"vic_loca_5":"G","vic_loca_6":null,"vic_loca_7":"2"},"id":"ckan_af33dd8c_0534_4e18_9245_fc64440f742e.1320"},{"arcs":[[1074,-1029,1075,-564]],"type":"Polygon","properties":{"lc_ply_pid":"7641","dt_create":"2011-08-31Z","dt_retire":null,"loc_pid":"VIC1136","vic_locali":"2012-04-27Z","vic_loca_1":null,"vic_loca_2":"HASTINGS","vic_loca_3":null,"vic_loca_4":null,"vic_loca_5":"G","vic_loca_6":null,"vic_loca_7":"2"},"id":"ckan_af33dd8c_0534_4e18_9245_fc64440f742e.1322"},{"arcs":[[1076,-521,-433,1077,1078,1079,1080,1081,1082]],"type":"Polygon","properties":{"lc_ply_pid":"8620","dt_create":"2011-08-31Z","dt_retire":null,"loc_pid":"VIC2034","vic_locali":"2012-04-27Z","vic_loca_1":null,"vic_loca_2":"PARKVILLE","vic_loca_3":null,"vic_loca_4":null,"vic_loca_5":"G","vic_loca_6":null,"vic_loca_7":"2"},"id":"ckan_af33dd8c_0534_4e18_9245_fc64440f742e.1341"},{"arcs":[[-495,-804,-283,-592,-467,-1067]],"type":"Polygon","properties":{"lc_ply_pid":"9955","dt_create":"2013-11-26Z","dt_retire":null,"loc_pid":"VIC2012","vic_locali":"2014-01-31Z","vic_loca_1":null,"vic_loca_2":"ORMOND","vic_loca_3":null,"vic_loca_4":null,"vic_loca_5":"G","vic_loca_6":null,"vic_loca_7":"2"},"id":"ckan_af33dd8c_0534_4e18_9245_fc64440f742e.1353"},{"arcs":[[-761,-64,1083,1084,1085]],"type":"Polygon","properties":{"lc_ply_pid":"10494","dt_create":"2016-12-16Z","dt_retire":null,"loc_pid":"VIC453","vic_locali":"2017-02-02Z","vic_loca_1":null,"vic_loca_2":"CAMBERWELL","vic_loca_3":null,"vic_loca_4":null,"vic_loca_5":"G","vic_loca_6":null,"vic_loca_7":"2"},"id":"ckan_af33dd8c_0534_4e18_9245_fc64440f742e.1393"},{"arcs":[[-915,-769,-232,1086,1087,-630,-768,1088]],"type":"Polygon","properties":{"lc_ply_pid":"10462","dt_create":"2016-12-16Z","dt_retire":null,"loc_pid":"VIC769","vic_locali":"2017-02-02Z","vic_loca_1":null,"vic_loca_2":"DONVALE","vic_loca_3":null,"vic_loca_4":null,"vic_loca_5":"G","vic_loca_6":null,"vic_loca_7":"2"},"id":"ckan_af33dd8c_0534_4e18_9245_fc64440f742e.1394"},{"arcs":[[1089,-819,1090,1091,-773,1092,-165,1093,1094]],"type":"Polygon","properties":{"lc_ply_pid":"10427","dt_create":"2016-12-16Z","dt_retire":null,"loc_pid":"VIC2209","vic_locali":"2017-02-02Z","vic_loca_1":null,"vic_loca_2":"ROWVILLE","vic_loca_3":null,"vic_loca_4":null,"vic_loca_5":"G","vic_loca_6":null,"vic_loca_7":"2"},"id":"ckan_af33dd8c_0534_4e18_9245_fc64440f742e.1395"},{"arcs":[[-767,1095,1096,-910,-1089]],"type":"Polygon","properties":{"lc_ply_pid":"10434","dt_create":"2016-12-16Z","dt_retire":null,"loc_pid":"VIC767","vic_locali":"2017-02-02Z","vic_loca_1":null,"vic_loca_2":"DONCASTER EAST","vic_loca_3":null,"vic_loca_4":null,"vic_loca_5":"G","vic_loca_6":null,"vic_loca_7":"2"},"id":"ckan_af33dd8c_0534_4e18_9245_fc64440f742e.1396"},{"arcs":[[-149,1097,1098,1099,1100]],"type":"Polygon","properties":{"lc_ply_pid":"10411","dt_create":"2016-12-16Z","dt_retire":null,"loc_pid":"VIC1653","vic_locali":"2017-02-02Z","vic_loca_1":null,"vic_loca_2":"MERNDA","vic_loca_3":null,"vic_loca_4":null,"vic_loca_5":"G","vic_loca_6":null,"vic_loca_7":"2"},"id":"ckan_af33dd8c_0534_4e18_9245_fc64440f742e.1397"},{"arcs":[[-1099,1101,1102,-263,-791,-985,1103]],"type":"Polygon","properties":{"lc_ply_pid":"10490","dt_create":"2016-12-16Z","dt_retire":null,"loc_pid":"VIC774","vic_locali":"2017-02-02Z","vic_loca_1":null,"vic_loca_2":"DOREEN","vic_loca_3":null,"vic_loca_4":null,"vic_loca_5":"G","vic_loca_6":null,"vic_loca_7":"2"},"id":"ckan_af33dd8c_0534_4e18_9245_fc64440f742e.1398"},{"arcs":[[1104,-168,1105,-1102,-1098,-148]],"type":"Polygon","properties":{"lc_ply_pid":"10489","dt_create":"2016-12-16Z","dt_retire":null,"loc_pid":"VIC2899","vic_locali":"2017-02-02Z","vic_loca_1":null,"vic_loca_2":"YAN YEAN","vic_loca_3":null,"vic_loca_4":null,"vic_loca_5":"G","vic_loca_6":null,"vic_loca_7":"2"},"id":"ckan_af33dd8c_0534_4e18_9245_fc64440f742e.1399"},{"arcs":[[-936,-1046,1106,-793,-299,-594,1107,-542,1108]],"type":"Polygon","properties":{"lc_ply_pid":"8103","dt_create":"2011-08-31Z","dt_retire":null,"loc_pid":"VIC1289","vic_locali":"2012-04-27Z","vic_loca_1":null,"vic_loca_2":"KANGAROO GROUND","vic_loca_3":null,"vic_loca_4":null,"vic_loca_5":"G","vic_loca_6":null,"vic_loca_7":"2"},"id":"ckan_af33dd8c_0534_4e18_9245_fc64440f742e.1359"},{"arcs":[[1109,-943,-1062,1110,1111,1112,-825,-1060,1113]],"type":"Polygon","properties":{"lc_ply_pid":"10509","dt_create":"2016-12-16Z","dt_retire":null,"loc_pid":"VIC660","vic_locali":"2017-02-02Z","vic_loca_1":null,"vic_loca_2":"CRAIGIEBURN","vic_loca_3":null,"vic_loca_4":null,"vic_loca_5":"G","vic_loca_6":null,"vic_loca_7":"2"},"id":"ckan_af33dd8c_0534_4e18_9245_fc64440f742e.1360"},{"arcs":[[-1018,-839,1114,1115,1116,-1014]],"type":"Polygon","properties":{"lc_ply_pid":"10437","dt_create":"2016-12-16Z","dt_retire":null,"loc_pid":"VIC2002","vic_locali":"2017-02-02Z","vic_loca_1":null,"vic_loca_2":"OFFICER","vic_loca_3":null,"vic_loca_4":null,"vic_loca_5":"G","vic_loca_6":null,"vic_loca_7":"2"},"id":"ckan_af33dd8c_0534_4e18_9245_fc64440f742e.1362"},{"arcs":[[-993,-965,-854,1117,1118,1119]],"type":"Polygon","properties":{"lc_ply_pid":"8397","dt_create":"2011-08-31Z","dt_retire":null,"loc_pid":"VIC664","vic_locali":"2012-04-27Z","vic_loca_1":null,"vic_loca_2":"CRANBOURNE SOUTH","vic_loca_3":null,"vic_loca_4":null,"vic_loca_5":"G","vic_loca_6":null,"vic_loca_7":"2"},"id":"ckan_af33dd8c_0534_4e18_9245_fc64440f742e.1373"},{"arcs":[[1120,1121,-339,-128]],"type":"Polygon","properties":{"lc_ply_pid":"10084","dt_create":"2015-05-21Z","dt_retire":null,"loc_pid":"VIC573","vic_locali":"2015-08-10Z","vic_loca_1":null,"vic_loca_2":"CLIFTON SPRINGS","vic_loca_3":null,"vic_loca_4":null,"vic_loca_5":"G","vic_loca_6":null,"vic_loca_7":"2"},"id":"ckan_af33dd8c_0534_4e18_9245_fc64440f742e.1404"},{"arcs":[[-617,-612,-514,-885,-256,1122,-675,1123]],"type":"Polygon","properties":{"lc_ply_pid":"10077","dt_create":"2015-05-21Z","dt_retire":null,"loc_pid":"VIC2103","vic_locali":"2015-08-10Z","vic_loca_1":null,"vic_loca_2":"PORT MELBOURNE","vic_loca_3":null,"vic_loca_4":null,"vic_loca_5":"G","vic_loca_6":null,"vic_loca_7":"2"},"id":"ckan_af33dd8c_0534_4e18_9245_fc64440f742e.1405"},{"arcs":[[1124,1125,1126,1127]],"type":"Polygon","properties":{"lc_ply_pid":"7631","dt_create":"2011-08-31Z","dt_retire":null,"loc_pid":"VIC558","vic_locali":"2012-04-27Z","vic_loca_1":null,"vic_loca_2":"CHUM CREEK","vic_loca_3":null,"vic_loca_4":null,"vic_loca_5":"G","vic_loca_6":null,"vic_loca_7":"2"},"id":"ckan_af33dd8c_0534_4e18_9245_fc64440f742e.1408"},{"arcs":[[-747,-558,-751,-816,-1069,-1033,-746,1128,1129,-490,-836,-894,-786]],"type":"Polygon","properties":{"lc_ply_pid":"9963","dt_create":"2013-11-26Z","dt_retire":null,"loc_pid":"VIC861","vic_locali":"2012-04-27Z","vic_loca_1":null,"vic_loca_2":"EMERALD","vic_loca_3":null,"vic_loca_4":null,"vic_loca_5":"G","vic_loca_6":null,"vic_loca_7":"2"},"id":"ckan_af33dd8c_0534_4e18_9245_fc64440f742e.1413"},{"arcs":[[1130,-562,1131,-98,-638]],"type":"Polygon","properties":{"lc_ply_pid":"7706","dt_create":"2011-08-31Z","dt_retire":null,"loc_pid":"VIC1798","vic_locali":"2012-04-27Z","vic_loca_1":null,"vic_loca_2":"MOUNT MARTHA","vic_loca_3":null,"vic_loca_4":null,"vic_loca_5":"G","vic_loca_6":null,"vic_loca_7":"2"},"id":"ckan_af33dd8c_0534_4e18_9245_fc64440f742e.1419"},{"arcs":[[-158,-398,1132,1133,1134]],"type":"Polygon","properties":{"lc_ply_pid":"7783","dt_create":"2011-08-31Z","dt_retire":null,"loc_pid":"VIC878","vic_locali":"2012-04-27Z","vic_loca_1":null,"vic_loca_2":"ESSENDON NORTH","vic_loca_3":null,"vic_loca_4":null,"vic_loca_5":"G","vic_loca_6":null,"vic_loca_7":"2"},"id":"ckan_af33dd8c_0534_4e18_9245_fc64440f742e.1420"},{"arcs":[[1135,1136,-1079]],"type":"Polygon","properties":{"lc_ply_pid":"8591","dt_create":"2011-08-31Z","dt_retire":null,"loc_pid":"VIC2575","vic_locali":"2012-04-27Z","vic_loca_1":null,"vic_loca_2":"TRAVANCORE","vic_loca_3":null,"vic_loca_4":null,"vic_loca_5":"G","vic_loca_6":null,"vic_loca_7":"2"},"id":"ckan_af33dd8c_0534_4e18_9245_fc64440f742e.1431"},{"arcs":[[1137,-336,1138]],"type":"Polygon","properties":{"lc_ply_pid":"8066","dt_create":"2011-08-31Z","dt_retire":null,"loc_pid":"VIC443","vic_locali":"2012-04-27Z","vic_loca_1":null,"vic_loca_2":"CALDERMEADE","vic_loca_3":null,"vic_loca_4":null,"vic_loca_5":"G","vic_loca_6":null,"vic_loca_7":"2"},"id":"ckan_af33dd8c_0534_4e18_9245_fc64440f742e.1436"},{"arcs":[[-549,-384,-627,1139,1140,1141]],"type":"Polygon","properties":{"lc_ply_pid":"9954","dt_create":"2013-11-26Z","dt_retire":null,"loc_pid":"VIC2630","vic_locali":"2012-10-29Z","vic_loca_1":null,"vic_loca_2":"VERMONT","vic_loca_3":null,"vic_loca_4":null,"vic_loca_5":"G","vic_loca_6":null,"vic_loca_7":"2"},"id":"ckan_af33dd8c_0534_4e18_9245_fc64440f742e.1440"},{"arcs":[[1142,1143,-93,1144]],"type":"Polygon","properties":{"lc_ply_pid":"9772","dt_create":"2013-05-27Z","dt_retire":null,"loc_pid":"VIC2131","vic_locali":"2013-08-05Z","vic_loca_1":null,"vic_loca_2":"QUEENSCLIFF","vic_loca_3":null,"vic_loca_4":null,"vic_loca_5":"G","vic_loca_6":null,"vic_loca_7":"2"},"id":"ckan_af33dd8c_0534_4e18_9245_fc64440f742e.1456"},{"arcs":[[-843,1145,-94,-1144,1146,1147]],"type":"Polygon","properties":{"lc_ply_pid":"9773","dt_create":"2013-05-27Z","dt_retire":null,"loc_pid":"VIC2407","vic_locali":"2013-08-05Z","vic_loca_1":null,"vic_loca_2":"SWAN BAY","vic_loca_3":null,"vic_loca_4":null,"vic_loca_5":"G","vic_loca_6":null,"vic_loca_7":"2"},"id":"ckan_af33dd8c_0534_4e18_9245_fc64440f742e.1457"},{"arcs":[[-1143,1148,1149,-666,1150,-1147]],"type":"Polygon","properties":{"lc_ply_pid":"9774","dt_create":"2013-05-27Z","dt_retire":null,"loc_pid":"VIC2084","vic_locali":"2013-08-05Z","vic_loca_1":null,"vic_loca_2":"POINT LONSDALE","vic_loca_3":null,"vic_loca_4":null,"vic_loca_5":"G","vic_loca_6":null,"vic_loca_7":"2"},"id":"ckan_af33dd8c_0534_4e18_9245_fc64440f742e.1458"},{"arcs":[[-1148,-1151,-665,1151,-343]],"type":"Polygon","properties":{"lc_ply_pid":"9775","dt_create":"2013-05-27Z","dt_retire":null,"loc_pid":"VIC1589","vic_locali":"2013-08-05Z","vic_loca_1":null,"vic_loca_2":"MANNERIM","vic_loca_3":null,"vic_loca_4":null,"vic_loca_5":"G","vic_loca_6":null,"vic_loca_7":"2"},"id":"ckan_af33dd8c_0534_4e18_9245_fc64440f742e.1459"},{"arcs":[[1152,1153,-52,1154,1155]],"type":"Polygon","properties":{"lc_ply_pid":"9776","dt_create":"2013-05-27Z","dt_retire":null,"loc_pid":"VIC2038","vic_locali":"2013-08-05Z","vic_loca_1":null,"vic_loca_2":"PASCOE VALE SOUTH","vic_loca_3":null,"vic_loca_4":null,"vic_loca_5":"G","vic_loca_6":null,"vic_loca_7":"2"},"id":"ckan_af33dd8c_0534_4e18_9245_fc64440f742e.1460"},{"arcs":[[-604,1156,1157,-977,1158,-413,1159,-610]],"type":"Polygon","properties":{"lc_ply_pid":"10330","dt_create":"2016-06-03Z","dt_retire":null,"loc_pid":"VIC2753","vic_locali":"2016-08-08Z","vic_loca_1":null,"vic_loca_2":"WERRIBEE","vic_loca_3":null,"vic_loca_4":null,"vic_loca_5":"G","vic_loca_6":null,"vic_loca_7":"2"},"id":"ckan_af33dd8c_0534_4e18_9245_fc64440f742e.1463"},{"arcs":[[-1159,-976,-969,1160,1161,1162,-414]],"type":"Polygon","properties":{"lc_ply_pid":"10329","dt_create":"2016-06-03Z","dt_retire":null,"loc_pid":"VIC2884","vic_locali":"2016-08-08Z","vic_loca_1":null,"vic_loca_2":"WYNDHAM VALE","vic_loca_3":null,"vic_loca_4":null,"vic_loca_5":"G","vic_loca_6":null,"vic_loca_7":"2"},"id":"ckan_af33dd8c_0534_4e18_9245_fc64440f742e.1464"},{"arcs":[[-1103,-1106,-167,1163,1164,1165,-983,-260]],"type":"Polygon","properties":{"lc_ply_pid":"10326","dt_create":"2016-06-03Z","dt_retire":null,"loc_pid":"VIC70","vic_locali":"2016-08-08Z","vic_loca_1":null,"vic_loca_2":"ARTHURS CREEK","vic_loca_3":null,"vic_loca_4":null,"vic_loca_5":"G","vic_loca_6":null,"vic_loca_7":"2"},"id":"ckan_af33dd8c_0534_4e18_9245_fc64440f742e.1465"},{"arcs":[[1166,-955,1167,1168,1169,-886]],"type":"Polygon","properties":{"lc_ply_pid":"7910","dt_create":"2011-08-31Z","dt_retire":null,"loc_pid":"VIC2911","vic_locali":"2012-04-27Z","vic_loca_1":null,"vic_loca_2":"YARRA GLEN","vic_loca_3":null,"vic_loca_4":null,"vic_loca_5":"G","vic_loca_6":null,"vic_loca_7":"2"},"id":"ckan_af33dd8c_0534_4e18_9245_fc64440f742e.1494"},{"arcs":[[1170,1171,1172,1173]],"type":"Polygon","properties":{"lc_ply_pid":"8098","dt_create":"2011-08-31Z","dt_retire":null,"loc_pid":"VIC2787","vic_locali":"2012-04-27Z","vic_loca_1":null,"vic_loca_2":"WILDWOOD","vic_loca_3":null,"vic_loca_4":null,"vic_loca_5":"G","vic_loca_6":null,"vic_loca_7":"2"},"id":"ckan_af33dd8c_0534_4e18_9245_fc64440f742e.1497"},{"arcs":[[1174,1175,1176]],"type":"Polygon","properties":{"lc_ply_pid":"8431","dt_create":"2011-08-31Z","dt_retire":null,"loc_pid":"VIC2085","vic_locali":"2012-04-27Z","vic_loca_1":null,"vic_loca_2":"POINT WILSON","vic_loca_3":null,"vic_loca_4":null,"vic_loca_5":"G","vic_loca_6":null,"vic_loca_7":"2"},"id":"ckan_af33dd8c_0534_4e18_9245_fc64440f742e.1511"},{"arcs":[[-809,1177,1178]],"type":"Polygon","properties":{"lc_ply_pid":"9958","dt_create":"2013-11-26Z","dt_retire":null,"loc_pid":"VIC1350","vic_locali":"2012-04-27Z","vic_loca_1":null,"vic_loca_2":"KILSYTH SOUTH","vic_loca_3":null,"vic_loca_4":null,"vic_loca_5":"G","vic_loca_6":null,"vic_loca_7":"2"},"id":"ckan_af33dd8c_0534_4e18_9245_fc64440f742e.1516"},{"arcs":[[1179,1180,1181,-1169,1182]],"type":"Polygon","properties":{"lc_ply_pid":"7724","dt_create":"2011-08-31Z","dt_retire":null,"loc_pid":"VIC2359","vic_locali":"2012-04-27Z","vic_loca_1":null,"vic_loca_2":"STEELS CREEK","vic_loca_3":null,"vic_loca_4":null,"vic_loca_5":"G","vic_loca_6":null,"vic_loca_7":"2"},"id":"ckan_af33dd8c_0534_4e18_9245_fc64440f742e.1525"},{"arcs":[[-846,-376,1183,-585,1184]],"type":"Polygon","properties":{"lc_ply_pid":"7786","dt_create":"2011-08-31Z","dt_retire":null,"loc_pid":"VIC2628","vic_locali":"2012-04-27Z","vic_loca_1":null,"vic_loca_2":"VENTNOR","vic_loca_3":null,"vic_loca_4":null,"vic_loca_5":"G","vic_loca_6":null,"vic_loca_7":"2"},"id":"ckan_af33dd8c_0534_4e18_9245_fc64440f742e.1521"},{"arcs":[[-641,-851,1185,1186,-1027]],"type":"Polygon","properties":{"lc_ply_pid":"7787","dt_create":"2011-08-31Z","dt_retire":null,"loc_pid":"VIC2310","vic_locali":"2012-04-27Z","vic_loca_1":null,"vic_loca_2":"SOMERVILLE","vic_loca_3":null,"vic_loca_4":null,"vic_loca_5":"G","vic_loca_6":null,"vic_loca_7":"2"},"id":"ckan_af33dd8c_0534_4e18_9245_fc64440f742e.1522"},{"arcs":[[1187,1188,-938,-1110]],"type":"Polygon","properties":{"lc_ply_pid":"8242","dt_create":"2011-08-31Z","dt_retire":null,"loc_pid":"VIC2942","vic_locali":"2012-04-27Z","vic_loca_1":null,"vic_loca_2":"YUROKE","vic_loca_3":null,"vic_loca_4":null,"vic_loca_5":"G","vic_loca_6":null,"vic_loca_7":"2"},"id":"ckan_af33dd8c_0534_4e18_9245_fc64440f742e.1548"},{"arcs":[[1189,1190,1191,1192,1193,1194,1195]],"type":"Polygon","properties":{"lc_ply_pid":"9178","dt_create":"2011-08-31Z","dt_retire":null,"loc_pid":"VIC749","vic_locali":"2012-04-27Z","vic_loca_1":null,"vic_loca_2":"DIGGERS REST","vic_loca_3":null,"vic_loca_4":null,"vic_loca_5":"G","vic_loca_6":null,"vic_loca_7":"2"},"id":"ckan_af33dd8c_0534_4e18_9245_fc64440f742e.2538"},{"arcs":[[-1037,1196,-325,1197,-635,1198,-858]],"type":"Polygon","properties":{"lc_ply_pid":"8001","dt_create":"2011-08-31Z","dt_retire":null,"loc_pid":"VIC281","vic_locali":"2012-04-27Z","vic_loca_1":null,"vic_loca_2":"BONEO","vic_loca_3":null,"vic_loca_4":null,"vic_loca_5":"G","vic_loca_6":null,"vic_loca_7":"2"},"id":"ckan_af33dd8c_0534_4e18_9245_fc64440f742e.1563"},{"arcs":[[-1186,-850,-964,-994,-1120,1199,-928,1200]],"type":"Polygon","properties":{"lc_ply_pid":"8003","dt_create":"2011-08-31Z","dt_retire":null,"loc_pid":"VIC2046","vic_locali":"2012-04-27Z","vic_loca_1":null,"vic_loca_2":"PEARCEDALE","vic_loca_3":null,"vic_loca_4":null,"vic_loca_5":"G","vic_loca_6":null,"vic_loca_7":"2"},"id":"ckan_af33dd8c_0534_4e18_9245_fc64440f742e.1565"},{"arcs":[[-954,1201,1202,1203,-543,-1108,-593,-304,-802,1204,1205,-1183,-1168]],"type":"Polygon","properties":{"lc_ply_pid":"7874","dt_create":"2011-08-31Z","dt_retire":null,"loc_pid":"VIC557","vic_locali":"2012-04-27Z","vic_loca_1":null,"vic_loca_2":"CHRISTMAS HILLS","vic_loca_3":null,"vic_loca_4":null,"vic_loca_5":"G","vic_loca_6":null,"vic_loca_7":"2"},"id":"ckan_af33dd8c_0534_4e18_9245_fc64440f742e.1570"},{"arcs":[[1206,-887,-1170,-1182,1207,1208,-1125]],"type":"Polygon","properties":{"lc_ply_pid":"7992","dt_create":"2011-08-31Z","dt_retire":null,"loc_pid":"VIC757","vic_locali":"2012-04-27Z","vic_loca_1":null,"vic_loca_2":"DIXONS CREEK","vic_loca_3":null,"vic_loca_4":null,"vic_loca_5":"G","vic_loca_6":null,"vic_loca_7":"2"},"id":"ckan_af33dd8c_0534_4e18_9245_fc64440f742e.1582"},{"arcs":[[-727,1209,1210,1211,-1164,-171,1212]],"type":"Polygon","properties":{"lc_ply_pid":"9930","dt_create":"2013-11-26Z","dt_retire":null,"loc_pid":"VIC1355","vic_locali":"2012-04-27Z","vic_loca_1":null,"vic_loca_2":"KINGLAKE WEST","vic_loca_3":null,"vic_loca_4":null,"vic_loca_5":"G","vic_loca_6":null,"vic_loca_7":"2"},"id":"ckan_af33dd8c_0534_4e18_9245_fc64440f742e.1590"},{"arcs":[[-735,1213,1214,-1094,-164,-812]],"type":"Polygon","properties":{"lc_ply_pid":"9496","dt_create":"2012-05-16Z","dt_retire":null,"loc_pid":"VIC908","vic_locali":"2012-07-26Z","vic_loca_1":null,"vic_loca_2":"FERNTREE GULLY","vic_loca_3":null,"vic_loca_4":null,"vic_loca_5":"G","vic_loca_6":null,"vic_loca_7":"2"},"id":"ckan_af33dd8c_0534_4e18_9245_fc64440f742e.1620"},{"arcs":[[-1199,-634,1215,-859]],"type":"Polygon","properties":{"lc_ply_pid":"7201","dt_create":"2016-12-16Z","dt_retire":null,"loc_pid":"VIC3009","vic_locali":"2017-02-02Z","vic_loca_1":null,"vic_loca_2":"CAPEL SOUND","vic_loca_3":null,"vic_loca_4":null,"vic_loca_5":"G","vic_loca_6":null,"vic_loca_7":"2"},"id":"ckan_af33dd8c_0534_4e18_9245_fc64440f742e.1592"},{"arcs":[[-734,-548,1216,-1214]],"type":"Polygon","properties":{"lc_ply_pid":"9494","dt_create":"2012-05-16Z","dt_retire":null,"loc_pid":"VIC2617","vic_locali":"2012-07-26Z","vic_loca_1":null,"vic_loca_2":"UPPER FERNTREE GULLY","vic_loca_3":null,"vic_loca_4":null,"vic_loca_5":"G","vic_loca_6":null,"vic_loca_7":"2"},"id":"ckan_af33dd8c_0534_4e18_9245_fc64440f742e.1612"},{"arcs":[[-547,-591,-652,-788,-893,1217,1218,-1095,-1215,-1217]],"type":"Polygon","properties":{"lc_ply_pid":"9495","dt_create":"2012-05-16Z","dt_retire":null,"loc_pid":"VIC1553","vic_locali":"2012-07-26Z","vic_loca_1":null,"vic_loca_2":"LYSTERFIELD","vic_loca_3":null,"vic_loca_4":null,"vic_loca_5":"G","vic_loca_6":null,"vic_loca_7":"2"},"id":"ckan_af33dd8c_0534_4e18_9245_fc64440f742e.1619"},{"arcs":[[-603,1219,-1175,1220,-1157]],"type":"Polygon","properties":{"lc_ply_pid":"8325","dt_create":"2011-08-31Z","dt_retire":null,"loc_pid":"VIC598","vic_locali":"2012-04-27Z","vic_loca_1":null,"vic_loca_2":"COCOROC","vic_loca_3":null,"vic_loca_4":null,"vic_loca_5":"G","vic_loca_6":null,"vic_loca_7":"2"},"id":"ckan_af33dd8c_0534_4e18_9245_fc64440f742e.1625"},{"arcs":[[-563,-1074,-1055,1221,-1131,-637,-1075]],"type":"Polygon","properties":{"lc_ply_pid":"8158","dt_create":"2011-08-31Z","dt_retire":null,"loc_pid":"VIC2586","vic_locali":"2012-04-27Z","vic_loca_1":null,"vic_loca_2":"TUERONG","vic_loca_3":null,"vic_loca_4":null,"vic_loca_5":"G","vic_loca_6":null,"vic_loca_7":"2"},"id":"ckan_af33dd8c_0534_4e18_9245_fc64440f742e.1668"},{"arcs":[[1222,1223,1224]],"type":"Polygon","properties":{"lc_ply_pid":"10154","dt_create":"2015-09-03Z","dt_retire":null,"loc_pid":"VIC2996","vic_locali":"2015-11-09Z","vic_loca_1":null,"vic_loca_2":"ST HELENA","vic_loca_3":null,"vic_loca_4":null,"vic_loca_5":"G","vic_loca_6":null,"vic_loca_7":"2"},"id":"ckan_af33dd8c_0534_4e18_9245_fc64440f742e.1679"},{"arcs":[[1225,1226,1227,-407,-891,-881]],"type":"Polygon","properties":{"lc_ply_pid":"10038","dt_create":"2014-08-27Z","dt_retire":null,"loc_pid":"VIC1159","vic_locali":"2014-11-07Z","vic_loca_1":null,"vic_loca_2":"HEIDELBERG","vic_loca_3":null,"vic_loca_4":null,"vic_loca_5":"G","vic_loca_6":null,"vic_loca_7":"2"},"id":"ckan_af33dd8c_0534_4e18_9245_fc64440f742e.1687"},{"arcs":[[1228,-1226,-880,1229]],"type":"Polygon","properties":{"lc_ply_pid":"10039","dt_create":"2014-08-27Z","dt_retire":null,"loc_pid":"VIC820","vic_locali":"2014-11-07Z","vic_loca_1":null,"vic_loca_2":"EAGLEMONT","vic_loca_3":null,"vic_loca_4":null,"vic_loca_5":"G","vic_loca_6":null,"vic_loca_7":"2"},"id":"ckan_af33dd8c_0534_4e18_9245_fc64440f742e.1692"},{"arcs":[[-445,-246,-528,-1080,-1137,1230]],"type":"Polygon","properties":{"lc_ply_pid":"10040","dt_create":"2014-08-27Z","dt_retire":null,"loc_pid":"VIC74","vic_locali":"2014-11-07Z","vic_loca_1":null,"vic_loca_2":"ASCOT VALE","vic_loca_3":null,"vic_loca_4":null,"vic_loca_5":"G","vic_loca_6":null,"vic_loca_7":"2"},"id":"ckan_af33dd8c_0534_4e18_9245_fc64440f742e.1693"},{"arcs":[[-1136,-1078,-432,-391,-446,-1231]],"type":"Polygon","properties":{"lc_ply_pid":"10041","dt_create":"2014-08-27Z","dt_retire":null,"loc_pid":"VIC921","vic_locali":"2014-11-07Z","vic_loca_1":null,"vic_loca_2":"FLEMINGTON","vic_loca_3":null,"vic_loca_4":null,"vic_loca_5":"G","vic_loca_6":null,"vic_loca_7":"2"},"id":"ckan_af33dd8c_0534_4e18_9245_fc64440f742e.1694"},{"arcs":[[-26,1231,1232,1233,-271,-66,-764]],"type":"Polygon","properties":{"lc_ply_pid":"10042","dt_create":"2014-08-27Z","dt_retire":null,"loc_pid":"VIC122","vic_locali":"2014-11-07Z","vic_loca_1":null,"vic_loca_2":"BALWYN","vic_loca_3":null,"vic_loca_4":null,"vic_loca_5":"G","vic_loca_6":null,"vic_loca_7":"2"},"id":"ckan_af33dd8c_0534_4e18_9245_fc64440f742e.1695"},{"arcs":[[1234,1235,1236]],"type":"Polygon","properties":{"lc_ply_pid":"10145","dt_create":"2015-09-03Z","dt_retire":null,"loc_pid":"VIC2338","vic_locali":"2015-11-09Z","vic_loca_1":null,"vic_loca_2":"ST ANDREWS BEACH","vic_loca_3":null,"vic_loca_4":null,"vic_loca_5":"G","vic_loca_6":null,"vic_loca_7":"2"},"id":"ckan_af33dd8c_0534_4e18_9245_fc64440f742e.1705"},{"arcs":[[1237,-631,-1198,-324,1238,-1237]],"type":"Polygon","properties":{"lc_ply_pid":"10117","dt_create":"2015-09-03Z","dt_retire":null,"loc_pid":"VIC912","vic_locali":"2015-11-09Z","vic_loca_1":null,"vic_loca_2":"FINGAL","vic_loca_3":null,"vic_loca_4":null,"vic_loca_5":"G","vic_loca_6":null,"vic_loca_7":"2"},"id":"ckan_af33dd8c_0534_4e18_9245_fc64440f742e.1706"},{"arcs":[[-642,1239,-632,-1238,-1236,1240]],"type":"Polygon","properties":{"lc_ply_pid":"10144","dt_create":"2015-09-03Z","dt_retire":null,"loc_pid":"VIC2222","vic_locali":"2015-11-09Z","vic_loca_1":null,"vic_loca_2":"RYE","vic_loca_3":null,"vic_loca_4":null,"vic_loca_5":"G","vic_loca_6":null,"vic_loca_7":"2"},"id":"ckan_af33dd8c_0534_4e18_9245_fc64440f742e.1707"},{"arcs":[[-892,-678,1241,1242,1243,1244]],"type":"Polygon","properties":{"lc_ply_pid":"9068","dt_create":"2011-08-31Z","dt_retire":null,"loc_pid":"VIC1542","vic_locali":"2012-04-27Z","vic_loca_1":null,"vic_loca_2":"LOWER PLENTY","vic_loca_3":null,"vic_loca_4":null,"vic_loca_5":"G","vic_loca_6":null,"vic_loca_7":"2"},"id":"ckan_af33dd8c_0534_4e18_9245_fc64440f742e.1752"},{"arcs":[[1245,1246,1247,1248,-1225]],"type":"Polygon","properties":{"lc_ply_pid":"9070","dt_create":"2011-08-31Z","dt_retire":null,"loc_pid":"VIC859","vic_locali":"2012-04-27Z","vic_loca_1":null,"vic_loca_2":"ELTHAM NORTH","vic_loca_3":null,"vic_loca_4":null,"vic_loca_5":"G","vic_loca_6":null,"vic_loca_7":"2"},"id":"ckan_af33dd8c_0534_4e18_9245_fc64440f742e.1753"},{"arcs":[[-897,-1058,-388,-1044,1249,-337,-1138,1250,-1030]],"type":"Polygon","properties":{"lc_ply_pid":"8334","dt_create":"2011-08-31Z","dt_retire":null,"loc_pid":"VIC1374","vic_locali":"2012-04-27Z","vic_loca_1":null,"vic_loca_2":"KOO WEE RUP","vic_loca_3":null,"vic_loca_4":null,"vic_loca_5":"G","vic_loca_6":null,"vic_loca_7":"2"},"id":"ckan_af33dd8c_0534_4e18_9245_fc64440f742e.1769"},{"arcs":[[-138,1251,-1118,1252]],"type":"Polygon","properties":{"lc_ply_pid":"9316","dt_create":"2011-08-31Z","dt_retire":null,"loc_pid":"VIC2993","vic_locali":"2012-04-27Z","vic_loca_1":null,"vic_loca_2":"BOTANIC RIDGE","vic_loca_3":null,"vic_loca_4":null,"vic_loca_5":"G","vic_loca_6":null,"vic_loca_7":"2"},"id":"ckan_af33dd8c_0534_4e18_9245_fc64440f742e.1779"},{"arcs":[[1253,-104,1254,-646,-458,1255,-1083]],"type":"Polygon","properties":{"lc_ply_pid":"10004","dt_create":"2013-11-26Z","dt_retire":null,"loc_pid":"VIC495","vic_locali":"2012-04-27Z","vic_loca_1":null,"vic_loca_2":"CARLTON NORTH","vic_loca_3":null,"vic_loca_4":null,"vic_loca_5":"G","vic_loca_6":null,"vic_loca_7":"2"},"id":"ckan_af33dd8c_0534_4e18_9245_fc64440f742e.1782"},{"arcs":[[1256,-608,1257,-606,-474,-957]],"type":"Polygon","properties":{"lc_ply_pid":"8759","dt_create":"2011-08-31Z","dt_retire":null,"loc_pid":"VIC35","vic_locali":"2012-04-27Z","vic_loca_1":null,"vic_loca_2":"ALTONA MEADOWS","vic_loca_3":null,"vic_loca_4":null,"vic_loca_5":"G","vic_loca_6":null,"vic_loca_7":"2"},"id":"ckan_af33dd8c_0534_4e18_9245_fc64440f742e.1787"},{"arcs":[[-139,-1253,-853,1258,1259]],"type":"Polygon","properties":{"lc_ply_pid":"9315","dt_create":"2011-08-31Z","dt_retire":null,"loc_pid":"VIC661","vic_locali":"2012-04-27Z","vic_loca_1":null,"vic_loca_2":"CRANBOURNE","vic_loca_3":null,"vic_loca_4":null,"vic_loca_5":"G","vic_loca_6":null,"vic_loca_7":"2"},"id":"ckan_af33dd8c_0534_4e18_9245_fc64440f742e.1822"},{"arcs":[[-1243,1260,1261,-1247,1262,-1047,-934,-912,1263]],"type":"Polygon","properties":{"lc_ply_pid":"9990","dt_create":"2013-11-26Z","dt_retire":null,"loc_pid":"VIC858","vic_locali":"2012-04-27Z","vic_loca_1":null,"vic_loca_2":"ELTHAM","vic_loca_3":null,"vic_loca_4":null,"vic_loca_5":"G","vic_loca_6":null,"vic_loca_7":"2"},"id":"ckan_af33dd8c_0534_4e18_9245_fc64440f742e.1823"},{"arcs":[[-46,1264,-532,1265,-253,1266]],"type":"Polygon","properties":{"lc_ply_pid":"9991","dt_create":"2013-11-26Z","dt_retire":null,"loc_pid":"VIC900","vic_locali":"2013-08-05Z","vic_loca_1":null,"vic_loca_2":"FAWKNER","vic_loca_3":null,"vic_loca_4":null,"vic_loca_5":"G","vic_loca_6":null,"vic_loca_7":"2"},"id":"ckan_af33dd8c_0534_4e18_9245_fc64440f742e.1824"},{"arcs":[[-47,-1267,-785,-11,-477,-20,-23,1267]],"type":"Polygon","properties":{"lc_ply_pid":"9992","dt_create":"2013-11-26Z","dt_retire":null,"loc_pid":"VIC2158","vic_locali":"2013-04-30Z","vic_loca_1":null,"vic_loca_2":"RESERVOIR","vic_loca_3":null,"vic_loca_4":null,"vic_loca_5":"G","vic_loca_6":null,"vic_loca_7":"2"},"id":"ckan_af33dd8c_0534_4e18_9245_fc64440f742e.1825"},{"arcs":[[-367,-178,-279,1268,-1091,-818]],"type":"Polygon","properties":{"lc_ply_pid":"9035","dt_create":"2011-08-31Z","dt_retire":null,"loc_pid":"VIC706","vic_locali":"2012-04-27Z","vic_loca_1":null,"vic_loca_2":"DANDENONG NORTH","vic_loca_3":null,"vic_loca_4":null,"vic_loca_5":"G","vic_loca_6":null,"vic_loca_7":"2"},"id":"ckan_af33dd8c_0534_4e18_9245_fc64440f742e.1844"},{"arcs":[[-953,-522,-1077,-1256,-457]],"type":"Polygon","properties":{"lc_ply_pid":"10007","dt_create":"2013-11-26Z","dt_retire":null,"loc_pid":"VIC494","vic_locali":"2012-04-27Z","vic_loca_1":null,"vic_loca_2":"CARLTON","vic_loca_3":null,"vic_loca_4":null,"vic_loca_5":"G","vic_loca_6":null,"vic_loca_7":"2"},"id":"ckan_af33dd8c_0534_4e18_9245_fc64440f742e.1849"},{"arcs":[[-560,-1222,-1054,1269,-719,-440,1270]],"type":"Polygon","properties":{"lc_ply_pid":"9031","dt_create":"2011-08-31Z","dt_retire":null,"loc_pid":"VIC783","vic_locali":"2012-04-27Z","vic_loca_1":null,"vic_loca_2":"DROMANA","vic_loca_3":null,"vic_loca_4":null,"vic_loca_5":"G","vic_loca_6":null,"vic_loca_7":"2"},"id":"ckan_af33dd8c_0534_4e18_9245_fc64440f742e.1842"},{"arcs":[[1271,1272,-6,-18]],"type":"Polygon","properties":{"lc_ply_pid":"9032","dt_create":"2011-08-31Z","dt_retire":null,"loc_pid":"VIC2725","vic_locali":"2012-04-27Z","vic_loca_1":null,"vic_loca_2":"WATSONIA","vic_loca_3":null,"vic_loca_4":null,"vic_loca_5":"G","vic_loca_6":null,"vic_loca_7":"2"},"id":"ckan_af33dd8c_0534_4e18_9245_fc64440f742e.1843"},{"arcs":[[1273,1274,-1261,-1242,-677]],"type":"Polygon","properties":{"lc_ply_pid":"9037","dt_create":"2011-08-31Z","dt_retire":null,"loc_pid":"VIC1729","vic_locali":"2012-04-27Z","vic_loca_1":null,"vic_loca_2":"MONTMORENCY","vic_loca_3":null,"vic_loca_4":null,"vic_loca_5":"G","vic_loca_6":null,"vic_loca_7":"2"},"id":"ckan_af33dd8c_0534_4e18_9245_fc64440f742e.1846"},{"arcs":[[1275,-1248,-1262,-1275]],"type":"Polygon","properties":{"lc_ply_pid":"10008","dt_create":"2013-11-26Z","dt_retire":null,"loc_pid":"VIC330","vic_locali":"2012-04-27Z","vic_loca_1":null,"vic_loca_2":"BRIAR HILL","vic_loca_3":null,"vic_loca_4":null,"vic_loca_5":"G","vic_loca_6":null,"vic_loca_7":"2"},"id":"ckan_af33dd8c_0534_4e18_9245_fc64440f742e.1855"},{"arcs":[[-970,-996,-709,-952,-930,-901,1276]],"type":"Polygon","properties":{"lc_ply_pid":"10010","dt_create":"2013-11-26Z","dt_retire":null,"loc_pid":"VIC1730","vic_locali":"2012-04-27Z","vic_loca_1":null,"vic_loca_2":"MONTROSE","vic_loca_3":null,"vic_loca_4":null,"vic_loca_5":"G","vic_loca_6":null,"vic_loca_7":"2"},"id":"ckan_af33dd8c_0534_4e18_9245_fc64440f742e.1857"},{"arcs":[[-25,1277,1278]],"type":"Polygon","properties":{"lc_ply_pid":"10014","dt_create":"2013-11-26Z","dt_retire":null,"loc_pid":"VIC2967","vic_locali":"2014-01-31Z","vic_loca_1":null,"vic_loca_2":"BELLFIELD","vic_loca_3":null,"vic_loca_4":"3081","vic_loca_5":"G","vic_loca_6":null,"vic_loca_7":"2"},"id":"ckan_af33dd8c_0534_4e18_9245_fc64440f742e.1861"},{"arcs":[[-655,1279,1280,1281]],"type":"Polygon","properties":{"lc_ply_pid":"9997","dt_create":"2013-11-26Z","dt_retire":null,"loc_pid":"VIC682","vic_locali":"2012-04-27Z","vic_loca_1":null,"vic_loca_2":"CROYDON NORTH","vic_loca_3":null,"vic_loca_4":null,"vic_loca_5":"G","vic_loca_6":null,"vic_loca_7":"2"},"id":"ckan_af33dd8c_0534_4e18_9245_fc64440f742e.1911"},{"arcs":[[1282,1283]],"type":"Polygon","properties":{"lc_ply_pid":"9939","dt_create":"2013-11-26Z","dt_retire":null,"loc_pid":"VIC1354","vic_locali":"2012-04-27Z","vic_loca_1":null,"vic_loca_2":"KINGLAKE CENTRAL","vic_loca_3":null,"vic_loca_4":null,"vic_loca_5":"G","vic_loca_6":null,"vic_loca_7":"2"},"id":"ckan_af33dd8c_0534_4e18_9245_fc64440f742e.1862"},{"arcs":[[-412,1284,-579,-611,-1160]],"type":"Polygon","properties":{"lc_ply_pid":"9942","dt_create":"2013-11-26Z","dt_retire":null,"loc_pid":"VIC1195","vic_locali":"2013-08-05Z","vic_loca_1":null,"vic_loca_2":"HOPPERS CROSSING","vic_loca_3":null,"vic_loca_4":null,"vic_loca_5":"G","vic_loca_6":null,"vic_loca_7":"2"},"id":"ckan_af33dd8c_0534_4e18_9245_fc64440f742e.1863"},{"arcs":[[-1105,1285,1286,-169]],"type":"Polygon","properties":{"lc_ply_pid":"8597","dt_create":"2011-08-31Z","dt_retire":null,"loc_pid":"VIC2778","vic_locali":"2012-04-27Z","vic_loca_1":null,"vic_loca_2":"WHITTLESEA","vic_loca_3":null,"vic_loca_4":null,"vic_loca_5":"G","vic_loca_6":null,"vic_loca_7":"2"},"id":"ckan_af33dd8c_0534_4e18_9245_fc64440f742e.1871"},{"arcs":[[1287,1288,1289]],"type":"Polygon","properties":{"lc_ply_pid":"9686","dt_create":"2012-11-19Z","dt_retire":null,"loc_pid":"VIC161","vic_locali":"2013-01-23Z","vic_loca_1":null,"vic_loca_2":"BARWON HEADS","vic_loca_3":null,"vic_loca_4":null,"vic_loca_5":"G","vic_loca_6":null,"vic_loca_7":"2"},"id":"ckan_af33dd8c_0534_4e18_9245_fc64440f742e.1885"},{"arcs":[[-1289,1290,-663,-1150,1291]],"type":"Polygon","properties":{"lc_ply_pid":"10460","dt_create":"2016-12-16Z","dt_retire":null,"loc_pid":"VIC2001","vic_locali":"2017-02-02Z","vic_loca_1":null,"vic_loca_2":"OCEAN GROVE","vic_loca_3":null,"vic_loca_4":null,"vic_loca_5":"G","vic_loca_6":null,"vic_loca_7":"2"},"id":"ckan_af33dd8c_0534_4e18_9245_fc64440f742e.1894"},{"arcs":[[1292,1293,1294,-297,-588,1295]],"type":"Polygon","properties":{"lc_ply_pid":"9271","dt_create":"2011-08-31Z","dt_retire":null,"loc_pid":"VIC1642","vic_locali":"2012-04-27Z","vic_loca_1":null,"vic_loca_2":"MENTONE","vic_loca_3":null,"vic_loca_4":null,"vic_loca_5":"G","vic_loca_6":null,"vic_loca_7":"2"},"id":"ckan_af33dd8c_0534_4e18_9245_fc64440f742e.1912"},{"arcs":[[-1109,-544,-1204,1296,-1280,-654,-599,-332,-914,-937]],"type":"Polygon","properties":{"lc_ply_pid":"10001","dt_create":"2013-11-26Z","dt_retire":null,"loc_pid":"VIC2826","vic_locali":"2012-04-27Z","vic_loca_1":null,"vic_loca_2":"WONGA PARK","vic_loca_3":null,"vic_loca_4":null,"vic_loca_5":"G","vic_loca_6":null,"vic_loca_7":"2"},"id":"ckan_af33dd8c_0534_4e18_9245_fc64440f742e.1915"},{"arcs":[[1297,1298,1299,-1161,-968,-975]],"type":"Polygon","properties":{"lc_ply_pid":"8417","dt_create":"2011-08-31Z","dt_retire":null,"loc_pid":"VIC2128","vic_locali":"2012-04-27Z","vic_loca_1":null,"vic_loca_2":"QUANDONG","vic_loca_3":null,"vic_loca_4":null,"vic_loca_5":"G","vic_loca_6":null,"vic_loca_7":"2"},"id":"ckan_af33dd8c_0534_4e18_9245_fc64440f742e.1923"},{"arcs":[[-844,-695,1300]],"type":"Polygon","properties":{"lc_ply_pid":"10002","dt_create":"2013-11-26Z","dt_retire":null,"loc_pid":"VIC1221","vic_locali":"2012-04-27Z","vic_loca_1":null,"vic_loca_2":"INDENTED HEAD","vic_loca_3":null,"vic_loca_4":null,"vic_loca_5":"G","vic_loca_6":null,"vic_loca_7":"2"},"id":"ckan_af33dd8c_0534_4e18_9245_fc64440f742e.1916"},{"arcs":[[1301,-925,-995,1302,-1202,-956,-1167,-889,1303]],"type":"Polygon","properties":{"lc_ply_pid":"8475","dt_create":"2011-08-31Z","dt_retire":null,"loc_pid":"VIC610","vic_locali":"2012-04-27Z","vic_loca_1":null,"vic_loca_2":"COLDSTREAM","vic_loca_3":null,"vic_loca_4":null,"vic_loca_5":"G","vic_loca_6":null,"vic_loca_7":"2"},"id":"ckan_af33dd8c_0534_4e18_9245_fc64440f742e.1956"},{"arcs":[[1304,1305,-80,-733,1306,-778,-776]],"type":"Polygon","properties":{"lc_ply_pid":"9152","dt_create":"2011-08-31Z","dt_retire":null,"loc_pid":"VIC2550","vic_locali":"2012-04-27Z","vic_loca_1":null,"vic_loca_2":"TOORAK","vic_loca_3":null,"vic_loca_4":null,"vic_loca_5":"G","vic_loca_6":null,"vic_loca_7":"2"},"id":"ckan_af33dd8c_0534_4e18_9245_fc64440f742e.1963"},{"arcs":[[-732,-779,-1307]],"type":"Polygon","properties":{"lc_ply_pid":"9156","dt_create":"2011-08-31Z","dt_retire":null,"loc_pid":"VIC1387","vic_locali":"2012-04-27Z","vic_loca_1":null,"vic_loca_2":"KOOYONG","vic_loca_3":null,"vic_loca_4":null,"vic_loca_5":"G","vic_loca_6":null,"vic_loca_7":"2"},"id":"ckan_af33dd8c_0534_4e18_9245_fc64440f742e.1965"},{"arcs":[[1307,-1000,1308,-1016]],"type":"Polygon","properties":{"lc_ply_pid":"9159","dt_create":"2011-08-31Z","dt_retire":null,"loc_pid":"VIC1892","vic_locali":"2012-04-27Z","vic_loca_1":null,"vic_loca_2":"NARRE WARREN SOUTH","vic_loca_3":null,"vic_loca_4":null,"vic_loca_5":"G","vic_loca_6":null,"vic_loca_7":"2"},"id":"ckan_af33dd8c_0534_4e18_9245_fc64440f742e.1966"},{"arcs":[[1309,-150,-1101,1310,1311,-1112]],"type":"Polygon","properties":{"lc_ply_pid":"10410","dt_create":"2016-12-16Z","dt_retire":null,"loc_pid":"VIC2821","vic_locali":"2017-02-02Z","vic_loca_1":null,"vic_loca_2":"WOLLERT","vic_loca_3":null,"vic_loca_4":null,"vic_loca_5":"G","vic_loca_6":null,"vic_loca_7":"2"},"id":"ckan_af33dd8c_0534_4e18_9245_fc64440f742e.1970"},{"arcs":[[-1115,-838,1312,1313,-1042,1314]],"type":"Polygon","properties":{"lc_ply_pid":"10438","dt_create":"2016-12-16Z","dt_retire":null,"loc_pid":"VIC2023","vic_locali":"2017-02-02Z","vic_loca_1":null,"vic_loca_2":"PAKENHAM","vic_loca_3":null,"vic_loca_4":null,"vic_loca_5":"G","vic_loca_6":null,"vic_loca_7":"2"},"id":"ckan_af33dd8c_0534_4e18_9245_fc64440f742e.1980"},{"arcs":[[-302,-984,-1166,1315,1316,-1205,-801]],"type":"Polygon","properties":{"lc_ply_pid":"10508","dt_create":"2016-12-16Z","dt_retire":null,"loc_pid":"VIC2337","vic_locali":"2017-02-02Z","vic_loca_1":null,"vic_loca_2":"ST ANDREWS","vic_loca_3":null,"vic_loca_4":null,"vic_loca_5":"G","vic_loca_6":null,"vic_loca_7":"2"},"id":"ckan_af33dd8c_0534_4e18_9245_fc64440f742e.1981"},{"arcs":[[1317,-53,-1154,1318,-1133,-400,-834]],"type":"Polygon","properties":{"lc_ply_pid":"9697","dt_create":"2012-11-19Z","dt_retire":null,"loc_pid":"VIC2384","vic_locali":"2013-01-23Z","vic_loca_1":null,"vic_loca_2":"STRATHMORE","vic_loca_3":null,"vic_loca_4":null,"vic_loca_5":"G","vic_loca_6":null,"vic_loca_7":"2"},"id":"ckan_af33dd8c_0534_4e18_9245_fc64440f742e.2346"},{"arcs":[[-607,-1258]],"type":"Polygon","properties":{"lc_ply_pid":"8641","dt_create":"2011-08-31Z","dt_retire":null,"loc_pid":"VIC2251","vic_locali":"2012-04-27Z","vic_loca_1":null,"vic_loca_2":"SEABROOK","vic_loca_3":null,"vic_loca_4":null,"vic_loca_5":"G","vic_loca_6":null,"vic_loca_7":"2"},"id":"ckan_af33dd8c_0534_4e18_9245_fc64440f742e.2032"},{"arcs":[[-1272,-17,1319]],"type":"Polygon","properties":{"lc_ply_pid":"8570","dt_create":"2011-08-31Z","dt_retire":null,"loc_pid":"VIC2726","vic_locali":"2012-04-27Z","vic_loca_1":null,"vic_loca_2":"WATSONIA NORTH","vic_loca_3":null,"vic_loca_4":null,"vic_loca_5":"G","vic_loca_6":null,"vic_loca_7":"2"},"id":"ckan_af33dd8c_0534_4e18_9245_fc64440f742e.2055"},{"arcs":[[-1004,-1007,-921,-1302,1320,1321,1322,1323]],"type":"Polygon","properties":{"lc_ply_pid":"8526","dt_create":"2011-08-31Z","dt_retire":null,"loc_pid":"VIC1107","vic_locali":"2012-04-27Z","vic_loca_1":null,"vic_loca_2":"GRUYERE","vic_loca_3":null,"vic_loca_4":null,"vic_loca_5":"G","vic_loca_6":null,"vic_loca_7":"2"},"id":"ckan_af33dd8c_0534_4e18_9245_fc64440f742e.2071"},{"arcs":[[-536,-402,-576,1324,1325,-73]],"type":"Polygon","properties":{"lc_ply_pid":"8722","dt_create":"2011-08-31Z","dt_retire":null,"loc_pid":"VIC79","vic_locali":"2012-04-27Z","vic_loca_1":null,"vic_loca_2":"ASPENDALE GARDENS","vic_loca_3":null,"vic_loca_4":null,"vic_loca_5":"G","vic_loca_6":null,"vic_loca_7":"2"},"id":"ckan_af33dd8c_0534_4e18_9245_fc64440f742e.2094"},{"arcs":[[1326,1327,-1188,-1114,-1061,-659,-205,-661,1328]],"type":"Polygon","properties":{"lc_ply_pid":"10510","dt_create":"2016-12-16Z","dt_retire":null,"loc_pid":"VIC1097","vic_locali":"2017-02-02Z","vic_loca_1":null,"vic_loca_2":"GREENVALE","vic_loca_3":null,"vic_loca_4":null,"vic_loca_5":"G","vic_loca_6":null,"vic_loca_7":"2"},"id":"ckan_af33dd8c_0534_4e18_9245_fc64440f742e.2129"},{"arcs":[[1329,-130,-344,-1152,-664,-1291,-1288,1330]],"type":"Polygon","properties":{"lc_ply_pid":"10459","dt_create":"2016-12-16Z","dt_retire":null,"loc_pid":"VIC2665","vic_locali":"2017-02-02Z","vic_loca_1":null,"vic_loca_2":"WALLINGTON","vic_loca_3":null,"vic_loca_4":null,"vic_loca_5":"G","vic_loca_6":null,"vic_loca_7":"2"},"id":"ckan_af33dd8c_0534_4e18_9245_fc64440f742e.2127"},{"arcs":[[-676,-1123,-255,1331,-518]],"type":"Polygon","properties":{"lc_ply_pid":"9010","dt_create":"2011-08-31Z","dt_retire":null,"loc_pid":"VIC2315","vic_locali":"2012-04-27Z","vic_loca_1":null,"vic_loca_2":"SOUTH MELBOURNE","vic_loca_3":null,"vic_loca_4":null,"vic_loca_5":"G","vic_loca_6":null,"vic_loca_7":"2"},"id":"ckan_af33dd8c_0534_4e18_9245_fc64440f742e.2155"},{"arcs":[[-1053,-742,-1038,-720,-1270]],"type":"Polygon","properties":{"lc_ply_pid":"9013","dt_create":"2011-08-31Z","dt_retire":null,"loc_pid":"VIC2145","vic_locali":"2012-04-27Z","vic_loca_1":null,"vic_loca_2":"RED HILL","vic_loca_3":null,"vic_loca_4":null,"vic_loca_5":"G","vic_loca_6":null,"vic_loca_7":"2"},"id":"ckan_af33dd8c_0534_4e18_9245_fc64440f742e.2156"},{"arcs":[[-574,-248,1332]],"type":"Polygon","properties":{"lc_ply_pid":"9363","dt_create":"2011-11-21Z","dt_retire":null,"loc_pid":"VIC700","vic_locali":"2012-04-27Z","vic_loca_1":null,"vic_loca_2":"DALLAS","vic_loca_3":null,"vic_loca_4":null,"vic_loca_5":"G","vic_loca_6":null,"vic_loca_7":"2"},"id":"ckan_af33dd8c_0534_4e18_9245_fc64440f742e.2181"},{"arcs":[[-950,-488,-904,1333,1334]],"type":"Polygon","properties":{"lc_ply_pid":"9983","dt_create":"2013-11-26Z","dt_retire":null,"loc_pid":"VIC1357","vic_locali":"2012-04-27Z","vic_loca_1":null,"vic_loca_2":"KINGS PARK","vic_loca_3":null,"vic_loca_4":null,"vic_loca_5":"G","vic_loca_6":null,"vic_loca_7":"2"},"id":"ckan_af33dd8c_0534_4e18_9245_fc64440f742e.2165"},{"arcs":[[-1203,-1303,-997,-973,1335,-1281,-1297]],"type":"Polygon","properties":{"lc_ply_pid":"9984","dt_create":"2013-11-26Z","dt_retire":null,"loc_pid":"VIC554","vic_locali":"2012-04-27Z","vic_loca_1":null,"vic_loca_2":"CHIRNSIDE PARK","vic_loca_3":null,"vic_loca_4":null,"vic_loca_5":"G","vic_loca_6":null,"vic_loca_7":"2"},"id":"ckan_af33dd8c_0534_4e18_9245_fc64440f742e.2166"},{"arcs":[[1336,1337,1338,1339,-948]],"type":"Polygon","properties":{"lc_ply_pid":"9207","dt_create":"2011-08-31Z","dt_retire":null,"loc_pid":"VIC1307","vic_locali":"2012-04-27Z","vic_loca_1":null,"vic_loca_2":"KEALBA","vic_loca_3":null,"vic_loca_4":null,"vic_loca_5":"G","vic_loca_6":null,"vic_loca_7":"2"},"id":"ckan_af33dd8c_0534_4e18_9245_fc64440f742e.2195"},{"arcs":[[1340,-87,-824,1341,-1339,1342,1343,-160]],"type":"Polygon","properties":{"lc_ply_pid":"9226","dt_create":"2011-08-31Z","dt_retire":null,"loc_pid":"VIC1311","vic_locali":"2012-04-27Z","vic_loca_1":null,"vic_loca_2":"KEILOR EAST","vic_loca_3":null,"vic_loca_4":null,"vic_loca_5":"G","vic_loca_6":null,"vic_loca_7":"2"},"id":"ckan_af33dd8c_0534_4e18_9245_fc64440f742e.2189"},{"arcs":[[-326,1344,-649,-949,-1340,-1342,-823]],"type":"Polygon","properties":{"lc_ply_pid":"9201","dt_create":"2011-08-31Z","dt_retire":null,"loc_pid":"VIC2399","vic_locali":"2012-04-27Z","vic_loca_1":null,"vic_loca_2":"SUNSHINE NORTH","vic_loca_3":null,"vic_loca_4":null,"vic_loca_5":"G","vic_loca_6":null,"vic_loca_7":"2"},"id":"ckan_af33dd8c_0534_4e18_9245_fc64440f742e.2192"},{"arcs":[[1345,1346,1347,-1193,1348,1349]],"type":"Polygon","properties":{"lc_ply_pid":"9227","dt_create":"2011-08-31Z","dt_retire":null,"loc_pid":"VIC442","vic_locali":"2012-04-27Z","vic_loca_1":null,"vic_loca_2":"CALDER PARK","vic_loca_3":null,"vic_loca_4":null,"vic_loca_5":"G","vic_loca_6":null,"vic_loca_7":"2"},"id":"ckan_af33dd8c_0534_4e18_9245_fc64440f742e.2208"},{"arcs":[[1350,1351,-1349,-1192,1352,1353,1354]],"type":"Polygon","properties":{"lc_ply_pid":"9228","dt_create":"2011-08-31Z","dt_retire":null,"loc_pid":"VIC1313","vic_locali":"2012-04-27Z","vic_loca_1":null,"vic_loca_2":"KEILOR NORTH","vic_loca_3":null,"vic_loca_4":null,"vic_loca_5":"G","vic_loca_6":null,"vic_loca_7":"2"},"id":"ckan_af33dd8c_0534_4e18_9245_fc64440f742e.2209"},{"arcs":[[1355,-88,-1341,-159,-1135]],"type":"Polygon","properties":{"lc_ply_pid":"9224","dt_create":"2011-08-31Z","dt_retire":null,"loc_pid":"VIC1938","vic_locali":"2012-04-27Z","vic_loca_1":null,"vic_loca_2":"NIDDRIE","vic_loca_3":null,"vic_loca_4":null,"vic_loca_5":"G","vic_loca_6":null,"vic_loca_7":"2"},"id":"ckan_af33dd8c_0534_4e18_9245_fc64440f742e.2212"},{"arcs":[[-1212,1356,-1316,-1165]],"type":"Polygon","properties":{"lc_ply_pid":"9097","dt_create":"2011-08-31Z","dt_retire":null,"loc_pid":"VIC2379","vic_locali":"2012-04-27Z","vic_loca_1":null,"vic_loca_2":"STRATHEWEN","vic_loca_3":null,"vic_loca_4":null,"vic_loca_5":"G","vic_loca_6":null,"vic_loca_7":"2"},"id":"ckan_af33dd8c_0534_4e18_9245_fc64440f742e.2223"},{"arcs":[[-729,-571,1357,-684,1358,-1232,-28,-763,1359]],"type":"Polygon","properties":{"lc_ply_pid":"9101","dt_create":"2011-08-31Z","dt_retire":null,"loc_pid":"VIC1331","vic_locali":"2012-04-27Z","vic_loca_1":null,"vic_loca_2":"KEW","vic_loca_3":null,"vic_loca_4":null,"vic_loca_5":"G","vic_loca_6":null,"vic_loca_7":"2"},"id":"ckan_af33dd8c_0534_4e18_9245_fc64440f742e.2259"},{"arcs":[[1360,-39,1361,-1178,-808,-506,-421]],"type":"Polygon","properties":{"lc_ply_pid":"10207","dt_create":"2015-12-04Z","dt_retire":null,"loc_pid":"VIC174","vic_locali":"2016-01-25Z","vic_loca_1":null,"vic_loca_2":"BAYSWATER NORTH","vic_loca_3":null,"vic_loca_4":null,"vic_loca_5":"G","vic_loca_6":null,"vic_loca_7":"2"},"id":"ckan_af33dd8c_0534_4e18_9245_fc64440f742e.2272"},{"arcs":[[-903,1362,1363,1364,-1334]],"type":"Polygon","properties":{"lc_ply_pid":"10195","dt_create":"2015-12-04Z","dt_retire":null,"loc_pid":"VIC420","vic_locali":"2016-01-25Z","vic_loca_1":null,"vic_loca_2":"BURNSIDE HEIGHTS","vic_loca_3":null,"vic_loca_4":null,"vic_loca_5":"G","vic_loca_6":null,"vic_loca_7":"2"},"id":"ckan_af33dd8c_0534_4e18_9245_fc64440f742e.2273"},{"arcs":[[-131,-1330,1365]],"type":"Polygon","properties":{"lc_ply_pid":"9708","dt_create":"2012-11-19Z","dt_retire":null,"loc_pid":"VIC1488","vic_locali":"2013-01-23Z","vic_loca_1":null,"vic_loca_2":"LEOPOLD","vic_loca_3":null,"vic_loca_4":null,"vic_loca_5":"G","vic_loca_6":null,"vic_loca_7":"2"},"id":"ckan_af33dd8c_0534_4e18_9245_fc64440f742e.2348"},{"arcs":[[1366,1367,-1351]],"type":"Polygon","properties":{"lc_ply_pid":"9260","dt_create":"2011-08-31Z","dt_retire":null,"loc_pid":"VIC1312","vic_locali":"2012-04-27Z","vic_loca_1":null,"vic_loca_2":"KEILOR LODGE","vic_loca_3":null,"vic_loca_4":null,"vic_loca_5":"G","vic_loca_6":null,"vic_loca_7":"2"},"id":"ckan_af33dd8c_0534_4e18_9245_fc64440f742e.2366"},{"arcs":[[-745,1368,1369,-1129]],"type":"Polygon","properties":{"lc_ply_pid":"10049","dt_create":"2014-12-02Z","dt_retire":null,"loc_pid":"VIC597","vic_locali":"2015-02-06Z","vic_loca_1":null,"vic_loca_2":"COCKATOO","vic_loca_3":null,"vic_loca_4":null,"vic_loca_5":"G","vic_loca_6":null,"vic_loca_7":"2"},"id":"ckan_af33dd8c_0534_4e18_9245_fc64440f742e.2386"},{"arcs":[[-183,-188,-998,-1308,1370,1371,1372,1373,-1259,-852]],"type":"Polygon","properties":{"lc_ply_pid":"9158","dt_create":"2011-08-31Z","dt_retire":null,"loc_pid":"VIC663","vic_locali":"2012-04-27Z","vic_loca_1":null,"vic_loca_2":"CRANBOURNE NORTH","vic_loca_3":null,"vic_loca_4":null,"vic_loca_5":"G","vic_loca_6":null,"vic_loca_7":"2"},"id":"ckan_af33dd8c_0534_4e18_9245_fc64440f742e.2415"},{"arcs":[[-1190,1374,1375,1376,1377,-1173,1378]],"type":"Polygon","properties":{"lc_ply_pid":"9256","dt_create":"2011-08-31Z","dt_retire":null,"loc_pid":"VIC2394","vic_locali":"2012-04-27Z","vic_loca_1":null,"vic_loca_2":"SUNBURY","vic_loca_3":null,"vic_loca_4":null,"vic_loca_5":"G","vic_loca_6":null,"vic_loca_7":"2"},"id":"ckan_af33dd8c_0534_4e18_9245_fc64440f742e.2416"},{"arcs":[[-1122,1379,-693,-340]],"type":"Polygon","properties":{"lc_ply_pid":"9249","dt_create":"2011-08-31Z","dt_retire":null,"loc_pid":"VIC193","vic_locali":"2012-04-27Z","vic_loca_1":null,"vic_loca_2":"BELLARINE","vic_loca_3":null,"vic_loca_4":null,"vic_loca_5":"G","vic_loca_6":null,"vic_loca_7":"2"},"id":"ckan_af33dd8c_0534_4e18_9245_fc64440f742e.2392"},{"arcs":[[-1211,1380,-1283,1381,1382,1383,-1180,-1206,-1317,-1357]],"type":"Polygon","properties":{"lc_ply_pid":"10487","dt_create":"2016-12-16Z","dt_retire":null,"loc_pid":"VIC1353","vic_locali":"2017-02-02Z","vic_loca_1":null,"vic_loca_2":"KINGLAKE","vic_loca_3":null,"vic_loca_4":null,"vic_loca_5":"G","vic_loca_6":null,"vic_loca_7":"2"},"id":"ckan_af33dd8c_0534_4e18_9245_fc64440f742e.2411"},{"arcs":[[1384,-940,1385,-1174,-1378,1386]],"type":"Polygon","properties":{"lc_ply_pid":"8946","dt_create":"2011-08-31Z","dt_retire":null,"loc_pid":"VIC565","vic_locali":"2012-04-27Z","vic_loca_1":null,"vic_loca_2":"CLARKEFIELD","vic_loca_3":null,"vic_loca_4":null,"vic_loca_5":"G","vic_loca_6":null,"vic_loca_7":"2"},"id":"ckan_af33dd8c_0534_4e18_9245_fc64440f742e.2422"},{"arcs":[[-1090,-1219,1387,-820]],"type":"Polygon","properties":{"lc_ply_pid":"9291","dt_create":"2011-08-31Z","dt_retire":null,"loc_pid":"VIC1554","vic_locali":"2012-04-27Z","vic_loca_1":null,"vic_loca_2":"LYSTERFIELD SOUTH","vic_loca_3":null,"vic_loca_4":null,"vic_loca_5":"G","vic_loca_6":null,"vic_loca_7":"2"},"id":"ckan_af33dd8c_0534_4e18_9245_fc64440f742e.2424"},{"arcs":[[1388,-1208,-1181,-1384]],"type":"Polygon","properties":{"lc_ply_pid":"10488","dt_create":"2016-12-16Z","dt_retire":null,"loc_pid":"VIC511","vic_locali":"2017-02-02Z","vic_loca_1":null,"vic_loca_2":"CASTELLA","vic_loca_3":null,"vic_loca_4":null,"vic_loca_5":"G","vic_loca_6":null,"vic_loca_7":"2"},"id":"ckan_af33dd8c_0534_4e18_9245_fc64440f742e.2446"},{"arcs":[[1389,1390,-154,-1344,1391]],"type":"Polygon","properties":{"lc_ply_pid":"9139","dt_create":"2011-08-31Z","dt_retire":null,"loc_pid":"VIC1314","vic_locali":"2012-04-27Z","vic_loca_1":null,"vic_loca_2":"KEILOR PARK","vic_loca_3":null,"vic_loca_4":null,"vic_loca_5":"G","vic_loca_6":null,"vic_loca_7":"2"},"id":"ckan_af33dd8c_0534_4e18_9245_fc64440f742e.2485"},{"arcs":[[-10,-408,-1228,1392,-24]],"type":"Polygon","properties":{"lc_ply_pid":"10053","dt_create":"2014-12-02Z","dt_retire":null,"loc_pid":"VIC1160","vic_locali":"2015-02-06Z","vic_loca_1":null,"vic_loca_2":"HEIDELBERG HEIGHTS","vic_loca_3":null,"vic_loca_4":null,"vic_loca_5":"G","vic_loca_6":null,"vic_loca_7":"2"},"id":"ckan_af33dd8c_0534_4e18_9245_fc64440f742e.2495"},{"arcs":[[-682,-1022,1393,-1278,-1393,-1227,-1229,1394,1395]],"type":"Polygon","properties":{"lc_ply_pid":"10054","dt_create":"2014-12-02Z","dt_retire":null,"loc_pid":"VIC1239","vic_locali":"2015-02-06Z","vic_loca_1":null,"vic_loca_2":"IVANHOE","vic_loca_3":null,"vic_loca_4":null,"vic_loca_5":"G","vic_loca_6":null,"vic_loca_7":"2"},"id":"ckan_af33dd8c_0534_4e18_9245_fc64440f742e.2496"},{"arcs":[[-116,-803,1396,1397,-687,-689]],"type":"Polygon","properties":{"lc_ply_pid":"8859","dt_create":"2011-08-31Z","dt_retire":null,"loc_pid":"VIC336","vic_locali":"2012-04-27Z","vic_loca_1":null,"vic_loca_2":"BRIGHTON","vic_loca_3":null,"vic_loca_4":null,"vic_loca_5":"G","vic_loca_6":null,"vic_loca_7":"2"},"id":"ckan_af33dd8c_0534_4e18_9245_fc64440f742e.2505"},{"arcs":[[1398,-1171,-1386,-939,-1189,-1328]],"type":"Polygon","properties":{"lc_ply_pid":"8860","dt_create":"2011-08-31Z","dt_retire":null,"loc_pid":"VIC1995","vic_locali":"2012-04-27Z","vic_loca_1":null,"vic_loca_2":"OAKLANDS JUNCTION","vic_loca_3":null,"vic_loca_4":null,"vic_loca_5":"G","vic_loca_6":null,"vic_loca_7":"2"},"id":"ckan_af33dd8c_0534_4e18_9245_fc64440f742e.2506"},{"arcs":[[-1332,-254,-755,-519]],"type":"Polygon","properties":{"lc_ply_pid":"8840","dt_create":"2011-08-31Z","dt_retire":null,"loc_pid":"VIC2319","vic_locali":"2012-04-27Z","vic_loca_1":null,"vic_loca_2":"SOUTHBANK","vic_loca_3":null,"vic_loca_4":null,"vic_loca_5":"G","vic_loca_6":null,"vic_loca_7":"2"},"id":"ckan_af33dd8c_0534_4e18_9245_fc64440f742e.2524"},{"arcs":[[-1230,-879,1399,1400,-1395]],"type":"Polygon","properties":{"lc_ply_pid":"9306","dt_create":"2011-08-31Z","dt_retire":null,"loc_pid":"VIC1240","vic_locali":"2012-04-27Z","vic_loca_1":null,"vic_loca_2":"IVANHOE EAST","vic_loca_3":null,"vic_loca_4":null,"vic_loca_5":"G","vic_loca_6":null,"vic_loca_7":"2"},"id":"ckan_af33dd8c_0534_4e18_9245_fc64440f742e.2546"},{"arcs":[[-1359,-683,-1396,-1401,1401]],"type":"Polygon","properties":{"lc_ply_pid":"9308","dt_create":"2011-08-31Z","dt_retire":null,"loc_pid":"VIC1332","vic_locali":"2012-04-27Z","vic_loca_1":null,"vic_loca_2":"KEW EAST","vic_loca_3":null,"vic_loca_4":null,"vic_loca_5":"G","vic_loca_6":null,"vic_loca_7":"2"},"id":"ckan_af33dd8c_0534_4e18_9245_fc64440f742e.2547"},{"arcs":[[-553,-222,-752,-214,1402,-1084,-63,-556]],"type":"Polygon","properties":{"lc_ply_pid":"9428","dt_create":"2012-02-16Z","dt_retire":null,"loc_pid":"VIC426","vic_locali":"2012-04-27Z","vic_loca_1":null,"vic_loca_2":"BURWOOD","vic_loca_3":null,"vic_loca_4":null,"vic_loca_5":"G","vic_loca_6":null,"vic_loca_7":"2"},"id":"ckan_af33dd8c_0534_4e18_9245_fc64440f742e.2551"},{"arcs":[[-726,1403,-650,-1345,-331,-500]],"type":"Polygon","properties":{"lc_ply_pid":"10205","dt_create":"2015-12-04Z","dt_retire":null,"loc_pid":"VIC2398","vic_locali":"2016-01-25Z","vic_loca_1":null,"vic_loca_2":"SUNSHINE","vic_loca_3":null,"vic_loca_4":null,"vic_loca_5":"G","vic_loca_6":null,"vic_loca_7":"2"},"id":"ckan_af33dd8c_0534_4e18_9245_fc64440f742e.2605"},{"arcs":[[-463,-832,-155,-1391,1404,-202,-352]],"type":"Polygon","properties":{"lc_ply_pid":"9231","dt_create":"2011-08-31Z","dt_retire":null,"loc_pid":"VIC2588","vic_locali":"2012-04-27Z","vic_loca_1":null,"vic_loca_2":"TULLAMARINE","vic_loca_3":null,"vic_loca_4":null,"vic_loca_5":"G","vic_loca_6":null,"vic_loca_7":"2"},"id":"ckan_af33dd8c_0534_4e18_9245_fc64440f742e.2583"},{"arcs":[[1405,-1162,-1300,1406,-416,-372]],"type":"Polygon","properties":{"lc_ply_pid":"9004","dt_create":"2011-08-31Z","dt_retire":null,"loc_pid":"VIC890","vic_locali":"2012-04-27Z","vic_loca_1":null,"vic_loca_2":"EYNESBURY","vic_loca_3":null,"vic_loca_4":null,"vic_loca_5":"G","vic_loca_6":null,"vic_loca_7":"2"},"id":"ckan_af33dd8c_0534_4e18_9245_fc64440f742e.2593"},{"arcs":[[1407,1408,-1025,-435,-1404,-725]],"type":"Polygon","properties":{"lc_ply_pid":"10206","dt_create":"2015-12-04Z","dt_retire":null,"loc_pid":"VIC2400","vic_locali":"2016-01-25Z","vic_loca_1":null,"vic_loca_2":"SUNSHINE WEST","vic_loca_3":null,"vic_loca_4":null,"vic_loca_5":"G","vic_loca_6":null,"vic_loca_7":"2"},"id":"ckan_af33dd8c_0534_4e18_9245_fc64440f742e.2599"},{"arcs":[[1409,-34]],"type":"Polygon","properties":{"lc_ply_pid":"9429","dt_create":"2012-02-16Z","dt_retire":null,"loc_pid":"VIC2132","vic_locali":"2012-04-27Z","vic_loca_1":null,"vic_loca_2":"QUEENSFERRY","vic_loca_3":null,"vic_loca_4":null,"vic_loca_5":"G","vic_loca_6":null,"vic_loca_7":"2"},"id":"ckan_af33dd8c_0534_4e18_9245_fc64440f742e.2601"},{"arcs":[[-1364,1410,1411,1412,1413]],"type":"Polygon","properties":{"lc_ply_pid":"10180","dt_create":"2015-12-04Z","dt_retire":null,"loc_pid":"VIC2475","vic_locali":"2016-01-25Z","vic_loca_1":null,"vic_loca_2":"TAYLORS HILL","vic_loca_3":null,"vic_loca_4":null,"vic_loca_5":"G","vic_loca_6":null,"vic_loca_7":"2"},"id":"ckan_af33dd8c_0534_4e18_9245_fc64440f742e.2606"},{"arcs":[[1414,1415,-946,-1335,-1365,-1414]],"type":"Polygon","properties":{"lc_ply_pid":"10181","dt_create":"2015-12-04Z","dt_retire":null,"loc_pid":"VIC727","vic_locali":"2016-01-25Z","vic_loca_1":null,"vic_loca_2":"DELAHEY","vic_loca_3":null,"vic_loca_4":null,"vic_loca_5":"G","vic_loca_6":null,"vic_loca_7":"2"},"id":"ckan_af33dd8c_0534_4e18_9245_fc64440f742e.2607"},{"arcs":[[-533,-1265,-45,-50]],"type":"Polygon","properties":{"lc_ply_pid":"10204","dt_create":"2015-12-04Z","dt_retire":null,"loc_pid":"VIC1116","vic_locali":"2016-01-25Z","vic_loca_1":null,"vic_loca_2":"HADFIELD","vic_loca_3":null,"vic_loca_4":null,"vic_loca_5":"G","vic_loca_6":null,"vic_loca_7":"2"},"id":"ckan_af33dd8c_0534_4e18_9245_fc64440f742e.2608"},{"arcs":[[1416]],"type":"Polygon","properties":{"lc_ply_pid":"9501","dt_create":"2012-05-16Z","dt_retire":null,"loc_pid":"VIC3004","vic_locali":"2012-10-29Z","vic_loca_1":null,"vic_loca_2":"ELIZABETH ISLAND","vic_loca_3":null,"vic_loca_4":null,"vic_loca_5":"G","vic_loca_6":null,"vic_loca_7":"2"},"id":"ckan_af33dd8c_0534_4e18_9245_fc64440f742e.2611"},{"arcs":[[-452,-933,-292,-1295,1417]],"type":"Polygon","properties":{"lc_ply_pid":"9248","dt_create":"2011-08-31Z","dt_retire":null,"loc_pid":"VIC1741","vic_locali":"2012-04-27Z","vic_loca_1":null,"vic_loca_2":"MOORABBIN AIRPORT","vic_loca_3":null,"vic_loca_4":null,"vic_loca_5":"G","vic_loca_6":null,"vic_loca_7":"2"},"id":"ckan_af33dd8c_0534_4e18_9245_fc64440f742e.2617"},{"arcs":[[[-1321,-1304,-888,-1207,-1128,1418]],[[-1323,1419]]],"type":"MultiPolygon","properties":{"lc_ply_pid":"8983","dt_create":"2011-08-31Z","dt_retire":null,"loc_pid":"VIC1150","vic_locali":"2012-04-27Z","vic_loca_1":null,"vic_loca_2":"HEALESVILLE","vic_loca_3":null,"vic_loca_4":null,"vic_loca_5":"G","vic_loca_6":null,"vic_loca_7":"2"},"id":"ckan_af33dd8c_0534_4e18_9245_fc64440f742e.2619"},{"arcs":[[-207,-658,-575,-1333,-247,-1266,-531,-429]],"type":"Polygon","properties":{"lc_ply_pid":"9364","dt_create":"2011-11-21Z","dt_retire":null,"loc_pid":"VIC346","vic_locali":"2012-04-27Z","vic_loca_1":null,"vic_loca_2":"BROADMEADOWS","vic_loca_3":null,"vic_loca_4":null,"vic_loca_5":"G","vic_loca_6":null,"vic_loca_7":"2"},"id":"ckan_af33dd8c_0534_4e18_9245_fc64440f742e.2641"},{"arcs":[[1420,-61,-1326]],"type":"Polygon","properties":{"lc_ply_pid":"10333","dt_create":"2016-06-03Z","dt_retire":null,"loc_pid":"VIC2724","vic_locali":"2016-08-08Z","vic_loca_1":null,"vic_loca_2":"WATERWAYS","vic_loca_3":null,"vic_loca_4":null,"vic_loca_5":"G","vic_loca_6":null,"vic_loca_7":"2"},"id":"ckan_af33dd8c_0534_4e18_9245_fc64440f742e.2670"},{"arcs":[[-1421,-1325,-293,-932,-62]],"type":"Polygon","properties":{"lc_ply_pid":"10332","dt_create":"2016-06-03Z","dt_retire":null,"loc_pid":"VIC319","vic_locali":"2016-08-08Z","vic_loca_1":null,"vic_loca_2":"BRAESIDE","vic_loca_3":null,"vic_loca_4":null,"vic_loca_5":"G","vic_loca_6":null,"vic_loca_7":"2"},"id":"ckan_af33dd8c_0534_4e18_9245_fc64440f742e.2671"},{"arcs":[[-647,-1255,1421,1422,-1019,1423]],"type":"Polygon","properties":{"lc_ply_pid":"10335","dt_create":"2016-06-03Z","dt_retire":null,"loc_pid":"VIC362","vic_locali":"2016-08-08Z","vic_loca_1":null,"vic_loca_2":"BRUNSWICK EAST","vic_loca_3":null,"vic_loca_4":null,"vic_loca_5":"G","vic_loca_6":null,"vic_loca_7":"2"},"id":"ckan_af33dd8c_0534_4e18_9245_fc64440f742e.2675"},{"arcs":[[1424,-152,1425,-1063,-941,-1385,1426]],"type":"Polygon","properties":{"lc_ply_pid":"10547","dt_create":"2017-02-27Z","dt_retire":null,"loc_pid":"VIC233","vic_locali":"2017-05-02Z","vic_loca_1":null,"vic_loca_2":"BEVERIDGE","vic_loca_3":null,"vic_loca_4":null,"vic_loca_5":"G","vic_loca_6":null,"vic_loca_7":"2"},"id":"ckan_af33dd8c_0534_4e18_9245_fc64440f742e.2676"},{"arcs":[[-1221,-1177,1427,-1298,-978,-1158]],"type":"Polygon","properties":{"lc_ply_pid":"10613","dt_create":"2017-06-02Z","dt_retire":null,"loc_pid":"VIC1515","vic_locali":"2017-08-09Z","vic_loca_1":null,"vic_loca_2":"LITTLE RIVER","vic_loca_3":null,"vic_loca_4":null,"vic_loca_5":"G","vic_loca_6":null,"vic_loca_7":"2"},"id":"ckan_af33dd8c_0534_4e18_9245_fc64440f742e.2695"},{"arcs":[[-1376,1428,1429,-991,1430,1431,1432,1433,1434]],"type":"Polygon","properties":{"lc_ply_pid":"10676","dt_create":"2017-06-02Z","dt_retire":null,"loc_pid":"VIC991","vic_locali":"2017-08-09Z","vic_loca_1":null,"vic_loca_2":"GISBORNE","vic_loca_3":null,"vic_loca_4":null,"vic_loca_5":"G","vic_loca_6":null,"vic_loca_7":"2"},"id":"ckan_af33dd8c_0534_4e18_9245_fc64440f742e.2696"},{"arcs":[[-826,-1113,-1312,1435,1436,-126,-251]],"type":"Polygon","properties":{"lc_ply_pid":"10697","dt_create":"2017-06-02Z","dt_retire":null,"loc_pid":"VIC870","vic_locali":"2017-08-09Z","vic_loca_1":null,"vic_loca_2":"EPPING","vic_loca_3":null,"vic_loca_4":null,"vic_loca_5":"G","vic_loca_6":null,"vic_loca_7":"2"},"id":"ckan_af33dd8c_0534_4e18_9245_fc64440f742e.2774"},{"arcs":[[1437,-1408,-724,-945,-472,-581,1438]],"type":"Polygon","properties":{"lc_ply_pid":"10674","dt_create":"2017-06-02Z","dt_retire":null,"loc_pid":"VIC1472","vic_locali":"2017-08-09Z","vic_loca_1":null,"vic_loca_2":"LAVERTON NORTH","vic_loca_3":null,"vic_loca_4":null,"vic_loca_5":"G","vic_loca_6":null,"vic_loca_7":"2"},"id":"ckan_af33dd8c_0534_4e18_9245_fc64440f742e.2711"},{"arcs":[[-1406,1439,1440,1441,1442,1443,-410,-1163]],"type":"Polygon","properties":{"lc_ply_pid":"10640","dt_create":"2017-06-02Z","dt_retire":null,"loc_pid":"VIC1780","vic_locali":"2017-08-09Z","vic_loca_1":null,"vic_loca_2":"MOUNT COTTRELL","vic_loca_3":null,"vic_loca_4":null,"vic_loca_5":"G","vic_loca_6":null,"vic_loca_7":"2"},"id":"ckan_af33dd8c_0534_4e18_9245_fc64440f742e.2712"},{"arcs":[[-1430,1444,-1195,1445,1446,1447,1448,1449,-988]],"type":"Polygon","properties":{"lc_ply_pid":"10665","dt_create":"2017-06-02Z","dt_retire":null,"loc_pid":"VIC2540","vic_locali":"2017-08-09Z","vic_loca_1":null,"vic_loca_2":"TOOLERN VALE","vic_loca_3":null,"vic_loca_4":null,"vic_loca_5":"G","vic_loca_6":null,"vic_loca_7":"2"},"id":"ckan_af33dd8c_0534_4e18_9245_fc64440f742e.2713"},{"arcs":[[-1444,1450,1451,1452,1453,-870,1454,-1439,-580,-1285,-411]],"type":"Polygon","properties":{"lc_ply_pid":"10670","dt_create":"2017-06-02Z","dt_retire":null,"loc_pid":"VIC2585","vic_locali":"2017-08-09Z","vic_loca_1":null,"vic_loca_2":"TRUGANINA","vic_loca_3":null,"vic_loca_4":null,"vic_loca_5":"G","vic_loca_6":null,"vic_loca_7":"2"},"id":"ckan_af33dd8c_0534_4e18_9245_fc64440f742e.2714"},{"arcs":[[-1446,-1194,-1348,1455,1456,1457,1458]],"type":"Polygon","properties":{"lc_ply_pid":"10597","dt_create":"2017-06-02Z","dt_retire":null,"loc_pid":"VIC2081","vic_locali":"2017-08-09Z","vic_loca_1":null,"vic_loca_2":"PLUMPTON","vic_loca_3":null,"vic_loca_4":null,"vic_loca_5":"G","vic_loca_6":null,"vic_loca_7":"2"},"id":"ckan_af33dd8c_0534_4e18_9245_fc64440f742e.2715"},{"arcs":[[-1441,1459,1460,1461,1462]],"type":"Polygon","properties":{"lc_ply_pid":"10649","dt_create":"2017-06-02Z","dt_retire":null,"loc_pid":"VIC3018","vic_locali":"2017-08-09Z","vic_loca_1":null,"vic_loca_2":"STRATHTULLOH","vic_loca_3":null,"vic_loca_4":null,"vic_loca_5":"G","vic_loca_6":null,"vic_loca_7":"2"},"id":"ckan_af33dd8c_0534_4e18_9245_fc64440f742e.2721"},{"arcs":[[1463,-370,-415,-268,1464,1465]],"type":"Polygon","properties":{"lc_ply_pid":"10636","dt_create":"2017-06-02Z","dt_retire":null,"loc_pid":"VIC351","vic_locali":"2017-02-02Z","vic_loca_1":null,"vic_loca_2":"BROOKFIELD","vic_loca_3":null,"vic_loca_4":null,"vic_loca_5":"G","vic_loca_6":null,"vic_loca_7":"2"},"id":"ckan_af33dd8c_0534_4e18_9245_fc64440f742e.2722"},{"arcs":[[1466,1467,-1465,-267,1468]],"type":"Polygon","properties":{"lc_ply_pid":"10579","dt_create":"2017-06-02Z","dt_retire":null,"loc_pid":"VIC1638","vic_locali":"2017-08-09Z","vic_loca_1":null,"vic_loca_2":"MELTON WEST","vic_loca_3":null,"vic_loca_4":null,"vic_loca_5":"G","vic_loca_6":null,"vic_loca_7":"2"},"id":"ckan_af33dd8c_0534_4e18_9245_fc64440f742e.2723"},{"arcs":[[-1449,1469,1470,-1467,1471]],"type":"Polygon","properties":{"lc_ply_pid":"10648","dt_create":"2017-06-02Z","dt_retire":null,"loc_pid":"VIC3017","vic_locali":"2017-08-09Z","vic_loca_1":null,"vic_loca_2":"HARKNESS","vic_loca_3":null,"vic_loca_4":null,"vic_loca_5":"G","vic_loca_6":null,"vic_loca_7":"2"},"id":"ckan_af33dd8c_0534_4e18_9245_fc64440f742e.2724"},{"arcs":[[1472,-1442,-1463,1473,1474,1475]],"type":"Polygon","properties":{"lc_ply_pid":"10650","dt_create":"2017-06-02Z","dt_retire":null,"loc_pid":"VIC3019","vic_locali":"2017-08-09Z","vic_loca_1":null,"vic_loca_2":"THORNHILL PARK","vic_loca_3":null,"vic_loca_4":null,"vic_loca_5":"G","vic_loca_6":null,"vic_loca_7":"2"},"id":"ckan_af33dd8c_0534_4e18_9245_fc64440f742e.2725"},{"arcs":[[1476,-236,1477,-317,1478]],"type":"Polygon","properties":{"lc_ply_pid":"10611","dt_create":"2017-06-02Z","dt_retire":null,"loc_pid":"VIC2238","vic_locali":"2017-08-09Z","vic_loca_1":null,"vic_loca_2":"SANDRINGHAM","vic_loca_3":null,"vic_loca_4":null,"vic_loca_5":"G","vic_loca_6":null,"vic_loca_7":"2"},"id":"ckan_af33dd8c_0534_4e18_9245_fc64440f742e.2729"},{"arcs":[[-958,-597,-619,1479]],"type":"Polygon","properties":{"lc_ply_pid":"10402","dt_create":"2016-09-09Z","dt_retire":null,"loc_pid":"VIC2794","vic_locali":"2016-11-08Z","vic_loca_1":null,"vic_loca_2":"WILLIAMSTOWN","vic_loca_3":null,"vic_loca_4":null,"vic_loca_5":"G","vic_loca_6":null,"vic_loca_7":"2"},"id":"ckan_af33dd8c_0534_4e18_9245_fc64440f742e.2831"},{"arcs":[[-1478,-240,-704,-448,-1418,-1294,1480,-318]],"type":"Polygon","properties":{"lc_ply_pid":"10599","dt_create":"2017-06-02Z","dt_retire":null,"loc_pid":"VIC537","vic_locali":"2017-08-09Z","vic_loca_1":null,"vic_loca_2":"CHELTENHAM","vic_loca_3":null,"vic_loca_4":null,"vic_loca_5":"G","vic_loca_6":null,"vic_loca_7":"2"},"id":"ckan_af33dd8c_0534_4e18_9245_fc64440f742e.2730"},{"arcs":[[-760,-781,1481,-1085,-1403,-213,-758]],"type":"Polygon","properties":{"lc_ply_pid":"10608","dt_create":"2017-06-02Z","dt_retire":null,"loc_pid":"VIC1001","vic_locali":"2017-08-09Z","vic_loca_1":null,"vic_loca_2":"GLEN IRIS","vic_loca_3":null,"vic_loca_4":null,"vic_loca_5":"G","vic_loca_6":null,"vic_loca_7":"2"},"id":"ckan_af33dd8c_0534_4e18_9245_fc64440f742e.2731"},{"arcs":[[-782,-551,1482,-508,-807,-162,1483]],"type":"Polygon","properties":{"lc_ply_pid":"10603","dt_create":"2017-06-02Z","dt_retire":null,"loc_pid":"VIC2689","vic_locali":"2017-08-09Z","vic_loca_1":null,"vic_loca_2":"WANTIRNA SOUTH","vic_loca_3":null,"vic_loca_4":null,"vic_loca_5":"G","vic_loca_6":null,"vic_loca_7":"2"},"id":"ckan_af33dd8c_0534_4e18_9245_fc64440f742e.2732"},{"arcs":[[-1279,-1394,-1021,1484,-48,-1268,-22]],"type":"Polygon","properties":{"lc_ply_pid":"10627","dt_create":"2017-06-02Z","dt_retire":null,"loc_pid":"VIC2117","vic_locali":"2017-08-09Z","vic_loca_1":null,"vic_loca_2":"PRESTON","vic_loca_3":null,"vic_loca_4":null,"vic_loca_5":"G","vic_loca_6":null,"vic_loca_7":"2"},"id":"ckan_af33dd8c_0534_4e18_9245_fc64440f742e.2733"},{"arcs":[[-1437,1485,-920,-14,-127]],"type":"Polygon","properties":{"lc_ply_pid":"10652","dt_create":"2017-06-02Z","dt_retire":null,"loc_pid":"VIC1677","vic_locali":"2017-08-09Z","vic_loca_1":null,"vic_loca_2":"MILL PARK","vic_loca_3":null,"vic_loca_4":null,"vic_loca_5":"G","vic_loca_6":null,"vic_loca_7":"2"},"id":"ckan_af33dd8c_0534_4e18_9245_fc64440f742e.2734"},{"arcs":[[-883,-890,-1245,1486,1487]],"type":"Polygon","properties":{"lc_ply_pid":"10602","dt_create":"2017-06-02Z","dt_retire":null,"loc_pid":"VIC2486","vic_locali":"2017-08-09Z","vic_loca_1":null,"vic_loca_2":"TEMPLESTOWE LOWER","vic_loca_3":null,"vic_loca_4":null,"vic_loca_5":"G","vic_loca_6":null,"vic_loca_7":"2"},"id":"ckan_af33dd8c_0534_4e18_9245_fc64440f742e.2735"},{"arcs":[[-1264,-911,-1097,1488,-1487,-1244]],"type":"Polygon","properties":{"lc_ply_pid":"10601","dt_create":"2017-06-02Z","dt_retire":null,"loc_pid":"VIC2485","vic_locali":"2017-08-09Z","vic_loca_1":null,"vic_loca_2":"TEMPLESTOWE","vic_loca_3":null,"vic_loca_4":null,"vic_loca_5":"G","vic_loca_6":null,"vic_loca_7":"2"},"id":"ckan_af33dd8c_0534_4e18_9245_fc64440f742e.2736"},{"arcs":[[-1048,-1263,-1246,-1224,1489,-918,-986,-795,1490]],"type":"Polygon","properties":{"lc_ply_pid":"10621","dt_create":"2017-06-02Z","dt_retire":null,"loc_pid":"VIC747","vic_locali":"2017-08-09Z","vic_loca_1":null,"vic_loca_2":"DIAMOND CREEK","vic_loca_3":null,"vic_loca_4":null,"vic_loca_5":"G","vic_loca_6":null,"vic_loca_7":"2"},"id":"ckan_af33dd8c_0534_4e18_9245_fc64440f742e.2737"},{"arcs":[[-524,-286,1491]],"type":"Polygon","properties":{"lc_ply_pid":"10570","dt_create":"2017-02-27Z","dt_retire":null,"loc_pid":"VIC668","vic_locali":"2017-05-02Z","vic_loca_1":null,"vic_loca_2":"CREMORNE","vic_loca_3":null,"vic_loca_4":null,"vic_loca_5":"G","vic_loca_6":null,"vic_loca_7":"2"},"id":"ckan_af33dd8c_0534_4e18_9245_fc64440f742e.2832"},{"arcs":[[-794,-1107,-1045,-1491]],"type":"Polygon","properties":{"lc_ply_pid":"10625","dt_create":"2017-06-02Z","dt_retire":null,"loc_pid":"VIC2731","vic_locali":"2017-08-09Z","vic_loca_1":null,"vic_loca_2":"WATTLE GLEN","vic_loca_3":null,"vic_loca_4":null,"vic_loca_5":"G","vic_loca_6":null,"vic_loca_7":"2"},"id":"ckan_af33dd8c_0534_4e18_9245_fc64440f742e.2738"},{"arcs":[[-916,-1486,-1436,-1311,-1100,-1104,-987]],"type":"Polygon","properties":{"lc_ply_pid":"10696","dt_create":"2017-06-02Z","dt_retire":null,"loc_pid":"VIC2316","vic_locali":"2017-08-09Z","vic_loca_1":null,"vic_loca_2":"SOUTH MORANG","vic_loca_3":null,"vic_loca_4":null,"vic_loca_5":"G","vic_loca_6":null,"vic_loca_7":"2"},"id":"ckan_af33dd8c_0534_4e18_9245_fc64440f742e.2739"},{"arcs":[[-929,-1200,-1119,-1252,-137,1492,-119,-1032,-539]],"type":"Polygon","properties":{"lc_ply_pid":"10370","dt_create":"2016-09-09Z","dt_retire":null,"loc_pid":"VIC743","vic_locali":"2016-11-08Z","vic_loca_1":null,"vic_loca_2":"DEVON MEADOWS","vic_loca_3":null,"vic_loca_4":null,"vic_loca_5":"G","vic_loca_6":null,"vic_loca_7":"2"},"id":"ckan_af33dd8c_0534_4e18_9245_fc64440f742e.2842"},{"arcs":[[-1455,-869,-1026,-1409,-1438]],"type":"Polygon","properties":{"lc_ply_pid":"10673","dt_create":"2017-06-02Z","dt_retire":null,"loc_pid":"VIC738","vic_locali":"2017-08-09Z","vic_loca_1":null,"vic_loca_2":"DERRIMUT","vic_loca_3":null,"vic_loca_4":null,"vic_loca_5":"G","vic_loca_6":null,"vic_loca_7":"2"},"id":"ckan_af33dd8c_0534_4e18_9245_fc64440f742e.2745"},{"arcs":[[-1081,-527,1493,-1156,1494,1495]],"type":"Polygon","properties":{"lc_ply_pid":"10671","dt_create":"2017-06-02Z","dt_retire":null,"loc_pid":"VIC363","vic_locali":"2017-08-09Z","vic_loca_1":null,"vic_loca_2":"BRUNSWICK WEST","vic_loca_3":null,"vic_loca_4":null,"vic_loca_5":"G","vic_loca_6":null,"vic_loca_7":"2"},"id":"ckan_af33dd8c_0534_4e18_9245_fc64440f742e.2746"},{"arcs":[[1496,-1422,-105,-1254,-1082,-1496]],"type":"Polygon","properties":{"lc_ply_pid":"10672","dt_create":"2017-06-02Z","dt_retire":null,"loc_pid":"VIC361","vic_locali":"2017-08-09Z","vic_loca_1":null,"vic_loca_2":"BRUNSWICK","vic_loca_3":null,"vic_loca_4":null,"vic_loca_5":"G","vic_loca_6":null,"vic_loca_7":"2"},"id":"ckan_af33dd8c_0534_4e18_9245_fc64440f742e.2747"},{"arcs":[[-1466,1497,1498,-1461,1499]],"type":"Polygon","properties":{"lc_ply_pid":"10637","dt_create":"2017-06-02Z","dt_retire":null,"loc_pid":"VIC1637","vic_locali":"2017-08-09Z","vic_loca_1":null,"vic_loca_2":"MELTON SOUTH","vic_loca_3":null,"vic_loca_4":null,"vic_loca_5":"G","vic_loca_6":null,"vic_loca_7":"2"},"id":"ckan_af33dd8c_0534_4e18_9245_fc64440f742e.2748"},{"arcs":[[-1460,-1440,-371,-1464,-1500]],"type":"Polygon","properties":{"lc_ply_pid":"10651","dt_create":"2017-06-02Z","dt_retire":null,"loc_pid":"VIC3020","vic_locali":"2017-08-09Z","vic_loca_1":null,"vic_loca_2":"WEIR VIEWS","vic_loca_3":null,"vic_loca_4":null,"vic_loca_5":"G","vic_loca_6":null,"vic_loca_7":"2"},"id":"ckan_af33dd8c_0534_4e18_9245_fc64440f742e.2749"},{"arcs":[[1500,-1474,-1462,-1499]],"type":"Polygon","properties":{"lc_ply_pid":"10643","dt_create":"2017-06-02Z","dt_retire":null,"loc_pid":"VIC3012","vic_locali":"2017-08-09Z","vic_loca_1":null,"vic_loca_2":"COBBLEBANK","vic_loca_3":null,"vic_loca_4":null,"vic_loca_5":"G","vic_loca_6":null,"vic_loca_7":"2"},"id":"ckan_af33dd8c_0534_4e18_9245_fc64440f742e.2750"},{"arcs":[[-1469,-266,1501,-989,-1450,-1472]],"type":"Polygon","properties":{"lc_ply_pid":"10578","dt_create":"2017-06-02Z","dt_retire":null,"loc_pid":"VIC1528","vic_locali":"2017-08-09Z","vic_loca_1":null,"vic_loca_2":"LONG FOREST","vic_loca_3":null,"vic_loca_4":null,"vic_loca_5":"G","vic_loca_6":null,"vic_loca_7":"2"},"id":"ckan_af33dd8c_0534_4e18_9245_fc64440f742e.2751"},{"arcs":[[-1470,-1448,1502]],"type":"Polygon","properties":{"lc_ply_pid":"10668","dt_create":"2017-06-02Z","dt_retire":null,"loc_pid":"VIC1405","vic_locali":"2017-08-09Z","vic_loca_1":null,"vic_loca_2":"KURUNJANG","vic_loca_3":null,"vic_loca_4":null,"vic_loca_5":"G","vic_loca_6":null,"vic_loca_7":"2"},"id":"ckan_af33dd8c_0534_4e18_9245_fc64440f742e.2752"},{"arcs":[[-1473,1503,-1451,-1443]],"type":"Polygon","properties":{"lc_ply_pid":"10645","dt_create":"2017-06-02Z","dt_retire":null,"loc_pid":"VIC3014","vic_locali":"2017-08-09Z","vic_loca_1":null,"vic_loca_2":"FIELDSTONE","vic_loca_3":null,"vic_loca_4":null,"vic_loca_5":"G","vic_loca_6":null,"vic_loca_7":"2"},"id":"ckan_af33dd8c_0534_4e18_9245_fc64440f742e.2753"},{"arcs":[[-1504,-1476,1504,1505,-1452]],"type":"Polygon","properties":{"lc_ply_pid":"10639","dt_create":"2017-06-02Z","dt_retire":null,"loc_pid":"VIC2187","vic_locali":"2017-08-09Z","vic_loca_1":null,"vic_loca_2":"ROCKBANK","vic_loca_3":null,"vic_loca_4":null,"vic_loca_5":"G","vic_loca_6":null,"vic_loca_7":"2"},"id":"ckan_af33dd8c_0534_4e18_9245_fc64440f742e.2754"},{"arcs":[[-1453,-1506,1506,1507,1508]],"type":"Polygon","properties":{"lc_ply_pid":"10641","dt_create":"2017-06-02Z","dt_retire":null,"loc_pid":"VIC3010","vic_locali":"2017-08-09Z","vic_loca_1":null,"vic_loca_2":"AINTREE","vic_loca_3":null,"vic_loca_4":null,"vic_loca_5":"G","vic_loca_6":null,"vic_loca_7":"2"},"id":"ckan_af33dd8c_0534_4e18_9245_fc64440f742e.2755"},{"arcs":[[1509,1510,-1337,-947,-1416]],"type":"Polygon","properties":{"lc_ply_pid":"10679","dt_create":"2017-06-02Z","dt_retire":null,"loc_pid":"VIC1310","vic_locali":"2017-08-09Z","vic_loca_1":null,"vic_loca_2":"KEILOR DOWNS","vic_loca_3":null,"vic_loca_4":null,"vic_loca_5":"G","vic_loca_6":null,"vic_loca_7":"2"},"id":"ckan_af33dd8c_0534_4e18_9245_fc64440f742e.2756"},{"arcs":[[-1412,1511,1512,-1456,-1347,1513]],"type":"Polygon","properties":{"lc_ply_pid":"10598","dt_create":"2017-06-02Z","dt_retire":null,"loc_pid":"VIC2984","vic_locali":"2017-08-09Z","vic_loca_1":null,"vic_loca_2":"HILLSIDE","vic_loca_3":null,"vic_loca_4":"3037","vic_loca_5":"G","vic_loca_6":null,"vic_loca_7":"2"},"id":"ckan_af33dd8c_0534_4e18_9245_fc64440f742e.2757"},{"arcs":[[-715,-860,1514,1515,-277,1516]],"type":"Polygon","properties":{"lc_ply_pid":"10572","dt_create":"2017-02-27Z","dt_retire":null,"loc_pid":"VIC2333","vic_locali":"2017-05-02Z","vic_loca_1":null,"vic_loca_2":"SPRINGVALE","vic_loca_3":null,"vic_loca_4":null,"vic_loca_5":"G","vic_loca_6":null,"vic_loca_7":"2"},"id":"ckan_af33dd8c_0534_4e18_9245_fc64440f742e.2803"},{"arcs":[[-1510,1517,-1350,-1352,-1368,1518]],"type":"Polygon","properties":{"lc_ply_pid":"10677","dt_create":"2017-06-02Z","dt_retire":null,"loc_pid":"VIC2476","vic_locali":"2017-08-09Z","vic_loca_1":null,"vic_loca_2":"TAYLORS LAKES","vic_loca_3":null,"vic_loca_4":null,"vic_loca_5":"G","vic_loca_6":null,"vic_loca_7":"2"},"id":"ckan_af33dd8c_0534_4e18_9245_fc64440f742e.2758"},{"arcs":[[-1423,-1497,-1495,-1155,-51,-43,-1485,-1020]],"type":"Polygon","properties":{"lc_ply_pid":"10628","dt_create":"2017-06-02Z","dt_retire":null,"loc_pid":"VIC593","vic_locali":"2017-08-09Z","vic_loca_1":null,"vic_loca_2":"COBURG","vic_loca_3":null,"vic_loca_4":null,"vic_loca_5":"G","vic_loca_6":null,"vic_loca_7":"2"},"id":"ckan_af33dd8c_0534_4e18_9245_fc64440f742e.2759"},{"arcs":[[-1481,-1293,1519,-315]],"type":"Polygon","properties":{"lc_ply_pid":"10600","dt_create":"2017-06-02Z","dt_retire":null,"loc_pid":"VIC182","vic_locali":"2017-08-09Z","vic_loca_1":null,"vic_loca_2":"BEAUMARIS","vic_loca_3":null,"vic_loca_4":null,"vic_loca_5":"G","vic_loca_6":null,"vic_loca_7":"2"},"id":"ckan_af33dd8c_0534_4e18_9245_fc64440f742e.2760"},{"arcs":[[1520,-1397,-806,-453,-237,-1477]],"type":"Polygon","properties":{"lc_ply_pid":"10615","dt_create":"2017-06-02Z","dt_retire":null,"loc_pid":"VIC1123","vic_locali":"2017-08-09Z","vic_loca_1":null,"vic_loca_2":"HAMPTON","vic_loca_3":null,"vic_loca_4":null,"vic_loca_5":"G","vic_loca_6":null,"vic_loca_7":"2"},"id":"ckan_af33dd8c_0534_4e18_9245_fc64440f742e.2761"},{"arcs":[[-1093,-772,-783,-1484,-166]],"type":"Polygon","properties":{"lc_ply_pid":"10604","dt_create":"2017-06-02Z","dt_retire":null,"loc_pid":"VIC2246","vic_locali":"2017-08-09Z","vic_loca_1":null,"vic_loca_2":"SCORESBY","vic_loca_3":null,"vic_loca_4":null,"vic_loca_5":"G","vic_loca_6":null,"vic_loca_7":"2"},"id":"ckan_af33dd8c_0534_4e18_9245_fc64440f742e.2762"},{"arcs":[[-1360,-762,-1086,-1482,-780,-730]],"type":"Polygon","properties":{"lc_ply_pid":"10607","dt_create":"2017-06-02Z","dt_retire":null,"loc_pid":"VIC1144","vic_locali":"2017-08-09Z","vic_loca_1":null,"vic_loca_2":"HAWTHORN EAST","vic_loca_3":null,"vic_loca_4":null,"vic_loca_5":"G","vic_loca_6":null,"vic_loca_7":"2"},"id":"ckan_af33dd8c_0534_4e18_9245_fc64440f742e.2763"},{"arcs":[[-273,-648,-1424,-1024,1521]],"type":"Polygon","properties":{"lc_ply_pid":"10618","dt_create":"2017-06-02Z","dt_retire":null,"loc_pid":"VIC1967","vic_locali":"2017-08-09Z","vic_loca_1":null,"vic_loca_2":"NORTHCOTE","vic_loca_3":null,"vic_loca_4":null,"vic_loca_5":"G","vic_loca_6":null,"vic_loca_7":"2"},"id":"ckan_af33dd8c_0534_4e18_9245_fc64440f742e.2764"},{"arcs":[[-570,-274,-1522,-1023,-685,-1358]],"type":"Polygon","properties":{"lc_ply_pid":"10619","dt_create":"2017-06-02Z","dt_retire":null,"loc_pid":"VIC892","vic_locali":"2017-08-09Z","vic_loca_1":null,"vic_loca_2":"FAIRFIELD","vic_loca_3":null,"vic_loca_4":null,"vic_loca_5":"G","vic_loca_6":null,"vic_loca_7":"2"},"id":"ckan_af33dd8c_0534_4e18_9245_fc64440f742e.2765"},{"arcs":[[-368,-89,-1356,-1134,-1319,-1153,-1494,-526]],"type":"Polygon","properties":{"lc_ply_pid":"10517","dt_create":"2017-02-27Z","dt_retire":null,"loc_pid":"VIC877","vic_locali":"2017-05-02Z","vic_loca_1":null,"vic_loca_2":"ESSENDON","vic_loca_3":null,"vic_loca_4":null,"vic_loca_5":"G","vic_loca_6":null,"vic_loca_7":"2"},"id":"ckan_af33dd8c_0534_4e18_9245_fc64440f742e.2800"},{"arcs":[[-1318,-833,-529,-54]],"type":"Polygon","properties":{"lc_ply_pid":"10559","dt_create":"2017-02-27Z","dt_retire":null,"loc_pid":"VIC1994","vic_locali":"2017-05-02Z","vic_loca_1":null,"vic_loca_2":"OAK PARK","vic_loca_3":null,"vic_loca_4":null,"vic_loca_5":"G","vic_loca_6":null,"vic_loca_7":"2"},"id":"ckan_af33dd8c_0534_4e18_9245_fc64440f742e.2801"},{"arcs":[[-712,-1517,-280,-180,-57]],"type":"Polygon","properties":{"lc_ply_pid":"10573","dt_create":"2017-02-27Z","dt_retire":null,"loc_pid":"VIC1948","vic_locali":"2017-05-02Z","vic_loca_1":null,"vic_loca_2":"NOBLE PARK","vic_loca_3":null,"vic_loca_4":null,"vic_loca_5":"G","vic_loca_6":null,"vic_loca_7":"2"},"id":"ckan_af33dd8c_0534_4e18_9245_fc64440f742e.2802"},{"arcs":[[1522,-525,-1492,-285,-81,-1306]],"type":"Polygon","properties":{"lc_ply_pid":"10571","dt_create":"2017-02-27Z","dt_retire":null,"loc_pid":"VIC2318","vic_locali":"2017-05-02Z","vic_loca_1":null,"vic_loca_2":"SOUTH YARRA","vic_loca_3":null,"vic_loca_4":null,"vic_loca_5":"G","vic_loca_6":null,"vic_loca_7":"2"},"id":"ckan_af33dd8c_0534_4e18_9245_fc64440f742e.2804"},{"arcs":[[-120,-1493,-136,-1260,-1374,1523,1524]],"type":"Polygon","properties":{"lc_ply_pid":"10540","dt_create":"2017-02-27Z","dt_retire":null,"loc_pid":"VIC662","vic_locali":"2017-05-02Z","vic_loca_1":null,"vic_loca_2":"CRANBOURNE EAST","vic_loca_3":null,"vic_loca_4":null,"vic_loca_5":"G","vic_loca_6":null,"vic_loca_7":"2"},"id":"ckan_af33dd8c_0534_4e18_9245_fc64440f742e.2815"},{"arcs":[[1525,-1371,-1015,-1117,1526,-1059,-121,-1525]],"type":"Polygon","properties":{"lc_ply_pid":"10531","dt_create":"2017-02-27Z","dt_retire":null,"loc_pid":"VIC580","vic_locali":"2017-05-02Z","vic_loca_1":null,"vic_loca_2":"CLYDE NORTH","vic_loca_3":null,"vic_loca_4":null,"vic_loca_5":"G","vic_loca_6":null,"vic_loca_7":"2"},"id":"ckan_af33dd8c_0534_4e18_9245_fc64440f742e.2816"},{"arcs":[[-1310,-1111,-1064,-1426,-151]],"type":"Polygon","properties":{"lc_ply_pid":"10548","dt_create":"2017-02-27Z","dt_retire":null,"loc_pid":"VIC768","vic_locali":"2017-05-02Z","vic_loca_1":null,"vic_loca_2":"DONNYBROOK","vic_loca_3":null,"vic_loca_4":null,"vic_loca_5":"G","vic_loca_6":null,"vic_loca_7":"2"},"id":"ckan_af33dd8c_0534_4e18_9245_fc64440f742e.2817"},{"arcs":[[-620,-482,-443,-512]],"type":"Polygon","properties":{"lc_ply_pid":"10533","dt_create":"2017-02-27Z","dt_retire":null,"loc_pid":"VIC2260","vic_locali":"2017-05-02Z","vic_loca_1":null,"vic_loca_2":"SEDDON","vic_loca_3":null,"vic_loca_4":null,"vic_loca_5":"G","vic_loca_6":null,"vic_loca_7":"2"},"id":"ckan_af33dd8c_0534_4e18_9245_fc64440f742e.2806"},{"arcs":[[-900,-810,-1179,-1362,-42,1527,-971,-1277]],"type":"Polygon","properties":{"lc_ply_pid":"10349","dt_create":"2016-09-09Z","dt_retire":null,"loc_pid":"VIC1349","vic_locali":"2016-11-08Z","vic_loca_1":null,"vic_loca_2":"KILSYTH","vic_loca_3":null,"vic_loca_4":null,"vic_loca_5":"G","vic_loca_6":null,"vic_loca_7":"2"},"id":"ckan_af33dd8c_0534_4e18_9245_fc64440f742e.2843"},{"arcs":[[1528,-656,-1282,-1336,-972,-1528,-41,1529]],"type":"Polygon","properties":{"lc_ply_pid":"10348","dt_create":"2016-09-09Z","dt_retire":null,"loc_pid":"VIC680","vic_locali":"2016-11-08Z","vic_loca_1":null,"vic_loca_2":"CROYDON","vic_loca_3":null,"vic_loca_4":null,"vic_loca_5":"G","vic_loca_6":null,"vic_loca_7":"2"},"id":"ckan_af33dd8c_0534_4e18_9245_fc64440f742e.2844"},{"arcs":[[-1286,-153,-1425,1530]],"type":"Polygon","properties":{"lc_ply_pid":"10394","dt_create":"2016-09-09Z","dt_retire":null,"loc_pid":"VIC837","vic_locali":"2016-11-08Z","vic_loca_1":null,"vic_loca_2":"EDEN PARK","vic_loca_3":null,"vic_loca_4":null,"vic_loca_5":"G","vic_loca_6":null,"vic_loca_7":"2"},"id":"ckan_af33dd8c_0534_4e18_9245_fc64440f742e.2846"},{"arcs":[[1531,-895,-842,1532,-1011]],"type":"Polygon","properties":{"lc_ply_pid":"10170","dt_create":"2015-09-03Z","dt_retire":null,"loc_pid":"VIC1131","vic_locali":"2015-11-09Z","vic_loca_1":null,"vic_loca_2":"HARKAWAY","vic_loca_3":null,"vic_loca_4":null,"vic_loca_5":"G","vic_loca_6":null,"vic_loca_7":"2"},"id":"ckan_af33dd8c_0534_4e18_9245_fc64440f742e.2858"},{"arcs":[[-1276,-1274,-680,-7,-1273,-1320,-16,-919,-1490,-1223,-1249]],"type":"Polygon","properties":{"lc_ply_pid":"10153","dt_create":"2015-09-03Z","dt_retire":null,"loc_pid":"VIC1096","vic_locali":"2015-11-09Z","vic_loca_1":null,"vic_loca_2":"GREENSBOROUGH","vic_loca_3":null,"vic_loca_4":null,"vic_loca_5":"G","vic_loca_6":null,"vic_loca_7":"2"},"id":"ckan_af33dd8c_0534_4e18_9245_fc64440f742e.2859"},{"arcs":[[[-1432,1533]],[[-1434,1534]]],"type":"MultiPolygon","properties":{"lc_ply_pid":"10147","dt_create":"2015-09-03Z","dt_retire":null,"loc_pid":"VIC387","vic_locali":"2015-11-09Z","vic_loca_1":null,"vic_loca_2":"BULLENGAROOK","vic_loca_3":null,"vic_loca_4":null,"vic_loca_5":"G","vic_loca_6":null,"vic_loca_7":"2"},"id":"ckan_af33dd8c_0534_4e18_9245_fc64440f742e.2869"},{"arcs":[[-926,-537,1535]],"type":"Polygon","properties":{"lc_ply_pid":"10155","dt_create":"2015-09-03Z","dt_retire":null,"loc_pid":"VIC2699","vic_locali":"2015-11-09Z","vic_loca_1":null,"vic_loca_2":"WARNEET","vic_loca_3":null,"vic_loca_4":null,"vic_loca_5":"G","vic_loca_6":null,"vic_loca_7":"2"},"id":"ckan_af33dd8c_0534_4e18_9245_fc64440f742e.2878"},{"arcs":[[-1533,-841,-1017,-1012]],"type":"Polygon","properties":{"lc_ply_pid":"10171","dt_create":"2015-09-03Z","dt_retire":null,"loc_pid":"VIC1113","vic_locali":"2015-11-09Z","vic_loca_1":null,"vic_loca_2":"GUYS HILL","vic_loca_3":null,"vic_loca_4":null,"vic_loca_5":"G","vic_loca_6":null,"vic_loca_7":"2"},"id":"ckan_af33dd8c_0534_4e18_9245_fc64440f742e.2879"},{"arcs":[[-1389,-1383,1536,-1126,-1209]],"type":"Polygon","properties":{"lc_ply_pid":"10127","dt_create":"2015-09-03Z","dt_retire":null,"loc_pid":"VIC2539","vic_locali":"2015-11-09Z","vic_loca_1":null,"vic_loca_2":"TOOLANGI","vic_loca_3":null,"vic_loca_4":null,"vic_loca_5":"G","vic_loca_6":null,"vic_loca_7":"2"},"id":"ckan_af33dd8c_0534_4e18_9245_fc64440f742e.2889"},{"arcs":[[-516,-1523,-1305,-775,-349,-86]],"type":"Polygon","properties":{"lc_ply_pid":"10162","dt_create":"2015-09-03Z","dt_retire":null,"loc_pid":"VIC2114","vic_locali":"2015-11-09Z","vic_loca_1":null,"vic_loca_2":"PRAHRAN","vic_loca_3":null,"vic_loca_4":null,"vic_loca_5":"G","vic_loca_6":null,"vic_loca_7":"2"},"id":"ckan_af33dd8c_0534_4e18_9245_fc64440f742e.2880"},{"arcs":[[1537,1538,-269,-1234,1539]],"type":"Polygon","properties":{"lc_ply_pid":"10092","dt_create":"2015-09-03Z","dt_retire":null,"loc_pid":"VIC1727","vic_locali":"2015-11-09Z","vic_loca_1":null,"vic_loca_2":"MONT ALBERT NORTH","vic_loca_3":null,"vic_loca_4":null,"vic_loca_5":"G","vic_loca_6":null,"vic_loca_7":"2"},"id":"ckan_af33dd8c_0534_4e18_9245_fc64440f742e.2881"},{"arcs":[[-1233,-1402,-1400,-878,1540,-1540]],"type":"Polygon","properties":{"lc_ply_pid":"10126","dt_create":"2015-09-03Z","dt_retire":null,"loc_pid":"VIC123","vic_locali":"2015-11-09Z","vic_loca_1":null,"vic_loca_2":"BALWYN NORTH","vic_loca_3":null,"vic_loca_4":null,"vic_loca_5":"G","vic_loca_6":null,"vic_loca_7":"2"},"id":"ckan_af33dd8c_0534_4e18_9245_fc64440f742e.2882"},{"arcs":[[1541,-766,-875,-621,-1539]],"type":"Polygon","properties":{"lc_ply_pid":"10149","dt_create":"2015-09-03Z","dt_retire":null,"loc_pid":"VIC314","vic_locali":"2015-11-09Z","vic_loca_1":null,"vic_loca_2":"BOX HILL NORTH","vic_loca_3":null,"vic_loca_4":null,"vic_loca_5":"G","vic_loca_6":null,"vic_loca_7":"2"},"id":"ckan_af33dd8c_0534_4e18_9245_fc64440f742e.2883"},{"arcs":[[-884,-1488,-1489,-1096,-1542,-1538,-1541]],"type":"Polygon","properties":{"lc_ply_pid":"10091","dt_create":"2015-09-03Z","dt_retire":null,"loc_pid":"VIC766","vic_locali":"2015-11-09Z","vic_loca_1":null,"vic_loca_2":"DONCASTER","vic_loca_3":null,"vic_loca_4":null,"vic_loca_5":"G","vic_loca_6":null,"vic_loca_7":"2"},"id":"ckan_af33dd8c_0534_4e18_9245_fc64440f742e.2884"},{"arcs":[[-626,-1088,1542,-1140]],"type":"Polygon","properties":{"lc_ply_pid":"10102","dt_create":"2015-09-03Z","dt_retire":null,"loc_pid":"VIC1700","vic_locali":"2015-11-09Z","vic_loca_1":null,"vic_loca_2":"MITCHAM","vic_loca_3":null,"vic_loca_4":null,"vic_loca_5":"G","vic_loca_6":null,"vic_loca_7":"2"},"id":"ckan_af33dd8c_0534_4e18_9245_fc64440f742e.2885"},{"arcs":[[-863,-821,-1388,-1218,-896,-1532,-1010,1543]],"type":"Polygon","properties":{"lc_ply_pid":"10032","dt_create":"2014-05-22Z","dt_retire":null,"loc_pid":"VIC1891","vic_locali":"2014-08-02Z","vic_loca_1":null,"vic_loca_2":"NARRE WARREN NORTH","vic_loca_3":null,"vic_loca_4":null,"vic_loca_5":"G","vic_loca_6":null,"vic_loca_7":"2"},"id":"ckan_af33dd8c_0534_4e18_9245_fc64440f742e.2899"},{"arcs":[[-999,-864,-1544,-1009,-1309]],"type":"Polygon","properties":{"lc_ply_pid":"10033","dt_create":"2014-05-22Z","dt_retire":null,"loc_pid":"VIC1889","vic_locali":"2014-08-02Z","vic_loca_1":null,"vic_loca_2":"NARRE WARREN","vic_loca_3":null,"vic_loca_4":null,"vic_loca_5":"G","vic_loca_6":null,"vic_loca_7":"2"},"id":"ckan_af33dd8c_0534_4e18_9245_fc64440f742e.2900"},{"arcs":[[-1050,1544]],"type":"Polygon","properties":{"lc_ply_pid":"10036","dt_create":"2014-05-22Z","dt_retire":null,"loc_pid":"VIC2109","vic_locali":"2014-08-02Z","vic_loca_1":null,"vic_loca_2":"PORTSEA","vic_loca_3":null,"vic_loca_4":null,"vic_loca_5":"G","vic_loca_6":null,"vic_loca_7":"2"},"id":"ckan_af33dd8c_0534_4e18_9245_fc64440f742e.2903"},{"arcs":[[-1052,-1073,1545,1546,1547,1548,-739]],"type":"Polygon","properties":{"lc_ply_pid":"10258","dt_create":"2016-02-26Z","dt_retire":null,"loc_pid":"VIC1656","vic_locali":"2016-05-05Z","vic_loca_1":null,"vic_loca_2":"MERRICKS","vic_loca_3":null,"vic_loca_4":null,"vic_loca_5":"G","vic_loca_6":null,"vic_loca_7":"2"},"id":"ckan_af33dd8c_0534_4e18_9245_fc64440f742e.2934"},{"arcs":[[-1041,-1057,-1527,-1116,-1315]],"type":"Polygon","properties":{"lc_ply_pid":"10263","dt_create":"2016-02-26Z","dt_retire":null,"loc_pid":"VIC2003","vic_locali":"2016-05-05Z","vic_loca_1":null,"vic_loca_2":"OFFICER SOUTH","vic_loca_3":null,"vic_loca_4":null,"vic_loca_5":"G","vic_loca_6":null,"vic_loca_7":"2"},"id":"ckan_af33dd8c_0534_4e18_9245_fc64440f742e.2935"},{"arcs":[[1549,-1141,-1543,-1087,-231,-598,-657,-1529,1550,-419]],"type":"Polygon","properties":{"lc_ply_pid":"10266","dt_create":"2016-02-26Z","dt_retire":null,"loc_pid":"VIC2171","vic_locali":"2016-05-05Z","vic_loca_1":null,"vic_loca_2":"RINGWOOD","vic_loca_3":null,"vic_loca_4":null,"vic_loca_5":"G","vic_loca_6":null,"vic_loca_7":"2"},"id":"ckan_af33dd8c_0534_4e18_9245_fc64440f742e.2936"},{"arcs":[[-1515,-862,-190,-828,-396,-754,-307,1551]],"type":"Polygon","properties":{"lc_ply_pid":"10069","dt_create":"2015-02-24Z","dt_retire":null,"loc_pid":"VIC567","vic_locali":"2015-04-27Z","vic_loca_1":null,"vic_loca_2":"CLAYTON","vic_loca_3":null,"vic_loca_4":null,"vic_loca_5":"G","vic_loca_6":null,"vic_loca_7":"2"},"id":"ckan_af33dd8c_0534_4e18_9245_fc64440f742e.2907"},{"arcs":[[-1269,-278,-1516,-1552,-306,-784,-774,-1092]],"type":"Polygon","properties":{"lc_ply_pid":"10070","dt_create":"2015-02-24Z","dt_retire":null,"loc_pid":"VIC1823","vic_locali":"2015-04-27Z","vic_loca_1":null,"vic_loca_2":"MULGRAVE","vic_loca_3":null,"vic_loca_4":null,"vic_loca_5":"G","vic_loca_6":null,"vic_loca_7":"2"},"id":"ckan_af33dd8c_0534_4e18_9245_fc64440f742e.2908"},{"arcs":[[-491,-1130,-1370,1552,1553]],"type":"Polygon","properties":{"lc_ply_pid":"10243","dt_create":"2016-02-26Z","dt_retire":null,"loc_pid":"VIC1773","vic_locali":"2016-05-05Z","vic_loca_1":null,"vic_loca_2":"MOUNT BURNETT","vic_loca_3":null,"vic_loca_4":null,"vic_loca_5":"G","vic_loca_6":null,"vic_loca_7":"2"},"id":"ckan_af33dd8c_0534_4e18_9245_fc64440f742e.2940"},{"arcs":[[-322,-1197,-1036,1554,1555]],"type":"Polygon","properties":{"lc_ply_pid":"10260","dt_create":"2016-02-26Z","dt_retire":null,"loc_pid":"VIC922","vic_locali":"2016-05-05Z","vic_loca_1":null,"vic_loca_2":"FLINDERS","vic_loca_3":null,"vic_loca_4":null,"vic_loca_5":"G","vic_loca_6":null,"vic_loca_7":"2"},"id":"ckan_af33dd8c_0534_4e18_9245_fc64440f742e.2915"},{"arcs":[[-1039,-740,-1549,1556,1557,-1555]],"type":"Polygon","properties":{"lc_ply_pid":"10253","dt_create":"2016-02-26Z","dt_retire":null,"loc_pid":"VIC2284","vic_locali":"2016-05-05Z","vic_loca_1":null,"vic_loca_2":"SHOREHAM","vic_loca_3":null,"vic_loca_4":null,"vic_loca_5":"G","vic_loca_6":null,"vic_loca_7":"2"},"id":"ckan_af33dd8c_0534_4e18_9245_fc64440f742e.2916"},{"arcs":[[1558,-1546,-1072,1559]],"type":"Polygon","properties":{"lc_ply_pid":"10251","dt_create":"2016-02-26Z","dt_retire":null,"loc_pid":"VIC1657","vic_locali":"2016-05-05Z","vic_loca_1":null,"vic_loca_2":"MERRICKS BEACH","vic_loca_3":null,"vic_loca_4":null,"vic_loca_5":"G","vic_loca_6":null,"vic_loca_7":"2"},"id":"ckan_af33dd8c_0534_4e18_9245_fc64440f742e.2927"},{"arcs":[[1560,-1560,-1071,1561]],"type":"Polygon","properties":{"lc_ply_pid":"10252","dt_create":"2016-02-26Z","dt_retire":null,"loc_pid":"VIC120","vic_locali":"2016-05-05Z","vic_loca_1":null,"vic_loca_2":"BALNARRING BEACH","vic_loca_3":null,"vic_loca_4":null,"vic_loca_5":"G","vic_loca_6":null,"vic_loca_7":"2"},"id":"ckan_af33dd8c_0534_4e18_9245_fc64440f742e.2928"},{"arcs":[[-1142,-1550,-418,-505,-1483,-550]],"type":"Polygon","properties":{"lc_ply_pid":"9966","dt_create":"2013-11-26Z","dt_retire":null,"loc_pid":"VIC2688","vic_locali":"2012-04-27Z","vic_loca_1":null,"vic_loca_2":"WANTIRNA","vic_loca_3":null,"vic_loca_4":null,"vic_loca_5":"G","vic_loca_6":null,"vic_loca_7":"2"},"id":"ckan_af33dd8c_0534_4e18_9245_fc64440f742e.2931"},{"arcs":[[-1313,-837,-492,-1554,1562]],"type":"Polygon","properties":{"lc_ply_pid":"10246","dt_create":"2016-02-26Z","dt_retire":null,"loc_pid":"VIC2025","vic_locali":"2016-05-05Z","vic_loca_1":null,"vic_loca_2":"PAKENHAM UPPER","vic_loca_3":null,"vic_loca_4":null,"vic_loca_5":"G","vic_loca_6":null,"vic_loca_7":"2"},"id":"ckan_af33dd8c_0534_4e18_9245_fc64440f742e.2937"},{"arcs":[[-1530,-40,-1361,-420,-1551]],"type":"Polygon","properties":{"lc_ply_pid":"10267","dt_create":"2016-02-26Z","dt_retire":null,"loc_pid":"VIC2172","vic_locali":"2016-05-05Z","vic_loca_1":null,"vic_loca_2":"RINGWOOD EAST","vic_loca_3":null,"vic_loca_4":null,"vic_loca_5":"G","vic_loca_6":null,"vic_loca_7":"2"},"id":"ckan_af33dd8c_0534_4e18_9245_fc64440f742e.2952"},{"arcs":[[-1454,-1509,1563,1564,1565]],"type":"Polygon","properties":{"lc_ply_pid":"10644","dt_create":"2017-06-02Z","dt_retire":null,"loc_pid":"VIC3013","vic_locali":"2017-08-09Z","vic_loca_1":null,"vic_loca_2":"DEANSIDE","vic_loca_3":null,"vic_loca_4":null,"vic_loca_5":"G","vic_loca_6":null,"vic_loca_7":"2"},"id":"ckan_af33dd8c_0534_4e18_9245_fc64440f742e.2962"},{"arcs":[[-1507,-1505,-1475,1566,1567]],"type":"Polygon","properties":{"lc_ply_pid":"10647","dt_create":"2017-06-02Z","dt_retire":null,"loc_pid":"VIC3016","vic_locali":"2017-08-09Z","vic_loca_1":null,"vic_loca_2":"GRANGEFIELDS","vic_loca_3":null,"vic_loca_4":null,"vic_loca_5":"G","vic_loca_6":null,"vic_loca_7":"2"},"id":"ckan_af33dd8c_0534_4e18_9245_fc64440f742e.2963"},{"arcs":[[-1567,-1501,-1498,-1468,-1471,-1503,-1447,-1459]],"type":"Polygon","properties":{"lc_ply_pid":"10669","dt_create":"2017-06-02Z","dt_retire":null,"loc_pid":"VIC1636","vic_locali":"2017-08-09Z","vic_loca_1":null,"vic_loca_2":"MELTON","vic_loca_3":null,"vic_loca_4":null,"vic_loca_5":"G","vic_loca_6":null,"vic_loca_7":"2"},"id":"ckan_af33dd8c_0534_4e18_9245_fc64440f742e.2964"},{"arcs":[[-1564,-1508,-1568,-1458,1568]],"type":"Polygon","properties":{"lc_ply_pid":"10642","dt_create":"2017-06-02Z","dt_retire":null,"loc_pid":"VIC3011","vic_locali":"2017-08-09Z","vic_loca_1":null,"vic_loca_2":"BONNIE BROOK","vic_loca_3":null,"vic_loca_4":null,"vic_loca_5":"G","vic_loca_6":null,"vic_loca_7":"2"},"id":"ckan_af33dd8c_0534_4e18_9245_fc64440f742e.2965"},{"arcs":[[-1346,-1518,-1415,-1413,-1514]],"type":"Polygon","properties":{"lc_ply_pid":"10274","dt_create":"2016-02-26Z","dt_retire":null,"loc_pid":"VIC2417","vic_locali":"2016-05-05Z","vic_loca_1":null,"vic_loca_2":"SYDENHAM","vic_loca_3":null,"vic_loca_4":null,"vic_loca_5":"G","vic_loca_6":null,"vic_loca_7":"2"},"id":"ckan_af33dd8c_0534_4e18_9245_fc64440f742e.2955"},{"arcs":[[-1429,-1375,-1196,-1445]],"type":"Polygon","properties":{"lc_ply_pid":"10681","dt_create":"2017-06-02Z","dt_retire":null,"loc_pid":"VIC992","vic_locali":"2017-08-09Z","vic_loca_1":null,"vic_loca_2":"GISBORNE SOUTH","vic_loca_3":null,"vic_loca_4":null,"vic_loca_5":"G","vic_loca_6":null,"vic_loca_7":"2"},"id":"ckan_af33dd8c_0534_4e18_9245_fc64440f742e.2960"},{"arcs":[[-1548,1569,-1557]],"type":"Polygon","properties":{"lc_ply_pid":"10259","dt_create":"2016-02-26Z","dt_retire":null,"loc_pid":"VIC2083","vic_locali":"2016-05-05Z","vic_loca_1":null,"vic_loca_2":"POINT LEO","vic_loca_3":null,"vic_loca_4":null,"vic_loca_5":"G","vic_loca_6":null,"vic_loca_7":"2"},"id":"ckan_af33dd8c_0534_4e18_9245_fc64440f742e.2961"},{"arcs":[[-1565,-1569,-1457,-1513,1570]],"type":"Polygon","properties":{"lc_ply_pid":"10646","dt_create":"2017-06-02Z","dt_retire":null,"loc_pid":"VIC3015","vic_locali":"2017-08-09Z","vic_loca_1":null,"vic_loca_2":"FRASER RISE","vic_loca_3":null,"vic_loca_4":null,"vic_loca_5":"G","vic_loca_6":null,"vic_loca_7":"2"},"id":"ckan_af33dd8c_0534_4e18_9245_fc64440f742e.2966"},{"arcs":[[-866,-1566,-1571,-1512,-1411,-1363,-906]],"type":"Polygon","properties":{"lc_ply_pid":"10638","dt_create":"2017-06-02Z","dt_retire":null,"loc_pid":"VIC499","vic_locali":"2017-08-09Z","vic_loca_1":null,"vic_loca_2":"CAROLINE SPRINGS","vic_loca_3":null,"vic_loca_4":null,"vic_loca_5":"G","vic_loca_6":null,"vic_loca_7":"2"},"id":"ckan_af33dd8c_0534_4e18_9245_fc64440f742e.2967"},{"arcs":[[-1343,-1338,-1511,-1519,-1367,-1355,1571,-1392]],"type":"Polygon","properties":{"lc_ply_pid":"10678","dt_create":"2017-06-02Z","dt_retire":null,"loc_pid":"VIC1309","vic_locali":"2017-08-09Z","vic_loca_1":null,"vic_loca_2":"KEILOR","vic_loca_3":null,"vic_loca_4":null,"vic_loca_5":"G","vic_loca_6":null,"vic_loca_7":"2"},"id":"ckan_af33dd8c_0534_4e18_9245_fc64440f742e.2968"},{"arcs":[[-203,-1405,-1390,-1572,-1354,1572,-1329,-662]],"type":"Polygon","properties":{"lc_ply_pid":"10667","dt_create":"2017-06-02Z","dt_retire":null,"loc_pid":"VIC1635","vic_locali":"2017-08-09Z","vic_loca_1":null,"vic_loca_2":"MELBOURNE AIRPORT","vic_loca_3":null,"vic_loca_4":null,"vic_loca_5":"G","vic_loca_6":null,"vic_loca_7":"2"},"id":"ckan_af33dd8c_0534_4e18_9245_fc64440f742e.2969"},{"arcs":[[-1353,-1191,-1379,-1172,-1399,-1327,-1573]],"type":"Polygon","properties":{"lc_ply_pid":"10666","dt_create":"2017-06-02Z","dt_retire":null,"loc_pid":"VIC381","vic_locali":"2017-08-09Z","vic_loca_1":null,"vic_loca_2":"BULLA","vic_loca_3":null,"vic_loca_4":null,"vic_loca_5":"G","vic_loca_6":null,"vic_loca_7":"2"},"id":"ckan_af33dd8c_0534_4e18_9245_fc64440f742e.2970"},{"arcs":[[1573,-1562,-1070,-568,1574]],"type":"Polygon","properties":{"lc_ply_pid":"10688","dt_create":"2017-06-02Z","dt_retire":null,"loc_pid":"VIC2308","vic_locali":"2017-08-09Z","vic_loca_1":null,"vic_loca_2":"SOMERS","vic_loca_3":null,"vic_loca_4":null,"vic_loca_5":"G","vic_loca_6":null,"vic_loca_7":"2"},"id":"ckan_af33dd8c_0534_4e18_9245_fc64440f742e.2971"},{"arcs":[[-1575,-567,-877,1575]],"type":"Polygon","properties":{"lc_ply_pid":"10687","dt_create":"2017-06-02Z","dt_retire":null,"loc_pid":"VIC1187","vic_locali":"2017-08-09Z","vic_loca_1":null,"vic_loca_2":"HMAS CERBERUS","vic_loca_3":null,"vic_loca_4":null,"vic_loca_5":"G","vic_loca_6":null,"vic_loca_7":"2"},"id":"ckan_af33dd8c_0534_4e18_9245_fc64440f742e.2972"}]}}}